candidate_index,sample_index,scene_id,target_hash,boundary_type,boundary_side,variant_kind,parent_candidate_index,k,active_ratio,active_count,implementation_delta_norm,implementation_delta_max,task_mixing_amplitude,coherent_mode_amplitude,boundary_metric_code,nominal_eep_gate15,actual_basis_gate15,actual_basis_gate20,actual_basis_mainlobe_gate,predicted_hard_negative,nominal_psll_db,actual_basis_psll_db,nominal_nearest_iso_db,actual_basis_nearest_iso_db,nominal_local_iso_db,actual_basis_local_iso_db,actual_basis_pointing_error_deg,combined_worst_active_rl_db,combined_total_rl_db,task_significant_worst_active_rl_db,robust_active_gate,expected_hfss_case_count
0,200000,gate15_psll_200000_f1bda39aa702b3bd,f1bda39aa702b3bd,psll,control,nominal_control,6,6,0.5234375,134,0.0,0.0,0.0,0.0,0,1,1,1,1,0,-4.086372375488281,-4.086372375488281,25.988174438476562,25.988174438476562,22.345352172851562,22.345352172851562,1.0000000000002647,10.079059086482335,10.77079743920293,10.047109236348899,1,7
1,200000,gate15_psll_200000_f1bda39aa702b3bd,f1bda39aa702b3bd,psll,inside,gate15_psll_inside,6,6,0.5234375,134,0.0896211564540863,0.07346100360155106,0.0,0.27104667648751724,1,1,1,1,1,0,-4.086372375488281,-0.199737548828125,25.988174438476562,25.988174438476562,22.345352172851562,21.932655334472656,1.0001412680852089,0.15609150134492342,10.553251401101999,8.493699855655338,0,7
2,200000,gate15_psll_200000_f1bda39aa702b3bd,f1bda39aa702b3bd,psll,outside,gate15_psll_outside,6,6,0.5234375,134,0.09522248059511185,0.07805231213569641,0.0,0.28798709376798703,1,1,0,0,1,1,-4.086372375488281,0.2212371826171875,25.988174438476562,25.988162994384766,22.345352172851562,21.762496948242188,1.0001412680852089,-0.9961433603831916,10.52842255619835,8.341637119841621,0,7
3,200001,gate15_psll_200001_6c7f73f6f5814330,6c7f73f6f5814330,psll,control,nominal_control,11,6,0.72265625,185,0.0,0.0,0.0,0.0,0,1,1,1,1,0,-6.62640380859375,-6.62640380859375,29.20709228515625,29.20709228515625,23.633319854736328,23.633319854736328,1.3639596782628904,10.044615245606487,12.69280323191178,10.040353335607932,1,7
4,200001,gate15_psll_200001_6c7f73f6f5814330,6c7f73f6f5814330,psll,inside,gate15_psll_inside,11,6,0.72265625,185,0.12144150584936142,0.0968475192785263,0.0,0.3089056281304224,1,1,1,1,1,0,-6.62640380859375,-0.2760009765625,29.20709228515625,29.20709228515625,23.633319854736328,21.554981231689453,1.3640224032600166,4.237447123967405,12.635040683699792,7.734888684366032,0,7
5,200001,gate15_psll_200001_6c7f73f6f5814330,6c7f73f6f5814330,psll,outside,gate15_psll_outside,11,6,0.72265625,185,0.12903159856796265,0.10290049016475677,0.0,0.3282122298885738,1,1,0,0,1,1,-6.62640380859375,0.18085479736328125,29.20709228515625,29.207103729248047,23.633319854736328,21.38457489013672,1.3640224032600166,3.5427737145960574,12.605616442882566,7.494147366724469,0,7
6,200002,gate15_psll_200002_1ab04f6b717fe1ea,1ab04f6b717fe1ea,psll,control,nominal_control,11,6,0.72265625,185,0.0,0.0,0.0,0.0,0,1,1,1,1,0,-6.3162384033203125,-6.3162384033203125,28.849327087402344,28.849327087402344,23.43817901611328,23.43817901611328,1.0300377248811952,10.018336113164565,12.513400850975886,10.005105165220886,1,7
7,200002,gate15_psll_200002_1ab04f6b717fe1ea,1ab04f6b717fe1ea,psll,inside,gate15_psll_inside,11,6,0.72265625,185,0.11475016921758652,0.09108559787273407,0.0,0.3081888027686869,1,1,1,1,1,0,-6.3162384033203125,-0.5130691528320312,28.849327087402344,28.84933853149414,23.43817901611328,21.251861572265625,1.3639701602660683,-3.9839393312775337,12.187803329930274,8.123907134484782,0,7
8,200002,gate15_psll_200002_1ab04f6b717fe1ea,1ab04f6b717fe1ea,psll,outside,gate15_psll_outside,11,6,0.72265625,185,0.1290939450263977,0.10247131437063217,0.0,0.34671240311477275,1,1,0,0,1,1,-6.3162384033203125,0.36064910888671875,28.849327087402344,28.849319458007812,23.43817901611328,21.00702667236328,1.3639701602660683,-5.791815828840184,12.118724744263043,7.787737230561539,0,7
9,200003,gate15_psll_200003_85adc4ecf9e1f6c2,85adc4ecf9e1f6c2,psll,control,nominal_control,6,6,0.5234375,134,0.0,0.0,0.0,0.0,0,1,1,1,1,0,-4.288414001464844,-4.288414001464844,25.95602798461914,25.95602798461914,22.395477294921875,22.395477294921875,1.0036461650242572,10.032037735220126,10.719867584439077,10.038916214464264,1,7
10,200003,gate15_psll_200003_85adc4ecf9e1f6c2,85adc4ecf9e1f6c2,psll,inside,gate15_psll_inside,6,6,0.5234375,134,0.10065396130084991,0.08527842164039612,0.0,0.3093071625594086,1,1,1,1,1,0,-4.288414001464844,-0.2270965576171875,25.95602798461914,25.956024169921875,22.395477294921875,21.60540008544922,1.0145804202770927,-0.06898883338896358,10.721687312545175,7.3240749517445725,0,7
11,200003,gate15_psll_200003_85adc4ecf9e1f6c2,85adc4ecf9e1f6c2,psll,outside,gate15_psll_outside,6,6,0.5234375,134,0.1073642298579216,0.09096364676952362,0.0,0.3299276400633691,1,1,0,0,1,1,-4.288414001464844,0.22438812255859375,25.95602798461914,25.956031799316406,22.395477294921875,21.551284790039062,1.0597422910504026,-1.0324278393528477,10.711222684677605,7.065843525660629,0,7
12,200004,gate15_psll_200004_1c12768767174523,1c12768767174523,psll,control,nominal_control,11,6,0.72265625,185,0.0,0.0,0.0,0.0,0,1,1,1,1,0,-6.885292053222656,-6.885292053222656,29.57398223876953,29.57398223876953,23.931095123291016,23.931095123291016,1.4462673401904567,10.062650509968002,12.861949483742512,10.065895452818296,1,7
13,200004,gate15_psll_200004_1c12768767174523,1c12768767174523,psll,inside,gate15_psll_inside,11,6,0.72265625,185,0.12114731222391129,0.09656549245119095,0.0,0.31697826734088624,1,1,1,1,1,0,-6.885292053222656,-0.43505859375,29.57398223876953,29.573974609375,23.931095123291016,23.4615478515625,1.446279065449388,-7.385131506848564,12.545507979610084,7.783916751064104,0,7
14,200004,gate15_psll_200004_1c12768767174523,1c12768767174523,psll,outside,gate15_psll_outside,11,6,0.72265625,185,0.1287190169095993,0.10260084271430969,0.0,0.3367894090496916,1,1,0,0,1,1,-6.885292053222656,0.01770782470703125,29.57398223876953,29.573974609375,23.931095123291016,23.432994842529297,1.446279065449388,-6.300449333539375,12.506896216938188,7.630986766659754,0,7
15,200005,gate15_psll_200005_f1d3431529f7334f,f1d3431529f7334f,psll,control,nominal_control,11,6,0.72265625,185,0.0,0.0,0.0,0.0,0,1,1,1,1,0,-7.3638458251953125,-7.3638458251953125,28.23455047607422,28.23455047607422,23.291061401367188,23.291061401367188,0.9999999999999002,10.045337474642068,12.60314736557679,10.011625416758214,1,7
16,200005,gate15_psll_200005_f1d3431529f7334f,f1d3431529f7334f,psll,inside,gate15_psll_inside,11,6,0.72265625,185,0.12005231529474258,0.09588824957609177,0.0,0.309883129902322,1,1,1,1,1,0,-7.3638458251953125,-0.44887542724609375,28.23455047607422,28.23455047607422,23.291061401367188,23.123275756835938,1.3382746532252205,-14.451000341791698,12.477842301994515,6.695667874144484,0,7
17,200005,gate15_psll_200005_f1d3431529f7334f,f1d3431529f7334f,psll,outside,gate15_psll_outside,11,6,0.72265625,185,0.13505886495113373,0.1078743040561676,0.0,0.3486185211401122,1,1,0,0,1,1,-7.3638458251953125,0.44446563720703125,28.23455047607422,28.234546661376953,23.291061401367188,22.919921875,1.3382746532252205,-3.661985375202117,12.411897635603118,6.173728733551869,0,7
18,200006,gate15_psll_200006_e972fa4c2d91862d,e972fa4c2d91862d,psll,control,nominal_control,6,6,0.5234375,134,0.0,0.0,0.0,0.0,0,1,1,1,1,0,-4.998291015625,-4.998291015625,26.088802337646484,26.088802337646484,22.467422485351562,22.467422485351562,0.9999999999999002,10.08035455441214,10.663721924543538,10.031744347363041,1,7
19,200006,gate15_psll_200006_e972fa4c2d91862d,e972fa4c2d91862d,psll,inside,gate15_psll_inside,6,6,0.5234375,134,0.11541573703289032,0.1110813245177269,0.0,0.3554922669789427,1,1,1,1,1,0,-4.998291015625,-0.32448577880859375,26.088802337646484,26.088809967041016,22.467422485351562,21.98229217529297,1.0000086922976466,-4.737001225400689,10.210393515035335,7.61990292738653,0,7
20,200006,gate15_psll_200006_e972fa4c2d91862d,e972fa4c2d91862d,psll,outside,gate15_psll_outside,6,6,0.5234375,134,0.128239706158638,0.12342369556427002,0.0,0.3949914077543808,1,1,0,0,1,1,-4.998291015625,0.42156219482421875,26.088802337646484,26.08880615234375,22.467422485351562,21.912330627441406,1.0000086922976466,-10.82800053142947,10.143050012463819,7.249587818344798,0,7
21,200007,gate15_psll_200007_a5c2ab4ab589d080,a5c2ab4ab589d080,psll,control,nominal_control,11,6,0.72265625,185,0.0,0.0,0.0,0.0,0,1,1,1,1,0,-7.324470520019531,-7.324470520019531,28.178375244140625,28.178375244140625,23.55282211303711,23.55282211303711,1.0000000000002647,10.187081750180171,12.625289375448228,10.025403170712844,1,7
22,200007,gate15_psll_200007_a5c2ab4ab589d080,a5c2ab4ab589d080,psll,inside,gate15_psll_inside,11,6,0.72265625,185,0.11697199195623398,0.09279503673315048,0.0,0.3079881148681263,1,1,1,1,1,0,-7.324470520019531,-0.271148681640625,28.178375244140625,28.178359985351562,23.55282211303711,22.737590789794922,1.33821080862029,-5.908521294849523,12.500355437053091,7.81265469890628,0,7
23,200007,gate15_psll_200007_a5c2ab4ab589d080,a5c2ab4ab589d080,psll,outside,gate15_psll_outside,11,6,0.72265625,185,0.12428274750709534,0.09859474003314972,0.0,0.3272373720473842,1,1,0,0,1,1,-7.324470520019531,0.18306732177734375,28.178375244140625,28.178375244140625,23.55282211303711,22.572708129882812,1.33821080862029,-6.853159155079677,12.46870421677674,7.652005776363046,0,7
24,200008,gate15_psll_200008_319a15f32a015db9,319a15f32a015db9,psll,control,nominal_control,11,6,0.72265625,185,0.0,0.0,0.0,0.0,0,1,1,1,1,0,-7.343269348144531,-7.343269348144531,28.565444946289062,28.565444946289062,23.253631591796875,23.253631591796875,1.3382236885273253,10.057782197101364,12.542619134251643,10.05055202164862,1,7
25,200008,gate15_psll_200008_319a15f32a015db9,319a15f32a015db9,psll,inside,gate15_psll_inside,11,6,0.72265625,185,0.11565972119569778,0.0926860049366951,0.0,0.29457914592211676,1,1,1,1,1,0,-7.343269348144531,-0.32894134521484375,28.565444946289062,28.565425872802734,23.253631591796875,22.134918212890625,1.3382188781756175,-3.9315753458182403,12.225068040772506,8.253974668573997,0,7
26,200008,gate15_psll_200008_319a15f32a015db9,319a15f32a015db9,psll,outside,gate15_psll_outside,11,6,0.72265625,185,0.1228884607553482,0.09847889840602875,0.0,0.31299034254224906,1,1,0,0,1,1,-7.343269348144531,0.0814056396484375,28.565444946289062,28.5654296875,23.253631591796875,22.005935668945312,1.3382188781756175,-5.114158385906247,12.190498424564804,8.107299941339008,0,7
27,200009,gate15_psll_200009_889a75f1755aec50,889a75f1755aec50,psll,control,nominal_control,6,6,0.5234375,134,0.0,0.0,0.0,0.0,0,1,1,1,1,0,-4.415977478027344,-4.415977478027344,25.641170501708984,25.641170501708984,22.27587127685547,22.27587127685547,1.019274182245362,10.038206996735466,10.618737281073251,10.011904987335464,1,7
28,200009,gate15_psll_200009_889a75f1755aec50,889a75f1755aec50,psll,inside,gate15_psll_inside,6,6,0.5234375,134,0.12236239016056061,0.11074238270521164,0.0,0.3551107208412648,1,1,1,1,1,0,-4.415977478027344,-0.20995330810546875,25.641170501708984,25.641170501708984,22.27587127685547,21.14542007446289,1.0001617838012384,-1.9132418718940056,10.405442826516826,4.90380157465591,0,7
29,200009,gate15_psll_200009_889a75f1755aec50,889a75f1755aec50,psll,outside,gate15_psll_outside,6,6,0.5234375,134,0.12768249213695526,0.11555726081132889,0.0,0.3705503173995807,1,1,0,0,1,1,-4.415977478027344,0.13208770751953125,25.641170501708984,25.64117431640625,22.27587127685547,21.099735260009766,1.0001617838012384,-2.5973370808360134,10.385963445269722,4.632081683706725,0,7
30,200010,gate15_nearest_200010_77484a55d677c208,77484a55d677c208,nearest,control,nominal_control,0,4,0.4140625,106,0.0,0.0,0.0,0.0,0,1,1,1,1,0,-4.9608001708984375,-4.9608001708984375,28.173171997070312,28.173171997070312,23.924915313720703,23.924915313720703,0.6180056077586904,10.047525475756828,11.088844966647983,10.033091273154898,1,5
31,200010,gate15_nearest_200010_77484a55d677c208,77484a55d677c208,nearest,inside,gate15_nearest_inside,0,4,0.4140625,106,0.03949493542313576,0.07017546892166138,0.08499999999999999,0.0,2,1,1,1,1,0,-4.9608001708984375,-4.9815673828125,28.173171997070312,25.123291015625,23.924915313720703,21.07275390625,0.6178659862252116,9.925060408016359,11.094658656445093,9.023420655859644,0,5
32,200010,gate15_nearest_200010_77484a55d677c208,77484a55d677c208,nearest,outside,gate15_nearest_outside,0,4,0.4140625,106,0.0419633723795414,0.07456143200397491,0.08499999999999999,0.0,2,1,0,0,1,1,-4.9608001708984375,-4.982856750488281,28.173171997070312,24.30498504638672,23.924915313720703,20.819808959960938,0.6178659862252116,9.912188304054578,11.09487259462921,8.936059742238323,0,5
33,200011,gate15_nearest_200011_240d5ce75b5e4550,240d5ce75b5e4550,nearest,control,nominal_control,1,2,0.4140625,106,0.0,0.0,0.0,0.0,0,1,1,1,1,0,-9.8551025390625,-9.8551025390625,27.340553283691406,27.340553283691406,23.715835571289062,23.715835571289062,8.537736462515939e-07,10.065710953329045,11.336894630461662,10.026662350316036,1,3
34,200011,gate15_nearest_200011_240d5ce75b5e4550,240d5ce75b5e4550,nearest,inside,gate15_nearest_inside,1,2,0.4140625,106,0.0628524199128151,0.08581429719924927,0.095,0.0,2,1,1,1,1,0,-9.8551025390625,-9.863357543945312,27.340553283691406,25.3787841796875,23.715835571289062,21.748565673828125,0.012655727310652846,9.522642633741981,11.34573034150222,10.026662350316036,0,3
35,200011,gate15_nearest_200011_240d5ce75b5e4550,240d5ce75b5e4550,nearest,outside,gate15_nearest_outside,1,2,0.4140625,106,0.06634421646595001,0.0905817523598671,0.095,0.0,2,1,0,0,1,1,-9.8551025390625,-9.86383056640625,27.340553283691406,24.558349609375,23.715835571289062,21.30577850341797,0.012655727310652846,9.4962381764682,11.345843455551886,10.026662350316036,0,3
36,200012,gate15_nearest_200012_4d54b5a17a6ec8f9,4d54b5a17a6ec8f9,nearest,control,nominal_control,2,2,0.3984375,102,0.0,0.0,0.0,0.0,0,1,1,1,1,0,-6.1059417724609375,-6.1059417724609375,31.79894256591797,31.79894256591797,23.39252471923828,23.39252471923828,0.9999999999995357,10.041386621988106,10.951331313309154,10.033139167347986,1,3
37,200012,gate15_nearest_200012_4d54b5a17a6ec8f9,4d54b5a17a6ec8f9,nearest,inside,gate15_nearest_inside,2,2,0.3984375,102,0.02880062907934189,0.03636964410543442,0.05,0.0,2,1,1,1,1,0,-6.1059417724609375,-6.335990905761719,31.79894256591797,25.394702911376953,23.39252471923828,22.21078872680664,0.9999116175466526,9.973495995367564,10.950062229481505,10.065896293508573,0,3
38,200012,gate15_nearest_200012_4d54b5a17a6ec8f9,4d54b5a17a6ec8f9,nearest,outside,gate15_nearest_outside,2,2,0.3984375,102,0.03600078821182251,0.045462049543857574,0.05,0.0,2,1,0,0,1,1,-6.1059417724609375,-6.391761779785156,31.79894256591797,24.292171478271484,23.39252471923828,21.615127563476562,0.9999116175466526,9.916849255658741,10.94948440345772,10.077925882819056,0,3
39,200013,gate15_nearest_200013_3dc96cc469845f24,3dc96cc469845f24,nearest,control,nominal_control,3,4,0.50390625,129,0.0,0.0,0.0,0.0,0,1,1,1,1,0,-8.892547607421875,-8.892547607421875,30.027938842773438,30.027938842773438,23.160865783691406,23.160865783691406,1.0000000000002647,10.104846297515607,11.156076037700435,10.001695804113472,1,5
40,200013,gate15_nearest_200013_3dc96cc469845f24,3dc96cc469845f24,nearest,inside,gate15_nearest_inside,3,4,0.50390625,129,0.04068838804960251,0.08000001311302185,0.08499999999999999,0.0,2,1,1,1,1,0,-8.892547607421875,-8.637535095214844,30.027938842773438,25.235496520996094,23.160865783691406,21.974727630615234,1.0000753031921357,9.185890743067928,11.148008333002853,9.670846912077089,0,5
41,200013,gate15_nearest_200013_3dc96cc469845f24,3dc96cc469845f24,nearest,outside,gate15_nearest_outside,3,4,0.50390625,129,0.04323141276836395,0.08499999344348907,0.08499999999999999,0.0,2,1,0,0,1,1,-8.892547607421875,-8.621818542480469,30.027938842773438,24.447734832763672,23.160865783691406,21.75143051147461,1.0000753031921357,9.116394680372187,11.147360096439806,9.630914001368849,0,5
42,200014,gate15_nearest_200014_ef1ce78d49987ba8,ef1ce78d49987ba8,nearest,control,nominal_control,4,2,0.49609375,127,0.0,0.0,0.0,0.0,0,1,1,1,1,0,-10.180625915527344,-10.180625915527344,29.457618713378906,29.457618713378906,24.000579833984375,24.000579833984375,0.17430270312381774,10.065988127514174,11.096444457642376,10.082645940327366,1,3
43,200014,gate15_nearest_200014_ef1ce78d49987ba8,ef1ce78d49987ba8,nearest,inside,gate15_nearest_inside,4,2,0.49609375,127,0.024801762774586678,0.029824869707226753,0.045,0.0,2,1,1,1,1,0,-10.180625915527344,-10.432464599609375,29.457618713378906,25.580413818359375,24.000579833984375,23.636871337890625,0.17389603275297366,9.91105003495716,11.109681243339294,10.106918833561856,0,3
44,200014,gate15_nearest_200014_ef1ce78d49987ba8,ef1ce78d49987ba8,nearest,outside,gate15_nearest_outside,4,2,0.49609375,127,0.031887974590063095,0.03834623098373413,0.045,0.0,2,1,0,0,1,1,-10.180625915527344,-10.502655029296875,29.457618713378906,24.21892547607422,24.000579833984375,22.833702087402344,0.17389603275297366,9.80463135605413,11.113150903876717,10.106918833561856,0,3
45,200015,gate15_nearest_200015_08dfc3e74c865e29,08dfc3e74c865e29,nearest,control,nominal_control,5,2,0.51171875,131,0.0,0.0,0.0,0.0,0,1,1,1,1,0,-5.1914215087890625,-5.1914215087890625,29.565662384033203,29.565662384033203,22.803394317626953,22.803394317626953,0.9999999999999002,10.085367754462027,10.246025047962286,10.025582266481525,1,3
46,200015,gate15_nearest_200015_08dfc3e74c865e29,08dfc3e74c865e29,nearest,inside,gate15_nearest_inside,5,2,0.51171875,131,0.04955814778804779,0.0676257461309433,0.08,0.0,2,1,1,1,1,0,-5.1914215087890625,-5.695709228515625,29.565662384033203,25.259967803955078,22.803394317626953,22.803394317626953,0.9999568648729599,9.825044716781415,10.237329255984505,10.057861452493732,0,3
47,200015,gate15_nearest_200015_08dfc3e74c865e29,08dfc3e74c865e29,nearest,outside,gate15_nearest_outside,5,2,0.51171875,131,0.056637879461050034,0.07728656381368637,0.08,0.0,2,1,0,0,1,1,-5.1914215087890625,-5.692481994628906,29.565662384033203,24.188385009765625,22.803394317626953,22.803394317626953,0.9999568648729599,9.773043812814116,10.236141590263731,10.057861452493732,0,3
48,200016,gate15_nearest_200016_65739b34afb991b2,65739b34afb991b2,nearest,control,nominal_control,7,4,0.59375,152,0.0,0.0,0.0,0.0,0,1,1,1,1,0,-6.07305908203125,-6.07305908203125,28.69241714477539,28.69241714477539,22.50377655029297,22.50377655029297,0.9999999999999002,10.067972140534367,11.49923790773119,10.037385696865865,1,5
49,200016,gate15_nearest_200016_65739b34afb991b2,65739b34afb991b2,nearest,inside,gate15_nearest_inside,7,4,0.59375,152,0.015015305951237679,0.029586073011159897,0.04,0.0,2,1,1,1,1,0,-6.07305908203125,-5.948188781738281,28.69241714477539,25.455596923828125,22.50377655029297,22.61339569091797,0.9999544583259221,9.948173139517243,11.51212138649061,10.037385696865865,0,5
50,200016,gate15_nearest_200016_65739b34afb991b2,65739b34afb991b2,nearest,outside,gate15_nearest_outside,7,4,0.59375,152,0.020020408555865288,0.03944805637001991,0.04,0.0,2,1,0,0,1,1,-6.07305908203125,-5.866355895996094,28.69241714477539,24.30108642578125,22.50377655029297,21.955474853515625,0.9999544583259221,9.90892294807409,11.516247276720492,10.037385696865865,0,5
51,200017,gate15_nearest_200017_93f6cb849cf44c86,93f6cb849cf44c86,nearest,control,nominal_control,8,2,0.5625,144,0.0,0.0,0.0,0.0,0,1,1,1,1,0,-12.813758850097656,-12.813758850097656,33.13616943359375,33.13616943359375,24.077667236328125,24.077667236328125,0.13950589904607988,10.05926535447503,11.376963269281257,10.050035475928558,1,3
52,200017,gate15_nearest_200017_93f6cb849cf44c86,93f6cb849cf44c86,nearest,inside,gate15_nearest_inside,8,2,0.5625,144,0.031934916973114014,0.04132496565580368,0.05,0.0,2,1,1,1,1,0,-12.813758850097656,-12.528068542480469,33.13616943359375,25.239639282226562,24.077667236328125,22.578514099121094,0.2786531179695937,10.088368004063359,11.388900118639203,10.050035475928558,1,3
53,200017,gate15_nearest_200017_93f6cb849cf44c86,93f6cb849cf44c86,nearest,outside,gate15_nearest_outside,8,2,0.5625,144,0.035483237355947495,0.04591664671897888,0.05,0.0,2,1,0,0,1,1,-12.813758850097656,-12.495841979980469,33.13616943359375,24.515701293945312,24.077667236328125,22.28356170654297,0.2786531179695937,10.091647403716927,11.390121449359889,10.050035475928558,1,3
54,200018,gate15_nearest_200018_7ee4c03f2e6c84d7,7ee4c03f2e6c84d7,nearest,control,nominal_control,9,4,0.65234375,167,0.0,0.0,0.0,0.0,0,1,1,1,1,0,-6.835762023925781,-6.835762023925781,27.684188842773438,27.684188842773438,22.9678955078125,22.9678955078125,0.9999999999999002,10.055416377503274,12.063700938738647,10.020814028847052,1,5
55,200018,gate15_nearest_200018_7ee4c03f2e6c84d7,7ee4c03f2e6c84d7,nearest,inside,gate15_nearest_inside,9,4,0.65234375,167,0.019727546721696854,0.033302973955869675,0.045,0.0,2,1,1,1,1,0,-6.835762023925781,-6.83172607421875,27.684188842773438,25.26336669921875,22.9678955078125,23.024734497070312,0.9999499906029855,9.84019300572316,12.056189072540347,9.555101376219776,0,5
56,200018,gate15_nearest_200018_7ee4c03f2e6c84d7,7ee4c03f2e6c84d7,nearest,outside,gate15_nearest_outside,9,4,0.65234375,167,0.022193489596247673,0.03746585547924042,0.045,0.0,2,1,0,0,1,1,-6.835762023925781,-6.830108642578125,27.684188842773438,24.561660766601562,22.9678955078125,23.024734497070312,0.9999499906029855,9.780064060771545,12.055210022719752,9.500105987989956,0,5
57,200019,gate15_nearest_200019_40626854940e7572,40626854940e7572,nearest,control,nominal_control,10,2,0.65625,168,0.0,0.0,0.0,0.0,0,1,1,1,1,0,-10.966888427734375,-10.966888427734375,27.922935485839844,27.922935485839844,24.665267944335938,24.665267944335938,8.537736462515939e-07,10.11538816198083,11.529115051610406,10.064926204368398,1,3
58,200019,gate15_nearest_200019_40626854940e7572,40626854940e7572,nearest,inside,gate15_nearest_inside,10,2,0.65625,168,0.06025952845811844,0.07743337005376816,0.09,0.0,2,1,1,1,1,0,-10.966888427734375,-10.531951904296875,27.922935485839844,25.29153823852539,24.665267944335938,20.93646240234375,0.007828330786939189,8.357419852432473,11.578559570777893,9.337609688335968,0,3
59,200019,gate15_nearest_200019_40626854940e7572,40626854940e7572,nearest,outside,gate15_nearest_outside,10,2,0.65625,168,0.06380420178174973,0.08198826014995575,0.09,0.0,2,1,0,0,1,1,-10.966888427734375,-10.506942749023438,27.922935485839844,24.537471771240234,24.665267944335938,20.61341094970703,0.007828330786939189,8.228069216906418,11.581215347681244,9.283119946899077,0,3
60,200020,gate15_local_200020_1ca44285e40348d1,1ca44285e40348d1,local,control,nominal_control,12,4,0.70703125,181,0.0,0.0,0.0,0.0,0,1,1,1,1,0,-8.939605712890625,-8.939605712890625,28.338279724121094,28.338279724121094,23.01642608642578,23.01642608642578,1.0000000000002647,10.081378705712996,12.277752416613597,10.025908588610013,1,5
61,200020,gate15_local_200020_1ca44285e40348d1,1ca44285e40348d1,local,inside,gate15_local_inside,12,4,0.70703125,181,0.12508952617645264,0.30067178606987,0.0,0.2492840557639782,3,1,1,0,1,0,-8.939605712890625,-8.964523315429688,28.338279724121094,28.338279724121094,23.01642608642578,15.607322692871094,1.0000699387414318,6.6354611785763185,12.28272623245634,7.643847853833058,0,5
62,200020,gate15_local_200020_1ca44285e40348d1,1ca44285e40348d1,local,outside,gate15_local_outside,12,4,0.70703125,181,0.14440159499645233,0.34709134697914124,0.0,0.28777001525034673,3,1,0,0,1,1,-8.939605712890625,-8.671646118164062,28.338279724121094,28.338279724121094,23.01642608642578,14.173667907714844,1.0000699387414318,6.177735530513964,12.280758119934013,6.577387562638713,0,5
63,200021,gate15_local_200021_65081b00a77309cd,65081b00a77309cd,local,control,nominal_control,13,4,0.75,192,0.0,0.0,0.0,0.0,0,1,1,1,1,0,-5.654243469238281,-5.654243469238281,27.46344757080078,27.46344757080078,22.43476104736328,22.43476104736328,0.9999999999999002,10.005716021412425,13.406063987712892,10.006382045495144,1,5
64,200021,gate15_local_200021_65081b00a77309cd,65081b00a77309cd,local,inside,gate15_local_inside,13,4,0.75,192,0.1062125712633133,0.3255351483821869,0.0,0.2103470864925237,3,1,1,0,1,0,-5.654243469238281,-4.880455017089844,27.46344757080078,27.46344757080078,22.43476104736328,15.667228698730469,1.0000052734553915,7.17535378171391,13.28121596403803,2.5800395813142374,0,5
65,200021,gate15_local_200021_65081b00a77309cd,65081b00a77309cd,local,outside,gate15_local_outside,13,4,0.75,192,0.1275520771741867,0.39093950390815735,0.0,0.252608601586912,3,1,0,0,1,1,-5.654243469238281,-4.60089111328125,27.46344757080078,27.46344757080078,22.43476104736328,14.157203674316406,1.0000052734553915,6.495561643696728,13.247991887271835,0.33823628911585457,0,5
66,200022,gate15_local_200022_ef75f9fa410c53b5,ef75f9fa410c53b5,local,control,nominal_control,14,2,0.75390625,193,0.0,0.0,0.0,0.0,0,1,1,1,1,0,-14.663475036621094,-14.663475036621094,29.840309143066406,29.840309143066406,26.020126342773438,26.020126342773438,0.0,10.037269316099326,12.225065407328232,10.027295565511874,1,3
67,200022,gate15_local_200022_ef75f9fa410c53b5,ef75f9fa410c53b5,local,inside,gate15_local_inside,14,2,0.75390625,193,0.12602432072162628,0.1802193969488144,0.0,0.1780744394373615,3,1,1,0,1,0,-14.663475036621094,-15.329788208007812,29.840309143066406,29.840309143066406,26.020126342773438,15.672470092773438,1.0000928677423209,7.391883975315357,12.172808298494289,8.044086687714415,0,3
68,200022,gate15_local_200022_ef75f9fa410c53b5,ef75f9fa410c53b5,local,outside,gate15_local_outside,14,2,0.75390625,193,0.14710824191570282,0.21037021279335022,0.0,0.20786636086414442,3,1,0,0,1,1,-14.663475036621094,-15.31463623046875,29.840309143066406,29.840309143066406,26.020126342773438,14.4571533203125,1.0000928677423209,6.725622179332914,12.15983439886897,7.580043223993483,0,3
69,200023,gate15_local_200023_9595b512bccdd33a,9595b512bccdd33a,local,control,nominal_control,0,4,0.4140625,106,0.0,0.0,0.0,0.0,0,1,1,1,1,0,-5.2158203125,-5.2158203125,26.617225646972656,26.617225646972656,22.933975219726562,22.933975219726562,8.537736462515939e-07,10.024738792596875,10.863228119981937,10.06079513415611,1,5
70,200023,gate15_local_200023_9595b512bccdd33a,9595b512bccdd33a,local,inside,gate15_local_inside,0,4,0.4140625,106,0.05477958545088768,0.1369553506374359,0.0,0.10905241167947079,3,1,1,0,1,0,-5.2158203125,-5.263740539550781,26.617225646972656,26.617225646972656,22.933975219726562,15.431953430175781,0.010141383796127874,7.527962714868829,10.87043004898267,9.701181480524326,0,5
71,200023,gate15_local_200023_9595b512bccdd33a,9595b512bccdd33a,local,outside,gate15_local_outside,0,4,0.4140625,106,0.06265638768672943,0.15664824843406677,0.0,0.12473315061377378,3,1,0,0,1,1,-5.2158203125,-5.2432403564453125,26.617225646972656,26.617225646972656,22.933975219726562,14.697410583496094,0.010141383796127874,7.0240385933243985,10.870398832233164,9.534808487702723,0,5
72,200024,gate15_local_200024_9fe2eef57cf543d1,9fe2eef57cf543d1,local,control,nominal_control,1,2,0.4140625,106,0.0,0.0,0.0,0.0,0,1,1,1,1,0,-10.79473876953125,-10.79473876953125,27.60293197631836,27.60293197631836,21.997882843017578,21.997882843017578,1.2074182697257333e-06,10.099892702099506,11.074822154194084,10.17612440941255,1,3
73,200024,gate15_local_200024_9fe2eef57cf543d1,9fe2eef57cf543d1,local,inside,gate15_local_inside,1,2,0.4140625,106,0.16354699432849884,0.2952275276184082,0.0,0.23127269598506056,3,1,1,0,1,0,-10.79473876953125,-9.923591613769531,27.60293197631836,27.602928161621094,21.997882843017578,15.491203308105469,0.9999947977399132,-0.4439410842910858,10.930854840116496,4.2865690923712405,0,3
74,200024,gate15_local_200024_9fe2eef57cf543d1,9fe2eef57cf543d1,local,outside,gate15_local_outside,1,2,0.4140625,106,0.17847661674022675,0.32217782735824585,0.0,0.25238472632394576,3,1,0,0,1,1,-10.79473876953125,-9.832115173339844,27.60293197631836,27.602916717529297,21.997882843017578,14.56549072265625,0.9999947977399132,-0.06887588822954287,10.911875780807215,3.6315904415730573,0,3
75,200025,gate15_local_200025_6ada1fe89e2de65f,6ada1fe89e2de65f,local,control,nominal_control,2,2,0.3984375,102,0.0,0.0,0.0,0.0,0,1,1,1,1,0,-6.757484436035156,-6.757484436035156,27.086658477783203,27.086658477783203,24.983352661132812,24.983352661132812,0.9999999999995357,10.065925854586226,10.511246175500297,10.07281839344338,1,3
76,200025,gate15_local_200025_6ada1fe89e2de65f,6ada1fe89e2de65f,local,inside,gate15_local_inside,2,2,0.3984375,102,0.2438240498304367,0.32225170731544495,0.0,0.349726731142885,3,1,1,0,1,0,-6.757484436035156,-4.658103942871094,27.086658477783203,27.086658477783203,24.983352661132812,15.523757934570312,0.012616820275447032,7.105490644315048,10.245452756853119,4.007937793214557,0,3
77,200025,gate15_local_200025_6ada1fe89e2de65f,6ada1fe89e2de65f,local,outside,gate15_local_outside,2,2,0.3984375,102,0.278883695602417,0.36858856678009033,0.0,0.40001423496735217,3,1,0,0,1,1,-6.757484436035156,-4.3167724609375,27.086658477783203,27.086658477783203,24.983352661132812,14.566879272460938,1.0000381276973247,6.423533815725979,10.1807816931849,2.494923896295109,0,3
78,200026,gate15_local_200026_aedc244a701cd30d,aedc244a701cd30d,local,control,nominal_control,3,4,0.50390625,129,0.0,0.0,0.0,0.0,0,1,1,1,1,0,-8.619583129882812,-8.619583129882812,28.86688995361328,28.86688995361328,24.128616333007812,24.128616333007812,1.0000000000002647,10.066435620420638,10.62438159075841,10.01157552576345,1,5
79,200026,gate15_local_200026_aedc244a701cd30d,aedc244a701cd30d,local,inside,gate15_local_inside,3,4,0.50390625,129,0.06294907629489899,0.1336890459060669,0.0,0.128607330702985,3,1,1,0,1,0,-8.619583129882812,-8.712944030761719,28.86688995361328,28.86688995361328,24.128616333007812,15.414360046386719,1.0192307677651797,8.779040857879485,10.724207929411833,8.874392583242388,0,5
80,200026,gate15_local_200026_aedc244a701cd30d,aedc244a701cd30d,local,outside,gate15_local_outside,3,4,0.50390625,129,0.07700876891613007,0.16354849934577942,0.0,0.15733181065695118,3,1,0,0,1,1,-8.619583129882812,-8.708778381347656,28.86688995361328,28.866893768310547,24.128616333007812,14.086524963378906,1.0192307677651797,8.462656997949354,10.741831010106122,8.46358246730653,0,5
81,200027,gate15_local_200027_c3d793a35c43d036,c3d793a35c43d036,local,control,nominal_control,4,2,0.49609375,127,0.0,0.0,0.0,0.0,0,1,1,1,1,0,-9.994918823242188,-9.994918823242188,28.994747161865234,28.994747161865234,22.980743408203125,22.980743408203125,8.537736462515939e-07,10.055444492054946,11.178864379675918,10.21741094108576,1,3
82,200027,gate15_local_200027_c3d793a35c43d036,c3d793a35c43d036,local,inside,gate15_local_inside,4,2,0.49609375,127,0.1544898897409439,0.20488932728767395,0.0,0.2193116564766162,3,1,1,0,1,0,-9.994918823242188,-9.371391296386719,28.994747161865234,28.994762420654297,22.980743408203125,15.372909545898438,0.9999624033826425,8.039605504036942,11.18505534162976,3.499785109068261,0,3
83,200027,gate15_local_200027_c3d793a35c43d036,c3d793a35c43d036,local,outside,gate15_local_outside,4,2,0.49609375,127,0.18269550800323486,0.242296501994133,0.0,0.25935195890388224,3,1,0,0,1,1,-9.994918823242188,-9.227333068847656,28.994747161865234,28.99474334716797,22.980743408203125,14.193939208984375,0.9999624033826425,7.462625464714378,11.178016056421605,1.808408946347552,0,3
84,200028,gate15_local_200028_647491738202fbf1,647491738202fbf1,local,control,nominal_control,7,4,0.59375,152,0.0,0.0,0.0,0.0,0,1,1,1,1,0,-6.8790283203125,-6.8790283203125,27.16595458984375,27.16595458984375,23.273845672607422,23.273845672607422,1.0000000000002647,10.03773605782695,11.29958863192029,10.011706571522584,1,5
85,200028,gate15_local_200028_647491738202fbf1,647491738202fbf1,local,inside,gate15_local_inside,7,4,0.59375,152,0.21840694546699524,0.6611341834068298,0.0,0.4352504235266132,3,1,1,0,1,0,-6.8790283203125,-3.1610946655273438,27.16595458984375,27.16595458984375,23.273845672607422,15.225334167480469,0.9999262089144234,-1.5437826754340027,10.967247082502343,-6.062413227124245,0,5
86,200028,gate15_local_200028_647491738202fbf1,647491738202fbf1,local,outside,gate15_local_outside,7,4,0.59375,152,0.23667672276496887,0.7164381742477417,0.0,0.47165920420184326,3,1,0,0,1,1,-6.8790283203125,-2.906158447265625,27.16595458984375,27.16595458984375,23.273845672607422,14.474456787109375,0.9999262089144234,-1.0316193249881824,10.929035633481856,-8.375626670715041,0,5
87,200029,gate15_local_200029_5e36773798f520de,5e36773798f520de,local,control,nominal_control,8,2,0.5625,144,0.0,0.0,0.0,0.0,0,1,1,1,1,0,-11.305030822753906,-11.305030822753906,28.491127014160156,28.491127014160156,24.3226318359375,24.3226318359375,0.2789695098888165,10.075178974105587,11.222335185533293,10.036398070260573,1,3
88,200029,gate15_local_200029_5e36773798f520de,5e36773798f520de,local,inside,gate15_local_inside,8,2,0.5625,144,0.16068831086158752,0.21707433462142944,0.0,0.22912103698988115,3,1,1,0,1,0,-11.305030822753906,-10.755714416503906,28.491127014160156,28.491127014160156,24.3226318359375,16.187950134277344,1.0000848162949016,9.051724744387231,11.084079279672792,7.739511132603857,0,3
89,200029,gate15_local_200029_5e36773798f520de,5e36773798f520de,local,outside,gate15_local_outside,8,2,0.5625,144,0.18371856212615967,0.24818596243858337,0.0,0.26195923121644393,3,1,0,0,1,1,-11.305030822753906,-10.401168823242188,28.491127014160156,28.491127014160156,24.3226318359375,14.730850219726562,1.0000848162949016,9.017544778327595,11.05838846907475,6.915031859967019,0,3
