candidate_index,sample_index,sample_id,scene_id,source_dataset,source_sample_index,selection_role,k,ratio,active_count,large_scan,min_target_separation_deg,variant_kind,parent_candidate_index,parent_ratio,ratio_delta,phase_error_rms_deg,gain_error_rms_db,dropout_count,phase_bits,amplitude_bits,perturbation_seed,eep_psll_db,hfss_psll_db,delta_psll_db,eep_nearest_iso_db,hfss_nearest_iso_db,delta_nearest_iso_db,eep_local_iso_db,hfss_local_iso_db,delta_local_iso_db,eep_mainlobe_gain_db,hfss_mainlobe_gain_db,delta_mainlobe_gain_db,eep_target_spread_db,hfss_target_spread_db,eep_pointing_error_deg,hfss_pointing_error_deg,all_case_worst_active_rl_db,all_case_worst_total_rl_db,gate15,strict_gate20,mainlobe_gate,active_RL_gate,strict_engineering_gate,eep_gate15,hard_negative,hard_positive,fullwave_complete,near_boundary,training_priority
0,200000,gate15_c000_s200000,gate15_psll_200000_f1bda39aa702b3bd,gate15_boundary_scenes_run01,60,nominal_control,6,0.5234375,134,1,20.699947357177734,nominal_control,6,0.5234375,0.0,0.0,0.0,0,16,16,-1,-4.086372375488281,-4.086372375488281,0.0,25.988162994384766,25.988208770751953,4.57763671875e-05,22.345352172851562,22.345340728759766,-1.1444091796875e-05,76.58951568603516,76.58950805664062,-7.62939453125e-06,1.59844970703125,1.5984649658203125,1.0000000000002647,1.0000000000002647,10.047109393187055,10.080860029940194,1,1,1,1,1,1,0,1,1,1,5
1,200000,gate15_c001_s200000,gate15_psll_200000_f1bda39aa702b3bd,gate15_boundary_scenes_run01,60,gate15_psll_inside,6,0.5234375,134,1,20.699947357177734,gate15_psll_inside,6,0.5234375,0.0,0.0,0.0,0,16,16,-1,-4.086372375488281,-0.199737548828125,3.8866348266601562,25.988162994384766,25.988216400146484,5.340576171875e-05,22.345352172851562,21.93267059326172,-0.41268157958984375,76.58951568603516,76.23109436035156,-0.35842132568359375,1.59844970703125,1.6304244995117188,1.0000000000002647,1.0000000000002647,0.15609081723156593,10.047649472964578,1,1,1,0,0,1,0,1,1,1,5
2,200000,gate15_c002_s200000,gate15_psll_200000_f1bda39aa702b3bd,gate15_boundary_scenes_run01,60,gate15_psll_outside,6,0.5234375,134,1,20.699947357177734,gate15_psll_outside,6,0.5234375,0.0,0.0,0.0,0,16,16,-1,-4.086372375488281,0.22122955322265625,4.3076019287109375,25.988162994384766,25.988224029541016,6.103515625e-05,22.345352172851562,21.762516021728516,-0.5828361511230469,76.58951568603516,76.19035339355469,-0.39916229248046875,1.59844970703125,1.6324081420898438,1.0000000000002647,1.0000000000002647,-0.9961440293235317,10.043237721349854,0,0,1,0,0,1,1,0,1,1,7
3,200001,gate15_c003_s200001,gate15_psll_200001_6c7f73f6f5814330,gate15_boundary_scenes_run01,66,nominal_control,6,0.72265625,185,1,13.454964637756348,nominal_control,11,0.72265625,0.0,0.0,0.0,0,16,16,-1,-6.626396179199219,-6.62640380859375,-7.62939453125e-06,29.20709991455078,29.207107543945312,7.62939453125e-06,23.633316040039062,23.633304595947266,-1.1444091796875e-05,78.89144897460938,78.89144897460938,0.0,0.213226318359375,0.21323394775390625,1.3639596782628904,1.3639596782628904,10.040353501228898,10.51425482195264,1,1,1,1,1,1,0,1,1,1,5
4,200001,gate15_c004_s200001,gate15_psll_200001_6c7f73f6f5814330,gate15_boundary_scenes_run01,66,gate15_psll_inside,6,0.72265625,185,1,13.454964637756348,gate15_psll_inside,11,0.72265625,0.0,0.0,0.0,0,16,16,-1,-6.626396179199219,-0.2760009765625,6.350395202636719,29.20709991455078,29.207096099853516,-3.814697265625e-06,23.633316040039062,21.554943084716797,-2.0783729553222656,78.89144897460938,78.48133087158203,-0.41011810302734375,0.213226318359375,0.21323394775390625,1.3639596782628904,1.3639596782628904,4.2374471086589764,10.630689466869242,1,1,1,0,0,1,0,1,1,1,5
5,200001,gate15_c005_s200001,gate15_psll_200001_6c7f73f6f5814330,gate15_boundary_scenes_run01,66,gate15_psll_outside,6,0.72265625,185,1,13.454964637756348,gate15_psll_outside,11,0.72265625,0.0,0.0,0.0,0,16,16,-1,-6.626396179199219,0.18083953857421875,6.8072357177734375,29.20709991455078,29.207080841064453,-1.9073486328125e-05,23.633316040039062,21.384552001953125,-2.2487640380859375,78.89144897460938,78.43241882324219,-0.4590301513671875,0.213226318359375,0.212860107421875,1.3639596782628904,1.3639596782628904,3.542773697106389,10.636671269796022,0,0,1,0,0,1,1,0,1,1,7
6,200002,gate15_c006_s200002,gate15_psll_200002_1ab04f6b717fe1ea,gate15_boundary_scenes_run01,66,nominal_control,6,0.72265625,185,1,13.454964637756348,nominal_control,11,0.72265625,0.0,0.0,0.0,0,16,16,-1,-6.3162384033203125,-6.316253662109375,-1.52587890625e-05,28.849323272705078,28.849365234375,4.1961669921875e-05,23.43817901611328,23.43819808959961,1.9073486328125e-05,78.7764663696289,78.77647399902344,7.62939453125e-06,0.15853118896484375,0.15850830078125,1.0300377248811952,1.0300377248811952,10.005104889719691,10.432585110568755,1,1,1,1,1,1,0,1,1,1,5
7,200002,gate15_c007_s200002,gate15_psll_200002_1ab04f6b717fe1ea,gate15_boundary_scenes_run01,66,gate15_psll_inside,6,0.72265625,185,1,13.454964637756348,gate15_psll_inside,11,0.72265625,0.0,0.0,0.0,0,16,16,-1,-6.3162384033203125,-0.5130691528320312,5.803169250488281,28.849323272705078,28.849334716796875,1.1444091796875e-05,23.43817901611328,21.251846313476562,-2.1863327026367188,78.7764663696289,78.41001892089844,-0.36644744873046875,0.15853118896484375,0.1043243408203125,1.0300377248811952,1.3639596782628904,-3.9839390503837038,10.45220190625548,1,1,1,0,0,1,0,1,1,1,5
8,200002,gate15_c008_s200002,gate15_psll_200002_1ab04f6b717fe1ea,gate15_boundary_scenes_run01,66,gate15_psll_outside,6,0.72265625,185,1,13.454964637756348,gate15_psll_outside,11,0.72265625,0.0,0.0,0.0,0,16,16,-1,-6.3162384033203125,0.36066436767578125,6.676902770996094,28.849323272705078,28.849327087402344,3.814697265625e-06,23.43817901611328,21.00701904296875,-2.4311599731445312,78.7764663696289,78.31385040283203,-0.462615966796875,0.15853118896484375,0.0975799560546875,1.0300377248811952,1.3639596782628904,-5.791815558650001,10.453723153634403,0,0,1,0,0,1,1,0,1,1,7
9,200003,gate15_c009_s200003,gate15_psll_200003_85adc4ecf9e1f6c2,gate15_boundary_scenes_run01,60,nominal_control,6,0.5234375,134,1,21.460710525512695,nominal_control,6,0.5234375,0.0,0.0,0.0,0,16,16,-1,-4.288414001464844,-4.288398742675781,1.52587890625e-05,25.95602798461914,25.956050872802734,2.288818359375e-05,22.39548110961914,22.395477294921875,-3.814697265625e-06,77.37361145019531,77.37360382080078,-7.62939453125e-06,0.6446456909179688,0.6446609497070312,1.0036461650242572,1.0036461650242572,10.032037616645898,10.014268548510701,1,1,1,1,1,1,0,1,1,1,5
10,200003,gate15_c010_s200003,gate15_psll_200003_85adc4ecf9e1f6c2,gate15_boundary_scenes_run01,60,gate15_psll_inside,6,0.5234375,134,1,21.460710525512695,gate15_psll_inside,6,0.5234375,0.0,0.0,0.0,0,16,16,-1,-4.288414001464844,-0.22708892822265625,4.0613250732421875,25.95602798461914,25.956043243408203,1.52587890625e-05,22.39548110961914,21.605384826660156,-0.7900962829589844,77.37361145019531,76.95809173583984,-0.41551971435546875,0.6446456909179688,0.6446380615234375,1.0036461650242572,1.0145016578298007,-0.06898953035115321,9.948445608787745,1,1,1,0,0,1,0,1,1,1,5
11,200003,gate15_c011_s200003,gate15_psll_200003_85adc4ecf9e1f6c2,gate15_boundary_scenes_run01,60,gate15_psll_outside,6,0.5234375,134,1,21.460710525512695,gate15_psll_outside,6,0.5234375,0.0,0.0,0.0,0,16,16,-1,-4.288414001464844,0.22438812255859375,4.5128021240234375,25.95602798461914,25.956058502197266,3.0517578125e-05,22.39548110961914,21.551284790039062,-0.8441963195800781,77.37361145019531,76.90514373779297,-0.46846771240234375,0.6446456909179688,0.6446380615234375,1.0036461650242572,1.0597998299552585,-1.0324285269880242,9.943585164560286,0,0,1,0,0,1,1,0,1,1,7
12,200004,gate15_c012_s200004,gate15_psll_200004_1c12768767174523,gate15_boundary_scenes_run01,66,nominal_control,6,0.72265625,185,1,14.045465469360352,nominal_control,11,0.72265625,0.0,0.0,0.0,0,16,16,-1,-6.885292053222656,-6.8852996826171875,-7.62939453125e-06,29.57398223876953,29.573970794677734,-1.1444091796875e-05,23.931079864501953,23.931079864501953,0.0,78.96701049804688,78.96701049804688,0.0,0.2428436279296875,0.2428436279296875,1.4462673401904567,1.4462673401904567,10.062650222367267,10.526113181452248,1,1,1,1,1,1,0,1,1,1,5
13,200004,gate15_c013_s200004,gate15_psll_200004_1c12768767174523,gate15_boundary_scenes_run01,66,gate15_psll_inside,6,0.72265625,185,1,14.045465469360352,gate15_psll_inside,11,0.72265625,0.0,0.0,0.0,0,16,16,-1,-6.885292053222656,-0.43505859375,6.450233459472656,29.57398223876953,29.573978424072266,-3.814697265625e-06,23.931079864501953,23.46154022216797,-0.4695396423339844,78.96701049804688,78.55050659179688,-0.41650390625,0.2428436279296875,0.2429656982421875,1.4462673401904567,1.4462673401904567,-7.385130945954743,10.540739836835854,1,1,1,0,0,1,0,1,1,1,5
14,200004,gate15_c014_s200004,gate15_psll_200004_1c12768767174523,gate15_boundary_scenes_run01,66,gate15_psll_outside,6,0.72265625,185,1,14.045465469360352,gate15_psll_outside,11,0.72265625,0.0,0.0,0.0,0,16,16,-1,-6.885292053222656,0.0177154541015625,6.903007507324219,29.57398223876953,29.573951721191406,-3.0517578125e-05,23.931079864501953,23.432998657226562,-0.4980812072753906,78.96701049804688,78.49964904785156,-0.4673614501953125,0.2428436279296875,0.24298858642578125,1.4462673401904567,1.4462673401904567,-6.300448792196863,10.540996270706469,0,0,1,0,0,1,1,0,1,1,7
15,200005,gate15_c015_s200005,gate15_psll_200005_f1d3431529f7334f,gate15_boundary_scenes_run01,66,nominal_control,6,0.72265625,185,1,12.560807228088379,nominal_control,11,0.72265625,0.0,0.0,0.0,0,16,16,-1,-7.3638458251953125,-7.363838195800781,7.62939453125e-06,28.23455047607422,28.234542846679688,-7.62939453125e-06,23.291065216064453,23.29106903076172,3.814697265625e-06,78.8746337890625,78.87462615966797,-7.62939453125e-06,0.1596527099609375,0.15966796875,0.9999999999999002,0.9999999999999002,10.0116252553061,10.540432410412258,1,1,1,1,1,1,0,1,1,1,5
16,200005,gate15_c016_s200005,gate15_psll_200005_f1d3431529f7334f,gate15_boundary_scenes_run01,66,gate15_psll_inside,6,0.72265625,185,1,12.560807228088379,gate15_psll_inside,11,0.72265625,0.0,0.0,0.0,0,16,16,-1,-7.3638458251953125,-0.44887542724609375,6.914970397949219,28.23455047607422,28.23456573486328,1.52587890625e-05,23.291065216064453,23.123252868652344,-0.16781234741210938,78.8746337890625,78.47998809814453,-0.39464569091796875,0.1596527099609375,0.19042205810546875,0.9999999999999002,1.3382236885273253,-14.451000572366512,10.69331686908382,1,1,1,0,0,1,0,1,1,1,5
17,200005,gate15_c017_s200005,gate15_psll_200005_f1d3431529f7334f,gate15_boundary_scenes_run01,66,gate15_psll_outside,6,0.72265625,185,1,12.560807228088379,gate15_psll_outside,11,0.72265625,0.0,0.0,0.0,0,16,16,-1,-7.3638458251953125,0.44448089599609375,7.808326721191406,28.23455047607422,28.234554290771484,3.814697265625e-06,23.291061401367188,22.919937133789062,-0.371124267578125,78.8746337890625,78.38042449951172,-0.49420928955078125,0.1596527099609375,0.19426727294921875,0.9999999999999002,1.3382236885273253,-3.6619856160433333,10.701383097448637,0,0,1,0,0,1,1,0,1,1,7
18,200006,gate15_c018_s200006,gate15_psll_200006_e972fa4c2d91862d,gate15_boundary_scenes_run01,60,nominal_control,6,0.5234375,134,1,19.935461044311523,nominal_control,6,0.5234375,0.0,0.0,0.0,0,16,16,-1,-4.998283386230469,-4.9982757568359375,7.62939453125e-06,26.08881378173828,26.088775634765625,-3.814697265625e-05,22.467422485351562,22.467411041259766,-1.1444091796875e-05,77.57154846191406,77.57154083251953,-7.62939453125e-06,0.8081893920898438,0.808197021484375,0.9999999999999002,0.9999999999999002,10.031744188748226,10.026407504335301,1,1,1,1,1,1,0,1,1,1,5
19,200006,gate15_c019_s200006,gate15_psll_200006_e972fa4c2d91862d,gate15_boundary_scenes_run01,60,gate15_psll_inside,6,0.5234375,134,1,19.935461044311523,gate15_psll_inside,6,0.5234375,0.0,0.0,0.0,0,16,16,-1,-4.998283386230469,-0.32450103759765625,4.6737823486328125,26.088817596435547,26.08877944946289,-3.814697265625e-05,22.467422485351562,21.146987915039062,-1.3204345703125,77.57154846191406,77.19773864746094,-0.373809814453125,0.8081893920898438,0.6970901489257812,0.9999999999999002,0.9999999999999002,-4.73700101823486,9.987866995903069,1,1,1,0,0,1,0,1,1,1,5
20,200006,gate15_c020_s200006,gate15_psll_200006_e972fa4c2d91862d,gate15_boundary_scenes_run01,60,gate15_psll_outside,6,0.5234375,134,1,19.935461044311523,gate15_psll_outside,6,0.5234375,0.0,0.0,0.0,0,16,16,-1,-4.998283386230469,0.4215545654296875,5.419837951660156,26.08881378173828,26.088764190673828,-4.9591064453125e-05,22.467422485351562,21.00994873046875,-1.4574737548828125,77.57154846191406,77.099853515625,-0.4716949462890625,0.8081893920898438,0.6847915649414062,0.9999999999999002,0.9999999999999002,-10.828000339673189,9.974657810774538,0,0,1,0,0,1,1,0,1,1,7
21,200007,gate15_c021_s200007,gate15_psll_200007_a5c2ab4ab589d080,gate15_boundary_scenes_run01,66,nominal_control,6,0.72265625,185,1,12.560807228088379,nominal_control,11,0.72265625,0.0,0.0,0.0,0,16,16,-1,-7.324470520019531,-7.3244781494140625,-7.62939453125e-06,28.178375244140625,28.178382873535156,7.62939453125e-06,23.552818298339844,23.552810668945312,-7.62939453125e-06,78.84721374511719,78.84720611572266,-7.62939453125e-06,0.14495086669921875,0.14495849609375,1.0000000000002647,1.0000000000002647,10.02540297129498,10.546159092517142,1,1,1,1,1,1,0,1,1,1,5
22,200007,gate15_c022_s200007,gate15_psll_200007_a5c2ab4ab589d080,gate15_boundary_scenes_run01,66,gate15_psll_inside,6,0.72265625,185,1,12.560807228088379,gate15_psll_inside,11,0.72265625,0.0,0.0,0.0,0,16,16,-1,-7.324470520019531,-0.27114105224609375,7.0533294677734375,28.178375244140625,28.178356170654297,-1.9073486328125e-05,23.552818298339844,22.737625122070312,-0.8151931762695312,78.84721374511719,78.45149993896484,-0.39571380615234375,0.14495086669921875,0.1927032470703125,1.0000000000002647,1.3382236885270529,-5.908520825948571,10.697441869310058,1,1,1,0,0,1,0,1,1,1,5
23,200007,gate15_c023_s200007,gate15_psll_200007_a5c2ab4ab589d080,gate15_boundary_scenes_run01,66,gate15_psll_outside,6,0.72265625,185,1,12.560807228088379,gate15_psll_outside,11,0.72265625,0.0,0.0,0.0,0,16,16,-1,-7.324470520019531,0.183074951171875,7.507545471191406,28.178375244140625,28.178359985351562,-1.52587890625e-05,23.552818298339844,22.572704315185547,-0.9801139831542969,78.84721374511719,78.40315246582031,-0.444061279296875,0.14495086669921875,0.19568634033203125,1.0000000000002647,1.3382236885270529,-6.853158691318603,10.70225403796048,0,0,1,0,0,1,1,0,1,1,7
24,200008,gate15_c024_s200008,gate15_psll_200008_319a15f32a015db9,gate15_boundary_scenes_run01,66,nominal_control,6,0.72265625,185,1,12.560807228088379,nominal_control,11,0.72265625,0.0,0.0,0.0,0,16,16,-1,-7.343269348144531,-7.34326171875,7.62939453125e-06,28.56543731689453,28.565406799316406,-3.0517578125e-05,23.253631591796875,23.253646850585938,1.52587890625e-05,78.84217834472656,78.84217834472656,0.0,0.1164398193359375,0.11644744873046875,1.3382236885273253,1.3382236885273253,10.050552381833048,10.522968911960053,1,1,1,1,1,1,0,1,1,1,5
25,200008,gate15_c025_s200008,gate15_psll_200008_319a15f32a015db9,gate15_boundary_scenes_run01,66,gate15_psll_inside,6,0.72265625,185,1,12.560807228088379,gate15_psll_inside,11,0.72265625,0.0,0.0,0.0,0,16,16,-1,-7.343254089355469,-0.32894134521484375,7.014312744140625,28.565433502197266,28.565406799316406,-2.6702880859375e-05,23.253631591796875,22.134910583496094,-1.1187210083007812,78.84217071533203,78.43205261230469,-0.41011810302734375,0.11644744873046875,0.32401275634765625,1.3382236885273253,1.3382236885273253,-3.931575129803209,10.570062657560172,1,1,1,0,0,1,0,1,1,1,5
26,200008,gate15_c026_s200008,gate15_psll_200008_319a15f32a015db9,gate15_boundary_scenes_run01,66,gate15_psll_outside,6,0.72265625,185,1,12.560807228088379,gate15_psll_outside,11,0.72265625,0.0,0.0,0.0,0,16,16,-1,-7.343254089355469,0.08141326904296875,7.4246673583984375,28.56543731689453,28.565399169921875,-3.814697265625e-05,23.253631591796875,22.005935668945312,-1.2476959228515625,78.84217071533203,78.38507843017578,-0.45709228515625,0.11644744873046875,0.35276031494140625,1.3382236885273253,1.3382236885273253,-5.114158188591674,10.572167186048366,0,0,1,0,0,1,1,0,1,1,7
27,200009,gate15_c027_s200009,gate15_psll_200009_889a75f1755aec50,gate15_boundary_scenes_run01,60,nominal_control,6,0.5234375,134,1,20.699947357177734,nominal_control,6,0.5234375,0.0,0.0,0.0,0,16,16,-1,-4.415977478027344,-4.415985107421875,-7.62939453125e-06,25.641170501708984,25.64116668701172,-3.814697265625e-06,22.275875091552734,22.275882720947266,7.62939453125e-06,75.7630844116211,75.7630844116211,0.0,2.1638717651367188,2.1638717651367188,1.019274182245362,1.019274182245362,10.011904989133566,10.062724770502331,1,1,1,1,1,1,0,1,1,1,5
28,200009,gate15_c028_s200009,gate15_psll_200009_889a75f1755aec50,gate15_boundary_scenes_run01,60,gate15_psll_inside,6,0.5234375,134,1,20.699947357177734,gate15_psll_inside,6,0.5234375,0.0,0.0,0.0,0,16,16,-1,-4.415977478027344,-0.209930419921875,4.206047058105469,25.641170501708984,25.641155242919922,-1.52587890625e-05,22.27587127685547,21.145423889160156,-1.1304473876953125,75.7630844116211,75.33123779296875,-0.43184661865234375,2.1638717651367188,2.2260589599609375,1.019274182245362,1.0000000000002647,-1.9132419784875767,9.945365379295271,1,1,1,0,0,1,0,1,1,1,5
29,200009,gate15_c029_s200009,gate15_psll_200009_889a75f1755aec50,gate15_boundary_scenes_run01,60,gate15_psll_outside,6,0.5234375,134,1,20.699947357177734,gate15_psll_outside,6,0.5234375,0.0,0.0,0.0,0,16,16,-1,-4.415977478027344,0.132080078125,4.548057556152344,25.641170501708984,25.641170501708984,0.0,22.27587127685547,21.09973907470703,-1.1761322021484375,75.7630844116211,75.292236328125,-0.47084808349609375,2.1638717651367188,2.2308197021484375,1.019274182245362,1.0000000000002647,-2.597337187408748,9.939113617111351,0,0,1,0,0,1,1,0,1,1,7
30,200010,gate15_c030_s200010,gate15_nearest_200010_77484a55d677c208,gate15_boundary_scenes_run01,36,nominal_control,4,0.4140625,106,0,22.024211883544922,nominal_control,0,0.4140625,0.0,0.0,0.0,0,16,16,-1,-4.9608001708984375,-4.960807800292969,-7.62939453125e-06,28.17315673828125,28.173168182373047,1.1444091796875e-05,23.924911499023438,23.924903869628906,-7.62939453125e-06,78.496337890625,78.496337890625,0.0,0.0911407470703125,0.0911407470703125,0.6180056077586904,0.6180056077586904,10.033091259737139,10.032344788998738,1,1,1,1,1,1,0,1,1,1,5
31,200010,gate15_c031_s200010,gate15_nearest_200010_77484a55d677c208,gate15_boundary_scenes_run01,36,gate15_nearest_inside,4,0.4140625,106,0,22.024211883544922,gate15_nearest_inside,0,0.4140625,0.0,0.0,0.0,0,16,16,-1,-4.9608001708984375,-4.9815826416015625,-0.020782470703125,28.17315673828125,25.123245239257812,-3.0499114990234375,23.924911499023438,21.072731018066406,-2.8521804809570312,78.496337890625,78.31425476074219,-0.1820831298828125,0.0911407470703125,0.7484359741210938,0.6180056077586904,0.6180056077586904,9.023420754401,10.036869122222178,1,1,1,0,0,1,0,1,1,1,5
32,200010,gate15_c032_s200010,gate15_nearest_200010_77484a55d677c208,gate15_boundary_scenes_run01,36,gate15_nearest_outside,4,0.4140625,106,0,22.024211883544922,gate15_nearest_outside,0,0.4140625,0.0,0.0,0.0,0,16,16,-1,-4.9608001708984375,-4.982887268066406,-0.02208709716796875,28.173171997070312,24.304935455322266,-3.868236541748047,23.924911499023438,20.81978988647461,-3.105121612548828,78.496337890625,78.30258178710938,-0.193756103515625,0.0911407470703125,0.793212890625,0.6180056077586904,0.6180056077586904,8.936059840135787,10.036869122222178,0,0,1,0,0,1,1,0,1,1,7
33,200011,gate15_c033_s200011,gate15_nearest_200011_240d5ce75b5e4550,gate15_boundary_scenes_run01,18,nominal_control,2,0.4140625,106,0,31.377717971801758,nominal_control,1,0.4140625,0.0,0.0,0.0,0,16,16,-1,-9.8551025390625,-9.855125427246094,-2.288818359375e-05,27.340545654296875,27.34056854248047,2.288818359375e-05,23.71582794189453,23.7158203125,-7.62939453125e-06,81.94146728515625,81.94148254394531,1.52587890625e-05,1.52587890625e-05,0.0,8.537736462515939e-07,8.537736462515939e-07,10.02666258541331,10.064881773500806,1,1,1,1,1,1,0,1,1,1,5
34,200011,gate15_c034_s200011,gate15_nearest_200011_240d5ce75b5e4550,gate15_boundary_scenes_run01,18,gate15_nearest_inside,2,0.4140625,106,0,31.377717971801758,gate15_nearest_inside,1,0.4140625,0.0,0.0,0.0,0,16,16,-1,-9.8551025390625,-9.863365173339844,-0.00826263427734375,27.340545654296875,25.37879180908203,-1.9617538452148438,23.71582794189453,21.748584747314453,-1.9672431945800781,81.94146728515625,81.58206176757812,-0.359405517578125,1.52587890625e-05,0.7547760009765625,8.537736462515939e-07,8.537736462515939e-07,9.522642623340923,10.21450757151229,1,1,1,0,0,1,0,1,1,1,5
35,200011,gate15_c035_s200011,gate15_nearest_200011_240d5ce75b5e4550,gate15_boundary_scenes_run01,18,gate15_nearest_outside,2,0.4140625,106,0,31.377717971801758,gate15_nearest_outside,1,0.4140625,0.0,0.0,0.0,0,16,16,-1,-9.8551025390625,-9.863822937011719,-0.00872039794921875,27.340545654296875,24.558326721191406,-2.7822189331054688,23.71582794189453,21.305770874023438,-2.4100570678710938,81.94146728515625,81.56192016601562,-0.379547119140625,1.52587890625e-05,0.7947235107421875,8.537736462515939e-07,8.537736462515939e-07,9.49623816500459,10.223222320225682,0,0,1,0,0,1,1,0,1,1,7
36,200012,gate15_c036_s200012,gate15_nearest_200012_4d54b5a17a6ec8f9,gate15_boundary_scenes_run01,19,nominal_control,2,0.3984375,102,1,54.11437225341797,nominal_control,2,0.3984375,0.0,0.0,0.0,0,16,16,-1,-6.1059417724609375,-6.105934143066406,7.62939453125e-06,31.7989501953125,31.7989501953125,0.0,23.392520904541016,23.392498016357422,-2.288818359375e-05,79.74623107910156,79.74623107910156,0.0,2.2280731201171875,2.2280731201171875,0.9999999999995357,0.9999999999995357,10.033138894077812,10.014189701557497,1,1,1,1,1,1,0,1,1,1,5
37,200012,gate15_c037_s200012,gate15_nearest_200012_4d54b5a17a6ec8f9,gate15_boundary_scenes_run01,19,gate15_nearest_inside,2,0.3984375,102,1,54.11437225341797,gate15_nearest_inside,2,0.3984375,0.0,0.0,0.0,0,16,16,-1,-6.1059417724609375,-6.335990905761719,-0.23004913330078125,31.7989501953125,25.39470672607422,-6.404243469238281,23.392520904541016,22.21078872680664,-1.181732177734375,79.74623107910156,79.89448547363281,0.14825439453125,2.2280731201171875,1.9035415649414062,0.9999999999995357,0.9999999999995357,9.973496038297677,10.061108453917424,1,1,1,0,0,1,0,1,1,1,5
38,200012,gate15_c038_s200012,gate15_nearest_200012_4d54b5a17a6ec8f9,gate15_boundary_scenes_run01,19,gate15_nearest_outside,2,0.3984375,102,1,54.11437225341797,gate15_nearest_outside,2,0.3984375,0.0,0.0,0.0,0,16,16,-1,-6.1059417724609375,-6.391754150390625,-0.2858123779296875,31.7989501953125,24.29218292236328,-7.506767272949219,23.392520904541016,21.61513900756836,-1.7773818969726562,79.74623107910156,79.9295654296875,0.1833343505859375,2.2280731201171875,1.8243255615234375,0.9999999999995357,0.9999999999995357,9.91684930034504,10.061108453917424,0,0,1,0,0,1,1,0,1,1,7
39,200013,gate15_c039_s200013,gate15_nearest_200013_3dc96cc469845f24,gate15_boundary_scenes_run01,39,nominal_control,4,0.50390625,129,0,15.107400894165039,nominal_control,3,0.50390625,0.0,0.0,0.0,0,16,16,-1,-8.892555236816406,-8.892547607421875,7.62939453125e-06,30.027957916259766,30.02796173095703,3.814697265625e-06,23.16086196899414,23.160858154296875,-3.814697265625e-06,80.1895523071289,80.18954467773438,-7.62939453125e-06,0.03266143798828125,0.0326690673828125,1.0000000000002647,1.0000000000002647,10.001695936014048,10.021305684695683,1,1,1,1,1,1,0,1,1,1,5
40,200013,gate15_c040_s200013,gate15_nearest_200013_3dc96cc469845f24,gate15_boundary_scenes_run01,39,gate15_nearest_inside,4,0.50390625,129,0,15.107400894165039,gate15_nearest_inside,3,0.50390625,0.0,0.0,0.0,0,16,16,-1,-8.892555236816406,-8.637527465820312,0.25502777099609375,30.027957916259766,25.23552703857422,-4.792430877685547,23.16086196899414,21.974712371826172,-1.1861495971679688,80.1895523071289,80.01091003417969,-0.17864227294921875,0.03266143798828125,0.7110748291015625,1.0000000000002647,1.0000000000002647,9.185890909009679,10.021305684695683,1,1,1,0,0,1,0,1,1,1,5
41,200013,gate15_c041_s200013,gate15_nearest_200013_3dc96cc469845f24,gate15_boundary_scenes_run01,39,gate15_nearest_outside,4,0.50390625,129,0,15.107400894165039,gate15_nearest_outside,3,0.50390625,0.0,0.0,0.0,0,16,16,-1,-8.892555236816406,-8.621803283691406,0.270751953125,30.027935028076172,24.447750091552734,-5.5801849365234375,23.16086196899414,21.751422882080078,-1.4094390869140625,80.1895523071289,79.99939727783203,-0.190155029296875,0.03266143798828125,0.7535629272460938,1.0000000000002647,1.0000000000002647,9.116394847155377,10.021305684695683,0,0,1,0,0,1,1,0,1,1,7
42,200014,gate15_c042_s200014,gate15_nearest_200014_ef1ce78d49987ba8,gate15_boundary_scenes_run01,21,nominal_control,2,0.49609375,127,0,33.03091049194336,nominal_control,4,0.49609375,0.0,0.0,0.0,0,16,16,-1,-10.180641174316406,-10.180633544921875,7.62939453125e-06,29.457630157470703,29.457595825195312,-3.4332275390625e-05,24.000579833984375,24.000579833984375,0.0,82.45951843261719,82.45950317382812,-1.52587890625e-05,0.96759033203125,0.9676055908203125,0.17430270312381774,0.17430270312381774,10.065987385555953,10.014534696405127,1,1,1,1,1,1,0,1,1,1,5
43,200014,gate15_c043_s200014,gate15_nearest_200014_ef1ce78d49987ba8,gate15_boundary_scenes_run01,21,gate15_nearest_inside,2,0.49609375,127,0,33.03091049194336,gate15_nearest_inside,4,0.49609375,0.0,0.0,0.0,0,16,16,-1,-10.180641174316406,-10.432456970214844,-0.2518157958984375,29.457630157470703,25.580398559570312,-3.8772315979003906,24.000579833984375,23.636898040771484,-0.3636817932128906,82.45951843261719,82.59815979003906,0.138641357421875,0.96759033203125,0.683319091796875,0.17430270312381774,0.17430270312381774,9.911049800229753,10.052591605663876,1,1,1,0,0,1,0,1,1,1,5
44,200014,gate15_c044_s200014,gate15_nearest_200014_ef1ce78d49987ba8,gate15_boundary_scenes_run01,21,gate15_nearest_outside,2,0.49609375,127,0,33.03091049194336,gate15_nearest_outside,4,0.49609375,0.0,0.0,0.0,0,16,16,-1,-10.180641174316406,-10.502655029296875,-0.32201385498046875,29.457630157470703,24.218891143798828,-5.238739013671875,24.000579833984375,22.833702087402344,-1.1668777465820312,82.45951843261719,82.6358413696289,0.17632293701171875,0.96759033203125,0.6038131713867188,0.17430270312381774,0.17430270312381774,9.804631120367883,10.063909548560039,0,0,1,0,0,1,1,0,1,1,7
45,200015,gate15_c045_s200015,gate15_nearest_200015_08dfc3e74c865e29,gate15_boundary_scenes_run01,23,nominal_control,2,0.51171875,131,1,70.28186798095703,nominal_control,5,0.51171875,0.0,0.0,0.0,0,16,16,-1,-5.1914215087890625,-5.191413879394531,7.62939453125e-06,29.565650939941406,29.565589904785156,-6.103515625e-05,22.80339813232422,22.803394317626953,-3.814697265625e-06,80.08787536621094,80.08787536621094,0.0,2.6778411865234375,2.6778411865234375,0.9999999999999002,0.9999999999999002,10.025581797302813,10.12751554471845,1,1,1,1,1,1,0,1,1,1,5
46,200015,gate15_c046_s200015,gate15_nearest_200015_08dfc3e74c865e29,gate15_boundary_scenes_run01,23,gate15_nearest_inside,2,0.51171875,131,1,70.28186798095703,gate15_nearest_inside,5,0.51171875,0.0,0.0,0.0,0,16,16,-1,-5.1914215087890625,-5.205963134765625,-0.0145416259765625,29.565650939941406,25.259971618652344,-4.3056793212890625,22.80339813232422,22.803394317626953,-3.814697265625e-06,80.08787536621094,80.37095642089844,0.2830810546875,2.6778411865234375,2.0932235717773438,0.9999999999999002,0.9999999999999002,9.825044504002516,10.12751554471845,1,1,1,0,0,1,0,1,1,1,5
47,200015,gate15_c047_s200015,gate15_nearest_200015_08dfc3e74c865e29,gate15_boundary_scenes_run01,23,gate15_nearest_outside,2,0.51171875,131,1,70.28186798095703,gate15_nearest_outside,5,0.51171875,0.0,0.0,0.0,0,16,16,-1,-5.1914215087890625,-5.2078704833984375,-0.016448974609375,29.565650939941406,24.188411712646484,-5.377239227294922,22.80339813232422,22.803394317626953,-3.814697265625e-06,80.08787536621094,80.40827941894531,0.320404052734375,2.6778411865234375,2.0128707885742188,0.9999999999999002,0.9999999999999002,9.773043600548409,10.12751554471845,0,0,1,0,0,1,1,0,1,1,7
48,200016,gate15_c048_s200016,gate15_nearest_200016_65739b34afb991b2,gate15_boundary_scenes_run01,42,nominal_control,4,0.59375,152,1,22.952224731445312,nominal_control,7,0.59375,0.0,0.0,0.0,0,16,16,-1,-6.07305908203125,-6.0730438232421875,1.52587890625e-05,28.69241714477539,28.692413330078125,-3.814697265625e-06,22.5037841796875,22.5037841796875,0.0,77.86072540283203,77.86072540283203,0.0,2.9530868530273438,2.9530868530273438,0.9999999999999002,0.9999999999999002,10.037385657966993,10.423211605271703,1,1,1,1,1,1,0,1,1,1,5
49,200016,gate15_c049_s200016,gate15_nearest_200016_65739b34afb991b2,gate15_boundary_scenes_run01,42,gate15_nearest_inside,4,0.59375,152,1,22.952224731445312,gate15_nearest_inside,7,0.59375,0.0,0.0,0.0,0,16,16,-1,-6.07305908203125,-6.0639190673828125,0.0091400146484375,28.69241714477539,25.455596923828125,-3.2368202209472656,22.5037841796875,22.5037841796875,0.0,77.86072540283203,77.78636169433594,-0.07436370849609375,2.9530868530273438,2.9675064086914062,0.9999999999999002,0.9999999999999002,9.94817326949997,10.449267039096554,1,1,1,0,0,1,0,1,1,1,5
50,200016,gate15_c050_s200016,gate15_nearest_200016_65739b34afb991b2,gate15_boundary_scenes_run01,42,gate15_nearest_outside,4,0.59375,152,1,22.952224731445312,gate15_nearest_outside,7,0.59375,0.0,0.0,0.0,0,16,16,-1,-6.07305908203125,-6.06085205078125,0.01220703125,28.69241714477539,24.301067352294922,-4.391349792480469,22.5037841796875,21.955482482910156,-0.5483016967773438,77.86072540283203,77.7613525390625,-0.09937286376953125,2.9530868530273438,2.972320556640625,0.9999999999999002,0.9999999999999002,9.908923077711048,10.45807343689519,0,0,1,0,0,1,1,0,1,1,7
51,200017,gate15_c051_s200017,gate15_nearest_200017_93f6cb849cf44c86,gate15_boundary_scenes_run01,24,nominal_control,2,0.5625,144,0,25.98128318786621,nominal_control,8,0.5625,0.0,0.0,0.0,0,16,16,-1,-12.813758850097656,-12.813735961914062,2.288818359375e-05,33.13618087768555,33.13615417480469,-2.6702880859375e-05,24.077686309814453,24.07770538330078,1.9073486328125e-05,83.677734375,83.67770385742188,-3.0517578125e-05,0.00974273681640625,0.00980377197265625,0.13950589904607988,0.13950589904607988,10.050035316206504,10.64884185764259,1,1,1,1,1,1,0,1,1,1,5
52,200017,gate15_c052_s200017,gate15_nearest_200017_93f6cb849cf44c86,gate15_boundary_scenes_run01,24,gate15_nearest_inside,2,0.5625,144,0,25.98128318786621,gate15_nearest_inside,8,0.5625,0.0,0.0,0.0,0,16,16,-1,-12.813758850097656,-12.528091430664062,0.28566741943359375,33.13618087768555,25.239604949951172,-7.896575927734375,24.077686309814453,22.578529357910156,-1.4991569519042969,83.677734375,83.486328125,-0.19140625,0.00974273681640625,0.372711181640625,0.13950589904607988,0.2789695098888165,10.050035316206504,10.683659657903162,1,1,1,1,1,1,0,1,1,1,5
53,200017,gate15_c053_s200017,gate15_nearest_200017_93f6cb849cf44c86,gate15_boundary_scenes_run01,24,gate15_nearest_outside,2,0.5625,144,0,25.98128318786621,gate15_nearest_outside,8,0.5625,0.0,0.0,0.0,0,16,16,-1,-12.813758850097656,-12.495826721191406,0.31793212890625,33.13618087768555,24.51565170288086,-8.620529174804688,24.077686309814453,22.283554077148438,-1.7941322326660156,83.677734375,83.46390533447266,-0.21382904052734375,0.00974273681640625,0.41422271728515625,0.13950589904607988,0.2789695098888165,10.050035316206504,10.687687988158165,0,0,1,1,0,1,1,0,1,1,7
54,200018,gate15_c054_s200018,gate15_nearest_200018_7ee4c03f2e6c84d7,gate15_boundary_scenes_run01,45,nominal_control,4,0.65234375,167,1,16.59421730041504,nominal_control,9,0.65234375,0.0,0.0,0.0,0,16,16,-1,-6.835762023925781,-6.83575439453125,7.62939453125e-06,27.68419647216797,27.684215545654297,1.9073486328125e-05,22.9678955078125,22.967933654785156,3.814697265625e-05,78.91219329833984,78.91218566894531,-7.62939453125e-06,2.7049026489257812,2.7049102783203125,0.9999999999999002,0.9999999999999002,10.020814084974978,10.600791029614918,1,1,1,1,1,1,0,1,1,1,5
55,200018,gate15_c055_s200018,gate15_nearest_200018_7ee4c03f2e6c84d7,gate15_boundary_scenes_run01,45,gate15_nearest_inside,4,0.65234375,167,1,16.59421730041504,gate15_nearest_inside,9,0.65234375,0.0,0.0,0.0,0,16,16,-1,-6.835762023925781,-6.831733703613281,0.0040283203125,27.68419647216797,25.263347625732422,-2.420848846435547,22.9678955078125,23.02471160888672,0.05681610107421875,78.91219329833984,78.97515869140625,0.06296539306640625,2.7049026489257812,2.6962051391601562,0.9999999999999002,0.9999999999999002,9.55510136416947,10.58686060521046,1,1,1,0,0,1,0,1,1,1,5
56,200018,gate15_c056_s200018,gate15_nearest_200018_7ee4c03f2e6c84d7,gate15_boundary_scenes_run01,45,gate15_nearest_outside,4,0.65234375,167,1,16.59421730041504,gate15_nearest_outside,9,0.65234375,0.0,0.0,0.0,0,16,16,-1,-6.835762023925781,-6.8300933837890625,0.00566864013671875,27.684188842773438,24.561656951904297,-3.1225318908691406,22.9678955078125,23.02471160888672,0.05681610107421875,78.91219329833984,78.98171997070312,0.06952667236328125,2.7049026489257812,2.6962203979492188,0.9999999999999002,0.9999999999999002,9.500105977178528,10.585319727355193,0,0,1,0,0,1,1,0,1,1,7
57,200019,gate15_c057_s200019,gate15_nearest_200019_40626854940e7572,gate15_boundary_scenes_run01,27,nominal_control,2,0.65625,168,0,14.034088134765625,nominal_control,10,0.65625,0.0,0.0,0.0,0,16,16,-1,-10.966888427734375,-10.966865539550781,2.288818359375e-05,27.922950744628906,27.922962188720703,1.1444091796875e-05,24.66527557373047,24.665306091308594,3.0517578125e-05,84.03578186035156,84.0357666015625,-1.52587890625e-05,0.0,1.52587890625e-05,8.537736462515939e-07,8.537736462515939e-07,10.064926312103946,10.599776229966238,1,1,1,1,1,1,0,1,1,1,5
58,200019,gate15_c058_s200019,gate15_nearest_200019_40626854940e7572,gate15_boundary_scenes_run01,27,gate15_nearest_inside,2,0.65625,168,0,14.034088134765625,gate15_nearest_inside,10,0.65625,0.0,0.0,0.0,0,16,16,-1,-10.966888427734375,-10.531951904296875,0.4349365234375,27.922950744628906,25.291553497314453,-2.631397247314453,24.66527557373047,20.93645477294922,-3.72882080078125,84.03578186035156,83.63099670410156,-0.40478515625,0.0,0.76068115234375,8.537736462515939e-07,8.537736462515939e-07,8.357419607708104,10.65201021152027,1,1,1,0,0,1,0,1,1,1,5
59,200019,gate15_c059_s200019,gate15_nearest_200019_40626854940e7572,gate15_boundary_scenes_run01,27,gate15_nearest_outside,2,0.65625,168,0,14.034088134765625,gate15_nearest_outside,10,0.65625,0.0,0.0,0.0,0,16,16,-1,-10.966888427734375,-10.506935119628906,0.45995330810546875,27.922950744628906,24.537464141845703,-3.385486602783203,24.66527557373047,20.613418579101562,-4.051856994628906,84.03578186035156,83.6070556640625,-0.4287261962890625,0.0,0.8035125732421875,8.537736462515939e-07,8.537736462515939e-07,8.228068976824558,10.655553410863789,0,0,1,0,0,1,1,0,1,1,7
60,200020,gate15_c060_s200020,gate15_local_200020_1ca44285e40348d1,gate15_boundary_scenes_run01,48,nominal_control,4,0.70703125,181,0,14.021708488464355,nominal_control,12,0.70703125,0.0,0.0,0.0,0,16,16,-1,-8.939613342285156,-8.939605712890625,7.62939453125e-06,28.338287353515625,28.3382568359375,-3.0517578125e-05,23.01642608642578,23.01642608642578,0.0,81.35853576660156,81.35853576660156,0.0,0.0355224609375,0.0355224609375,1.0000000000002647,1.0000000000002647,10.025908833171735,11.016580245261615,1,1,1,1,1,1,0,0,1,1,3
61,200020,gate15_c061_s200020,gate15_local_200020_1ca44285e40348d1,gate15_boundary_scenes_run01,48,gate15_local_inside,4,0.70703125,181,0,14.021708488464355,gate15_local_inside,12,0.70703125,0.0,0.0,0.0,0,16,16,-1,-8.939613342285156,-8.964508056640625,-0.02489471435546875,28.338287353515625,28.3382568359375,-3.0517578125e-05,23.01642608642578,15.607345581054688,-7.409080505371094,81.35853576660156,81.29586791992188,-0.0626678466796875,0.0355224609375,0.06634521484375,1.0000000000002647,0.9999999999999002,4.596868865546022,11.016580245261615,1,0,1,0,0,1,0,0,1,1,3
62,200020,gate15_c062_s200020,gate15_local_200020_1ca44285e40348d1,gate15_boundary_scenes_run01,48,gate15_local_outside,4,0.70703125,181,0,14.021708488464355,gate15_local_outside,12,0.70703125,0.0,0.0,0.0,0,16,16,-1,-8.939613342285156,-8.671630859375,0.26798248291015625,28.338287353515625,28.3382568359375,-3.0517578125e-05,23.01642608642578,14.173675537109375,-8.842750549316406,81.35853576660156,81.27130126953125,-0.0872344970703125,0.0355224609375,0.110321044921875,1.0000000000002647,0.9999999999999002,3.653653929631848,11.016580245261615,0,0,1,0,0,1,1,0,1,1,7
63,200021,gate15_c063_s200021,gate15_local_200021_65081b00a77309cd,gate15_boundary_scenes_run01,49,nominal_control,4,0.75,192,1,29.651823043823242,nominal_control,13,0.75,0.0,0.0,0.0,0,16,16,-1,-5.6542510986328125,-5.6542510986328125,0.0,27.463451385498047,27.463436126708984,-1.52587890625e-05,22.434764862060547,22.434795379638672,3.0517578125e-05,78.75711059570312,78.75711059570312,0.0,1.6433486938476562,1.643341064453125,0.9999999999999002,0.9999999999999002,10.005715833406551,11.704902646261377,1,1,1,1,1,1,0,1,1,1,5
64,200021,gate15_c064_s200021,gate15_local_200021_65081b00a77309cd,gate15_boundary_scenes_run01,49,gate15_local_inside,4,0.75,192,1,29.651823043823242,gate15_local_inside,13,0.75,0.0,0.0,0.0,0,16,16,-1,-5.654243469238281,-4.8804473876953125,0.7737960815429688,27.463451385498047,27.463436126708984,-1.52587890625e-05,22.434764862060547,15.667190551757812,-6.767574310302734,78.75711059570312,78.74937438964844,-0.0077362060546875,1.6433486938476562,1.6433486938476562,0.9999999999999002,0.9999999999999002,2.5800392579365647,11.704902646261377,1,0,1,0,0,1,0,0,1,1,3
65,200021,gate15_c065_s200021,gate15_local_200021_65081b00a77309cd,gate15_boundary_scenes_run01,49,gate15_local_outside,4,0.75,192,1,29.651823043823242,gate15_local_outside,13,0.75,0.0,0.0,0.0,0,16,16,-1,-5.6542510986328125,-4.6008758544921875,1.053375244140625,27.463451385498047,27.463436126708984,-1.52587890625e-05,22.434764862060547,14.157211303710938,-8.27755355834961,78.75711059570312,78.73628997802734,-0.02082061767578125,1.6433486938476562,1.6433486938476562,0.9999999999999002,0.9999999999999002,0.3382359940090345,11.704902646261377,0,0,1,0,0,1,1,0,1,1,7
66,200022,gate15_c066_s200022,gate15_local_200022_ef75f9fa410c53b5,gate15_boundary_scenes_run01,30,nominal_control,2,0.75390625,193,0,32.67011642456055,nominal_control,14,0.75390625,0.0,0.0,0.0,0,16,16,-1,-14.663467407226562,-14.663436889648438,3.0517578125e-05,29.840309143066406,29.840343475341797,3.4332275390625e-05,26.020137786865234,26.020111083984375,-2.6702880859375e-05,85.48785400390625,85.48783874511719,-1.52587890625e-05,7.62939453125e-06,2.288818359375e-05,0.0,0.0,10.027295474484957,11.797172860616278,1,1,1,1,1,1,0,0,1,1,3
67,200022,gate15_c067_s200022,gate15_local_200022_ef75f9fa410c53b5,gate15_boundary_scenes_run01,30,gate15_local_inside,2,0.75390625,193,0,32.67011642456055,gate15_local_inside,14,0.75390625,0.0,0.0,0.0,0,16,16,-1,-14.663467407226562,-15.32977294921875,-0.6663055419921875,29.840309143066406,29.840343475341797,3.4332275390625e-05,26.020137786865234,15.492012023925781,-10.528125762939453,85.48785400390625,85.36568450927734,-0.12216949462890625,7.62939453125e-06,0.0051727294921875,0.0,0.9999999999999002,7.391884260183237,11.797172860616278,1,0,1,0,0,1,0,0,1,1,3
68,200022,gate15_c068_s200022,gate15_local_200022_ef75f9fa410c53b5,gate15_boundary_scenes_run01,30,gate15_local_outside,2,0.75390625,193,0,32.67011642456055,gate15_local_outside,14,0.75390625,0.0,0.0,0.0,0,16,16,-1,-14.663467407226562,-15.314674377441406,-0.6512069702148438,29.840309143066406,29.840343475341797,3.4332275390625e-05,26.020137786865234,14.167098999023438,-11.853038787841797,85.48785400390625,85.330078125,-0.15777587890625,7.62939453125e-06,0.060546875,0.0,0.9999999999999002,6.725622474064897,11.797172860616278,0,0,1,0,0,1,1,0,1,1,7
69,200023,gate15_c069_s200023,gate15_local_200023_9595b512bccdd33a,gate15_boundary_scenes_run01,36,nominal_control,4,0.4140625,106,0,22.024211883544922,nominal_control,0,0.4140625,0.0,0.0,0.0,0,16,16,-1,-5.2158203125,-5.2158355712890625,-1.52587890625e-05,26.617233276367188,26.617198944091797,-3.4332275390625e-05,22.933975219726562,22.933982849121094,7.62939453125e-06,78.03435516357422,78.03435516357422,0.0,2.288818359375e-05,1.52587890625e-05,8.537736462515939e-07,8.537736462515939e-07,10.024738790842276,10.02654351448663,1,1,1,1,1,1,0,1,1,1,5
70,200023,gate15_c070_s200023,gate15_local_200023_9595b512bccdd33a,gate15_boundary_scenes_run01,36,gate15_local_inside,4,0.4140625,106,0,22.024211883544922,gate15_local_inside,0,0.4140625,0.0,0.0,0.0,0,16,16,-1,-5.2158203125,-5.26373291015625,-0.04791259765625,26.617233276367188,26.617198944091797,-3.4332275390625e-05,22.933979034423828,15.431983947753906,-7.501995086669922,78.03435516357422,78.06797790527344,0.03362274169921875,2.288818359375e-05,2.288818359375e-05,8.537736462515939e-07,8.537736462515939e-07,7.527962797517569,10.02446724179454,1,0,1,0,0,1,0,0,1,1,3
71,200023,gate15_c071_s200023,gate15_local_200023_9595b512bccdd33a,gate15_boundary_scenes_run01,36,gate15_local_outside,4,0.4140625,106,0,22.024211883544922,gate15_local_outside,0,0.4140625,0.0,0.0,0.0,0,16,16,-1,-5.2158203125,-5.243232727050781,-0.02741241455078125,26.617233276367188,26.617198944091797,-3.4332275390625e-05,22.933979034423828,14.697463989257812,-8.236515045166016,78.03435516357422,78.07034301757812,0.03598785400390625,2.288818359375e-05,2.288818359375e-05,8.537736462515939e-07,8.537736462515939e-07,7.0240386746461345,10.022692011287992,0,0,1,0,0,1,1,0,1,1,7
72,200024,gate15_c072_s200024,gate15_local_200024_9fe2eef57cf543d1,gate15_boundary_scenes_run01,18,nominal_control,2,0.4140625,106,0,31.377717971801758,nominal_control,1,0.4140625,0.0,0.0,0.0,0,16,16,-1,-10.79473876953125,-10.794731140136719,7.62939453125e-06,27.602920532226562,27.60289764404297,-2.288818359375e-05,21.997879028320312,21.997840881347656,-3.814697265625e-05,81.44214630126953,81.44214630126953,0.0,0.7860488891601562,0.7860488891601562,1.2074182697257333e-06,1.2074182697257333e-06,10.099892635315754,10.134096134528747,1,1,1,1,1,1,0,1,1,1,5
73,200024,gate15_c073_s200024,gate15_local_200024_9fe2eef57cf543d1,gate15_boundary_scenes_run01,18,gate15_local_inside,2,0.4140625,106,0,31.377717971801758,gate15_local_inside,1,0.4140625,0.0,0.0,0.0,0,16,16,-1,-10.79473876953125,-9.923591613769531,0.8711471557617188,27.602920532226562,27.602954864501953,3.4332275390625e-05,21.997879028320312,15.491218566894531,-6.506660461425781,81.44214630126953,81.22235107421875,-0.21979522705078125,0.7860488891601562,0.8580780029296875,1.2074182697257333e-06,0.9999999999999002,-0.4439411959442074,9.923456180785177,1,0,1,0,0,1,0,0,1,1,3
74,200024,gate15_c074_s200024,gate15_local_200024_9fe2eef57cf543d1,gate15_boundary_scenes_run01,18,gate15_local_outside,2,0.4140625,106,0,31.377717971801758,gate15_local_outside,1,0.4140625,0.0,0.0,0.0,0,16,16,-1,-10.79473876953125,-9.832115173339844,0.9626235961914062,27.602920532226562,27.60293960571289,1.9073486328125e-05,21.997879028320312,14.565513610839844,-7.432365417480469,81.44214630126953,81.18989562988281,-0.25225067138671875,0.7860488891601562,0.885650634765625,1.2074182697257333e-06,0.9999999999999002,-0.06887600548931078,9.902485026066564,0,0,1,0,0,1,1,0,1,1,7
75,200025,gate15_c075_s200025,gate15_local_200025_6ada1fe89e2de65f,gate15_boundary_scenes_run01,19,nominal_control,2,0.3984375,102,1,54.11437225341797,nominal_control,2,0.3984375,0.0,0.0,0.0,0,16,16,-1,-6.757476806640625,-6.757484436035156,-7.62939453125e-06,27.08666229248047,27.086654663085938,-7.62939453125e-06,24.98334503173828,24.983306884765625,-3.814697265625e-05,78.8868637084961,78.8868637084961,0.0,2.4544754028320312,2.4544754028320312,0.9999999999995357,0.9999999999995357,10.065925662762352,10.036832819152021,1,1,1,1,1,1,0,1,1,1,5
76,200025,gate15_c076_s200025,gate15_local_200025_6ada1fe89e2de65f,gate15_boundary_scenes_run01,19,gate15_local_inside,2,0.3984375,102,1,54.11437225341797,gate15_local_inside,2,0.3984375,0.0,0.0,0.0,0,16,16,-1,-6.757476806640625,-4.658111572265625,2.099365234375,27.08666229248047,27.086654663085938,-7.62939453125e-06,24.98334503173828,15.523765563964844,-9.459579467773438,78.8868637084961,78.56135559082031,-0.32550811767578125,2.4544754028320312,2.575347900390625,0.9999999999995357,8.537736462515939e-07,0.5744553311386097,9.885365927857121,1,0,1,0,0,1,0,0,1,1,3
77,200025,gate15_c077_s200025,gate15_local_200025_6ada1fe89e2de65f,gate15_boundary_scenes_run01,19,gate15_local_outside,2,0.3984375,102,1,54.11437225341797,gate15_local_outside,2,0.3984375,0.0,0.0,0.0,0,16,16,-1,-6.757476806640625,-4.316764831542969,2.4407119750976562,27.08666229248047,27.086654663085938,-7.62939453125e-06,24.98334503173828,14.56689453125,-10.416450500488281,78.8868637084961,78.52354431152344,-0.36331939697265625,2.4544754028320312,2.542633056640625,0.9999999999995357,0.9999999999995357,2.420879625093834,9.823636461694887,0,0,1,0,0,1,1,0,1,1,7
78,200026,gate15_c078_s200026,gate15_local_200026_aedc244a701cd30d,gate15_boundary_scenes_run01,39,nominal_control,4,0.50390625,129,0,15.107400894165039,nominal_control,3,0.50390625,0.0,0.0,0.0,0,16,16,-1,-8.619590759277344,-8.619575500488281,1.52587890625e-05,28.86688995361328,28.866878509521484,-1.1444091796875e-05,24.128623962402344,24.12863540649414,1.1444091796875e-05,79.80004119873047,79.80004119873047,0.0,0.1267242431640625,0.1267242431640625,1.0000000000002647,1.0000000000002647,10.01157540822505,10.00489808972987,1,1,1,1,1,1,0,1,1,1,5
79,200026,gate15_c079_s200026,gate15_local_200026_aedc244a701cd30d,gate15_boundary_scenes_run01,39,gate15_local_inside,4,0.50390625,129,0,15.107400894165039,gate15_local_inside,3,0.50390625,0.0,0.0,0.0,0,16,16,-1,-8.619590759277344,-8.71295166015625,-0.09336090087890625,28.86688995361328,28.866905212402344,1.52587890625e-05,24.128612518310547,15.414390563964844,-8.714221954345703,79.80004119873047,79.79519653320312,-0.00484466552734375,0.1267242431640625,0.1662445068359375,1.0000000000002647,1.019274182245362,8.779040618370496,10.00489808972987,1,0,1,0,0,1,0,0,1,1,3
80,200026,gate15_c080_s200026,gate15_local_200026_aedc244a701cd30d,gate15_boundary_scenes_run01,39,gate15_local_outside,4,0.50390625,129,0,15.107400894165039,gate15_local_outside,3,0.50390625,0.0,0.0,0.0,0,16,16,-1,-8.619590759277344,-8.708770751953125,-0.08917999267578125,28.86688995361328,28.86687469482422,-1.52587890625e-05,24.128612518310547,14.086509704589844,-10.042102813720703,79.80004119873047,79.78851318359375,-0.01152801513671875,0.1267242431640625,0.17504119873046875,1.0000000000002647,1.019274182245362,8.462656762075428,10.00489808972987,0,0,1,0,0,1,1,0,1,1,7
81,200027,gate15_c081_s200027,gate15_local_200027_c3d793a35c43d036,gate15_boundary_scenes_run01,21,nominal_control,2,0.49609375,127,0,33.03091049194336,nominal_control,4,0.49609375,0.0,0.0,0.0,0,16,16,-1,-9.994918823242188,-9.994926452636719,-7.62939453125e-06,28.99475860595703,28.99478530883789,2.6702880859375e-05,22.980751037597656,22.98077392578125,2.288818359375e-05,81.89007568359375,81.89009094238281,1.52587890625e-05,0.9875030517578125,0.98748779296875,8.537736462515939e-07,8.537736462515939e-07,10.0554443541649,10.092706929569928,1,1,1,1,1,1,0,1,1,1,5
82,200027,gate15_c082_s200027,gate15_local_200027_c3d793a35c43d036,gate15_boundary_scenes_run01,21,gate15_local_inside,2,0.49609375,127,0,33.03091049194336,gate15_local_inside,4,0.49609375,0.0,0.0,0.0,0,16,16,-1,-9.994918823242188,-9.371383666992188,0.62353515625,28.99475860595703,28.9947509765625,-7.62939453125e-06,22.980751037597656,15.372894287109375,-7.607856750488281,81.89007568359375,81.97077941894531,0.0807037353515625,0.9875030517578125,0.7502288818359375,8.537736462515939e-07,1.0000000000002647,3.499784834115432,10.116412218274139,1,0,1,0,0,1,0,0,1,1,3
83,200027,gate15_c083_s200027,gate15_local_200027_c3d793a35c43d036,gate15_boundary_scenes_run01,21,gate15_local_outside,2,0.49609375,127,0,33.03091049194336,gate15_local_outside,4,0.49609375,0.0,0.0,0.0,0,16,16,-1,-9.994918823242188,-9.227333068847656,0.7675857543945312,28.99475860595703,28.994773864746094,1.52587890625e-05,22.980751037597656,14.193962097167969,-8.786788940429688,81.89007568359375,81.97449493408203,0.08441925048828125,0.9875030517578125,0.6937942504882812,8.537736462515939e-07,1.0000000000002647,1.808408680844268,10.118756338407277,0,0,1,0,0,1,1,0,1,1,7
84,200028,gate15_c084_s200028,gate15_local_200028_647491738202fbf1,gate15_boundary_scenes_run01,42,nominal_control,4,0.59375,152,1,22.952224731445312,nominal_control,7,0.59375,0.0,0.0,0.0,0,16,16,-1,-6.8790283203125,-6.879035949707031,-7.62939453125e-06,27.16595458984375,27.165935516357422,-1.9073486328125e-05,23.27383804321289,23.273826599121094,-1.1444091796875e-05,78.44902038574219,78.44902038574219,0.0,2.6461868286132812,2.6461868286132812,1.0000000000002647,1.0000000000002647,10.011706237347916,10.266860457619524,1,1,1,1,1,1,0,1,1,1,5
85,200028,gate15_c085_s200028,gate15_local_200028_647491738202fbf1,gate15_boundary_scenes_run01,42,gate15_local_inside,4,0.59375,152,1,22.952224731445312,gate15_local_inside,7,0.59375,0.0,0.0,0.0,0,16,16,-1,-6.8790283203125,-3.1610870361328125,3.7179412841796875,27.16595458984375,27.165935516357422,-1.9073486328125e-05,23.27383804321289,15.225349426269531,-8.04848861694336,78.44902038574219,78.21615600585938,-0.2328643798828125,2.6461868286132812,2.6752243041992188,1.0000000000002647,0.9999999999999002,-6.06241318674776,10.053962499518857,1,0,1,0,0,1,0,0,1,1,3
86,200028,gate15_c086_s200028,gate15_local_200028_647491738202fbf1,gate15_boundary_scenes_run01,42,gate15_local_outside,4,0.59375,152,1,22.952224731445312,gate15_local_outside,7,0.59375,0.0,0.0,0.0,0,16,16,-1,-6.8790283203125,-2.9061431884765625,3.9728851318359375,27.16595458984375,27.165935516357422,-1.9073486328125e-05,23.27383804321289,14.474472045898438,-8.799365997314453,78.44902038574219,78.22042846679688,-0.2285919189453125,2.6461868286132812,2.6365737915039062,1.0000000000002647,0.9999999999999002,-8.375626631871047,10.015524324073155,0,0,1,0,0,1,1,0,1,1,7
87,200029,gate15_c087_s200029,gate15_local_200029_5e36773798f520de,gate15_boundary_scenes_run01,24,nominal_control,2,0.5625,144,0,25.98128318786621,nominal_control,8,0.5625,0.0,0.0,0.0,0,16,16,-1,-11.305030822753906,-11.305015563964844,1.52587890625e-05,28.491119384765625,28.491134643554688,1.52587890625e-05,24.3226318359375,24.32263946533203,7.62939453125e-06,83.38806915283203,83.38804626464844,-2.288818359375e-05,0.01190185546875,0.0119476318359375,0.2789695098888165,0.2789695098888165,10.036397914216055,10.683330219192156,1,1,1,1,1,1,0,1,1,1,5
88,200029,gate15_c088_s200029,gate15_local_200029_5e36773798f520de,gate15_boundary_scenes_run01,24,gate15_local_inside,2,0.5625,144,0,25.98128318786621,gate15_local_inside,8,0.5625,0.0,0.0,0.0,0,16,16,-1,-11.305030822753906,-10.755722045898438,0.5493087768554688,28.491119384765625,28.491134643554688,1.52587890625e-05,24.3226318359375,15.264640808105469,-9.057991027832031,83.38806915283203,83.30445861816406,-0.08361053466796875,0.01190185546875,0.15299224853515625,0.2789695098888165,0.9999999999999002,-0.2067302239586764,10.543796174895839,1,0,1,0,0,1,0,0,1,1,3
89,200029,gate15_c089_s200029,gate15_local_200029_5e36773798f520de,gate15_boundary_scenes_run01,24,gate15_local_outside,2,0.5625,144,0,25.98128318786621,gate15_local_outside,8,0.5625,0.0,0.0,0.0,0,16,16,-1,-11.305030822753906,-10.401176452636719,0.9038543701171875,28.491119384765625,28.491134643554688,1.52587890625e-05,24.3226318359375,14.406326293945312,-9.916305541992188,83.38806915283203,83.27050018310547,-0.1175689697265625,0.01190185546875,0.20426177978515625,0.2789695098888165,0.9999999999999002,-3.4291328344056597,10.51929954568466,0,0,1,0,0,1,1,0,1,1,7
