stimulus_index,side,window_role,window_x0,window_y0,window_score,sample_index,scene_class,k_value,ratio,frequency_ghz,state_name,source_type,task_index,local_active_count,active_rl_db,total_rl_db,external_incident_power,external_accepted_power,antenna_accepted_power,network_dissipated_power,actual_load_insertion_efficiency,actual_load_transducer_efficiency
0,2,corner,14,14,0.4495838273688229,426105,near_boundary,2,0.800000011920929,9.96,frequency_low_identity,combined,-1,3,19.159900927564646,21.42501324080164,1.000000007836031,0.9927972522270533,0.9727161547962048,0.020081097430848516,0.9797732141322889,0.9727161471739709
1,2,corner,14,14,0.4495838273688229,426105,near_boundary,2,0.800000011920929,9.96,frequency_low_identity,task,0,3,18.044708015296575,20.75370765438969,1.0000000596220833,0.991593287789039,0.9724762455881235,0.01911704220091548,0.9807208838176579,0.9724761876070672
2,2,corner,14,14,0.4495838273688229,426105,near_boundary,2,0.800000011920929,9.96,frequency_low_identity,task,1,3,21.067867162908417,21.52353808508165,1.0000000201619896,0.9929588279450843,0.9727867635122712,0.020172064432813053,0.9796848934063471,0.972786743898955
3,2,corner,14,14,0.4495838273688229,426105,near_boundary,2,0.800000011920929,9.96,frequency_low_E2_source,combined,-1,3,19.288905990093806,21.335763852911832,1.000000059341298,0.9926477522143875,0.9725652670370463,0.020082485177341236,0.9797687698052593,0.9725652093237642
4,2,corner,14,14,0.4495838273688229,426105,near_boundary,2,0.800000011920929,9.96,frequency_low_E2_source,task,0,3,18.03087577214785,20.74675771903948,0.9999999924833718,0.9915797572418787,0.9724787000789542,0.01910105716292454,0.9807367415243985,0.9724787073887151
5,2,corner,14,14,0.4495838273688229,426105,near_boundary,2,0.800000011920929,9.96,frequency_low_E2_source,task,1,3,20.99780442983978,21.401421772689567,0.9999999697782831,0.9927579816323436,0.9727086437923147,0.020049337840028936,0.9798044052921511,0.9727086731892408
15,2,corner,14,14,0.4495838273688229,426109,near_boundary,2,0.6000000238418579,9.96,frequency_low_identity,combined,-1,2,21.89416875735502,21.452665070199124,1.0000000157702502,0.9928429748576261,0.9707803810666285,0.02206259379099762,0.9777783654115482,0.9707803657571792
16,2,corner,14,14,0.4495838273688229,426109,near_boundary,2,0.6000000238418579,9.96,frequency_low_identity,task,0,2,18.570539083908802,20.591441713442112,0.9999999594031088,0.9912731435675588,0.9697511394796201,0.021522004087938695,0.9782885229690762,0.9697511788485031
17,2,corner,14,14,0.4495838273688229,426109,near_boundary,2,0.6000000238418579,9.96,frequency_low_identity,task,1,2,22.792240675377226,23.691238172515348,0.9999999476633841,0.9957255378325794,0.9726920762026422,0.023033461629937246,0.9768676600581373,0.9726921271100565
18,2,corner,14,14,0.4495838273688229,426109,near_boundary,2,0.6000000238418579,9.96,frequency_low_E2_source,combined,-1,2,21.797294512288595,21.475940823474012,0.9999999498713592,0.9928811645564002,0.9708041664953625,0.02207699806103769,0.9777647125868267,0.9708042151604582
19,2,corner,14,14,0.4495838273688229,426109,near_boundary,2,0.6000000238418579,9.96,frequency_low_E2_source,task,0,2,18.524881812485486,20.635677363005982,1.0000000002717977,0.9913616210835543,0.969808718196003,0.021552902887551295,0.9782592926443995,0.9698087179324112
20,2,corner,14,14,0.4495838273688229,426109,near_boundary,2,0.6000000238418579,9.96,frequency_low_E2_source,task,1,2,22.68325345988891,23.665082789457557,1.0000000225421015,0.9956997920848341,0.9726741397245351,0.023025652360298965,0.9768749049228111,0.9726741177984164
30,2,corner,14,14,0.4495838273688229,426110,near_boundary,4,0.699999988079071,9.96,frequency_low_identity,combined,-1,3,19.896491627082625,21.386179232147082,0.9999999980044532,0.9927325476127358,0.9728593338800862,0.01987321373264961,0.9799813013278958,0.9728593358214725
31,2,corner,14,14,0.4495838273688229,426110,near_boundary,4,0.699999988079071,9.96,frequency_low_identity,task,0,3,19.212968790920975,19.893033214535528,0.9999999781919056,0.9897506200455952,0.9709001723407192,0.018850447704875983,0.9809543461523594,0.9709001935142023
32,2,corner,14,14,0.4495838273688229,426110,near_boundary,4,0.699999988079071,9.96,frequency_low_identity,task,1,3,19.79372628136893,21.959546807862846,0.9999999986779697,0.9936313789379411,0.973436688761578,0.020194690176363106,0.9796758731613845,0.9734366900484908
33,2,corner,14,14,0.4495838273688229,426110,near_boundary,4,0.699999988079071,9.96,frequency_low_identity,task,2,3,19.334608202062974,22.035271555026327,0.9999999624993763,0.9937414254400116,0.9738482782319616,0.01989314720805002,0.9799815659297471,0.9738483147518808
34,2,corner,14,14,0.4495838273688229,426110,near_boundary,4,0.699999988079071,9.96,frequency_low_identity,task,3,3,20.292178587829895,21.723849784925267,0.9999999945790445,0.9932761909822411,0.9719291083918811,0.02134708259036,0.978508412076957,0.9719291136606655
35,2,corner,14,14,0.4495838273688229,426110,near_boundary,4,0.699999988079071,9.96,frequency_low_E2_source,combined,-1,3,19.910378836036532,21.485960123749578,0.9999999830460127,0.9928976018107454,0.9729459340581252,0.01995166775262014,0.979905613916043,0.9729459505534386
36,2,corner,14,14,0.4495838273688229,426110,near_boundary,4,0.699999988079071,9.96,frequency_low_E2_source,task,0,3,19.23934061247914,19.805183570395588,0.9999999777015285,0.989541183118547,0.9707437131404033,0.018797469978143688,0.981003852796805,0.9707437347865048
37,2,corner,14,14,0.4495838273688229,426110,near_boundary,4,0.699999988079071,9.96,frequency_low_E2_source,task,1,3,19.665935920054668,21.846670188936738,1.0000000032237293,0.9934636880908151,0.9733066918751976,0.020156996215617506,0.9797103845291476,0.9733066887375204
38,2,corner,14,14,0.4495838273688229,426110,near_boundary,4,0.699999988079071,9.96,frequency_low_E2_source,task,2,3,19.404578126591773,22.145889303744347,0.9999999673758949,0.9938988264655808,0.973941024344243,0.019957802121337798,0.9799196843884905,0.9739410561181984
39,2,corner,14,14,0.4495838273688229,426110,near_boundary,4,0.699999988079071,9.96,frequency_low_E2_source,task,3,3,20.181400608576553,21.607598598755217,1.0000000161948892,0.9930938003560889,0.971733274251594,0.021360526104494904,0.978490927949771,0.9717332585144814
55,2,corner,14,14,0.4495838273688229,426102,stress,2,0.699999988079071,9.96,frequency_low_identity,combined,-1,2,19.37414045520296,20.627875008826134,0.9999999816286991,0.9913460692996668,0.9697953380443435,0.021550731255323363,0.9782611421755595,0.9697953558607458
56,2,corner,14,14,0.4495838273688229,426102,stress,2,0.699999988079071,9.96,frequency_low_identity,task,0,2,17.9598396188309,19.870487585452313,1.0000000145052983,0.9896973099082061,0.9687448506293247,0.020952459278881452,0.9788294268670642,0.9687448365773919
57,2,corner,14,14,0.4495838273688229,426102,stress,2,0.699999988079071,9.96,frequency_low_identity,task,1,2,19.023159609382493,21.79713131474811,0.9999999877691665,0.9933886877891442,0.9711326533028425,0.022256034486301757,0.9775958446478447,0.9711326651806044
58,2,corner,14,14,0.4495838273688229,426102,stress,2,0.699999988079071,9.96,frequency_low_E2_source,combined,-1,2,19.41507672512954,20.61461177583046,1.0000000003444358,0.9913196186472298,0.9697781159581625,0.021541502689067293,0.9782698715087843,0.9697781156241362
59,2,corner,14,14,0.4495838273688229,426102,stress,2,0.699999988079071,9.96,frequency_low_E2_source,task,0,2,18.028412715106477,19.85318906248458,0.9999999752638948,0.9896561522026093,0.9687181609199023,0.020937991282707014,0.9788431656428278,0.9687181848822172
60,2,corner,14,14,0.4495838273688229,426102,stress,2,0.699999988079071,9.96,frequency_low_E2_source,task,1,2,19.055067437841643,21.793474936709988,1.0000000271653038,0.9933831584470234,0.97112885223331,0.022254306213713382,0.9775974597269155,0.9711288258523004
70,2,corner,14,14,0.4495838273688229,426113,stress,4,0.800000011920929,9.96,frequency_low_identity,combined,-1,3,19.685707975128675,20.848349290002428,1.0000000002675788,0.9917744479096114,0.9685192418393009,0.023255206070310508,0.9765519205305944,0.9685192415801457
71,2,corner,14,14,0.4495838273688229,426113,stress,4,0.800000011920929,9.96,frequency_low_identity,task,0,3,20.49414572697831,19.811708367099698,1.0000000042132202,0.9895569107436177,0.9702996259183013,0.019257284825316412,0.9805394873036203,0.9702996218302153
72,2,corner,14,14,0.4495838273688229,426113,stress,4,0.800000011920929,9.96,frequency_low_identity,task,1,3,20.923994945386603,22.50603281530995,1.000000005646057,0.9943843984624882,0.9740492785115982,0.02033511995088999,0.9795500412291946,0.9740492730120605
73,2,corner,14,14,0.4495838273688229,426113,stress,4,0.800000011920929,9.96,frequency_low_identity,task,2,3,15.562082270903794,20.822459232750205,1.0000000140924048,0.9917252793107527,0.9722916193596369,0.01943365995111579,0.9804041901960772,0.97229160565771
74,2,corner,14,14,0.4495838273688229,426113,stress,4,0.800000011920929,9.96,frequency_low_identity,task,3,3,16.142376897715536,21.84801792187033,1.0000000583160982,0.9934657709034052,0.9703909953521702,0.02307477555123494,0.9767734568949951,0.970390938762757
75,2,corner,14,14,0.4495838273688229,426113,stress,4,0.800000011920929,9.96,frequency_low_E2_source,combined,-1,3,19.770945170775647,20.9489252650477,0.9999999989816175,0.9919627490609587,0.9687768049797255,0.0231859440812332,0.97662619478082,0.9687768059663109
76,2,corner,14,14,0.4495838273688229,426113,stress,4,0.800000011920929,9.96,frequency_low_E2_source,task,0,3,20.384689196496446,19.79458939211888,1.000000029621376,0.9895156901699689,0.9701873404256373,0.01932834974433162,0.9804668587508586,0.9701873116873541
77,2,corner,14,14,0.4495838273688229,426113,stress,4,0.800000011920929,9.96,frequency_low_E2_source,task,1,3,21.203300387814274,22.52210057247477,0.9999999999994902,0.994405130735721,0.9740278365085812,0.020377294227139853,0.9795080560253511,0.9740278365090778
78,2,corner,14,14,0.4495838273688229,426113,stress,4,0.800000011920929,9.96,frequency_low_E2_source,task,2,3,15.67339133517798,20.877404121074402,1.0000000172721526,0.9918293110560595,0.9725015340581846,0.019327776997874913,0.9805130007931552,0.97250151726099
79,2,corner,14,14,0.4495838273688229,426113,stress,4,0.800000011920929,9.96,frequency_low_E2_source,task,3,3,16.235810246020236,21.9191513774729,1.0000000028911433,0.9935718697484446,0.9705861906257335,0.0229856791227111,0.9768656100051115,0.9705861878196297
95,2,edge,14,10,0.5826155150276308,426105,near_boundary,2,0.800000011920929,9.96,frequency_low_identity,combined,-1,4,20.393290577788505,21.94442934809153,1.0000000090576129,0.9936091819429835,0.9751979557775894,0.018411226165394146,0.981470354239892,0.9751979469446239
96,2,edge,14,10,0.5826155150276308,426105,near_boundary,2,0.800000011920929,9.96,frequency_low_identity,task,0,4,16.368699747033197,20.347467685662597,0.9999999899821335,0.9907688948410698,0.9730009198047505,0.017767975036319328,0.9820664787430882,0.9730009295521439
97,2,edge,14,10,0.5826155150276308,426105,near_boundary,2,0.800000011920929,9.96,frequency_low_identity,task,1,4,17.682977541214903,22.90264003979974,0.9999999807053792,0.9948744836583785,0.9749667958297783,0.019907687828600196,0.9799897493044599,0.9749668146413932
98,2,edge,14,10,0.5826155150276308,426105,near_boundary,2,0.800000011920929,9.96,frequency_low_E2_source,combined,-1,4,20.13553983899132,21.959504769973663,0.9999999663461072,0.9936312851661164,0.975310797974985,0.01832048719113144,0.9815620869988322,0.9753108307979911
99,2,edge,14,10,0.5826155150276308,426105,near_boundary,2,0.800000011920929,9.96,frequency_low_E2_source,task,0,4,16.09736177896868,20.37233265690267,1.000000006430225,0.990821611575822,0.9729438227140402,0.017877788861781818,0.9819566018212414,0.9729438164577926
100,2,edge,14,10,0.5826155150276308,426105,near_boundary,2,0.800000011920929,9.96,frequency_low_E2_source,task,1,4,17.81149797775164,22.812439282956262,1.0000000030390794,0.9947669387154097,0.9751055878338465,0.019661350881563178,0.9802352188071782,0.9751055848704232
110,2,edge,14,10,0.5826155150276308,426109,near_boundary,2,0.6000000238418579,9.96,frequency_low_identity,combined,-1,2,18.05344941245108,22.911704126042277,1.000000022216154,0.9948852111391634,0.9722060562940665,0.02267915484509686,0.977204249705221,0.9722060346953875
111,2,edge,14,10,0.5826155150276308,426109,near_boundary,2,0.6000000238418579,9.96,frequency_low_identity,task,0,2,22.503344346973297,23.525538539377155,0.9999999938572641,0.995559347959663,0.972578452402325,0.022980895557338066,0.9769165990913189,0.9725784583766176
112,2,edge,14,10,0.5826155150276308,426109,near_boundary,2,0.6000000238418579,9.96,frequency_low_identity,task,1,2,23.25851353017923,22.01173339683042,0.9999999882222649,0.9937074385105195,0.971365216002447,0.022342222508072496,0.9775162974108742,0.9713652274429293
113,2,edge,14,10,0.5826155150276308,426109,near_boundary,2,0.6000000238418579,9.96,frequency_low_E2_source,combined,-1,2,17.674215568677866,22.85020885836195,0.9999999615756155,0.9948122108779429,0.9721631023075293,0.02264910857041358,0.9772327798927747,0.9721631396622996
114,2,edge,14,10,0.5826155150276308,426109,near_boundary,2,0.6000000238418579,9.96,frequency_low_E2_source,task,0,2,22.713021543410346,23.661028209019467,1.0000000071521071,0.9956957601841927,0.972671552938383,0.02302420724580967,0.9768762626431687,0.9726715459817319
115,2,edge,14,10,0.5826155150276308,426109,near_boundary,2,0.6000000238418579,9.96,frequency_low_E2_source,task,1,2,23.337920848330636,22.086583257202644,0.9999999713281917,0.9938149434452508,0.9714367980100096,0.022378145435241192,0.9774825830675649,0.97143682586286
125,2,edge,14,10,0.5826155150276308,426110,near_boundary,4,0.699999988079071,9.96,frequency_low_identity,combined,-1,4,18.48840338008384,19.923078180652315,0.9999999778115645,0.9898212811433722,0.9727844827114012,0.017036798431971034,0.9827880055152064,0.9727845042959674
126,2,edge,14,10,0.5826155150276308,426110,near_boundary,4,0.699999988079071,9.96,frequency_low_identity,task,0,4,17.43590552021768,19.7566592486204,1.0000000295515796,0.9894237215940624,0.9720137193967741,0.017410002197288388,0.9824038965133775,0.9720136906722341
127,2,edge,14,10,0.5826155150276308,426110,near_boundary,4,0.699999988079071,9.96,frequency_low_identity,task,1,4,18.553658036772976,22.44381388956438,0.9999999856704088,0.9943033479029227,0.9737484600776396,0.02055488782528314,0.979327347264157,0.9737484740310571
128,2,edge,14,10,0.5826155150276308,426110,near_boundary,4,0.699999988079071,9.96,frequency_low_identity,task,2,4,18.15215970166667,22.724304280693204,1.0000000077196287,0.9946596595125555,0.9763132971583548,0.01834636235420073,0.9815551357906768,0.9763132896215787
129,2,edge,14,10,0.5826155150276308,426110,near_boundary,4,0.699999988079071,9.96,frequency_low_identity,task,3,4,18.148079247529903,22.81499539990238,1.000000016434663,0.9947700311472302,0.9721312579750502,0.022638773172179993,0.9772422042649681,0.9721312419984008
130,2,edge,14,10,0.5826155150276308,426110,near_boundary,4,0.699999988079071,9.96,frequency_low_E2_source,combined,-1,4,18.481987693233314,19.987600714501426,0.999999951576783,0.9899713608573367,0.9728404968716347,0.01713086398570207,0.9826955963949641,0.9728405439797034
131,2,edge,14,10,0.5826155150276308,426110,near_boundary,4,0.699999988079071,9.96,frequency_low_E2_source,task,0,4,17.557572544214683,19.734882177291027,0.9999999607279701,0.9893704869423182,0.9719256405593998,0.017444846382918433,0.982367731185481,0.971925678728894
132,2,edge,14,10,0.5826155150276308,426110,near_boundary,4,0.699999988079071,9.96,frequency_low_E2_source,task,1,4,18.287448835867746,22.35540249608709,0.9999999895954824,0.9941861941696609,0.9734767344958548,0.020709459673806108,0.9791694354686724,0.9734767446244107
133,2,edge,14,10,0.5826155150276308,426110,near_boundary,4,0.699999988079071,9.96,frequency_low_E2_source,task,2,4,18.247174091992704,22.750897087602585,1.0000000194538026,0.9946922714007989,0.976285601115777,0.018406670285021853,0.9814951107852681,0.9762855821233101
134,2,edge,14,10,0.5826155150276308,426110,near_boundary,4,0.699999988079071,9.96,frequency_low_E2_source,task,3,4,17.881456045979004,22.67097540635648,1.0000000374534292,0.9945937083956009,0.9717183488985286,0.022875359497072312,0.9770002974038786,0.9717183125043455
150,2,edge,14,10,0.5826155150276308,426102,stress,2,0.699999988079071,9.96,frequency_low_identity,combined,-1,2,17.070151552038052,22.143729446745205,0.9999999876036433,0.9938958115625581,0.9716144244183031,0.022281387144254983,0.9775817677416054,0.9716144364627823
151,2,edge,14,10,0.5826155150276308,426102,stress,2,0.699999988079071,9.96,frequency_low_identity,task,0,2,18.63368261062849,20.095002644881216,1.0000000141335144,0.9902163904056827,0.9690701898710415,0.021146200534641113,0.9786448692028036,0.9690701761746743
152,2,edge,14,10,0.5826155150276308,426102,stress,2,0.699999988079071,9.96,frequency_low_identity,task,1,2,21.08270991991672,22.971716397769782,1.0000000263726445,0.9949554073680085,0.9721694889516236,0.022785918416384887,0.977098553113389,0.972169463312944
153,2,edge,14,10,0.5826155150276308,426102,stress,2,0.699999988079071,9.96,frequency_low_E2_source,combined,-1,2,17.137344295495975,22.185718101543888,0.9999999981334876,0.993954554322007,0.9716521400593049,0.022302414262702075,0.977561937650243,0.9716521418729056
154,2,edge,14,10,0.5826155150276308,426102,stress,2,0.699999988079071,9.96,frequency_low_E2_source,task,0,2,18.54621546289293,20.08578160981418,1.0000000171289658,0.9901955985004439,0.969057410425148,0.021138188075295883,0.9786525125871013,0.969057393826197
155,2,edge,14,10,0.5826155150276308,426102,stress,2,0.699999988079071,9.96,frequency_low_E2_source,task,1,2,20.93292823639746,22.897162224394133,0.9999999732378886,0.9948680072912077,0.9721109743319242,0.022757032959283552,0.9771255756617949,0.9721110003476671
165,2,edge,14,10,0.5826155150276308,426113,stress,4,0.800000011920929,9.96,frequency_low_identity,combined,-1,2,13.007873903383988,21.912581818770217,1.0000000487074787,0.9935621840951239,0.9713530045330179,0.022209179562105996,0.9776469153942964,0.9713529572208643
166,2,edge,14,10,0.5826155150276308,426113,stress,4,0.800000011920929,9.96,frequency_low_identity,task,0,2,18.872216576951654,19.514647373813123,0.999999947489487,0.9888175419102155,0.9681850046528009,0.02063253725741465,0.9791341310374042,0.9681850554926948
167,2,edge,14,10,0.5826155150276308,426113,stress,4,0.800000011920929,9.96,frequency_low_identity,task,1,2,21.869930077308474,23.175211614166493,0.9999999749809734,0.995186277119188,0.9723251984621977,0.022861078656990275,0.9770283421479974,0.9723252227888283
168,2,edge,14,10,0.5826155150276308,426113,stress,4,0.800000011920929,9.96,frequency_low_identity,task,2,2,19.88305371531937,22.497941851897107,0.9999999470452605,0.9943738684897899,0.9719427222459738,0.022431146243816147,0.9774419391391654,0.9719427737149502
169,2,edge,14,10,0.5826155150276308,426113,stress,4,0.800000011920929,9.96,frequency_low_identity,task,3,2,21.676873303063566,21.95345789325089,0.9999999840730408,0.9936224292036382,0.9714573939768818,0.02216503522675639,0.9776926983778726,0.9714574094492443
170,2,edge,14,10,0.5826155150276308,426113,stress,4,0.800000011920929,9.96,frequency_low_E2_source,combined,-1,2,13.493344287693587,21.95562007971064,1.0000000184375815,0.9936256377000114,0.9713949887530046,0.02223064894700688,0.9776267357608998,0.9713949708428307
171,2,edge,14,10,0.5826155150276308,426113,stress,4,0.800000011920929,9.96,frequency_low_E2_source,task,0,2,18.987005170716273,19.496633637080315,0.9999999869225471,0.9887711020115318,0.9681551612978372,0.020615940713694658,0.9791499360451028,0.9681551739588409
172,2,edge,14,10,0.5826155150276308,426113,stress,4,0.800000011920929,9.96,frequency_low_E2_source,task,1,2,21.922353327671097,23.14569402422403,0.9999999954023491,0.9951534688593723,0.9723033824612689,0.022850086398103375,0.9770386306101171,0.9723033869315805
173,2,edge,14,10,0.5826155150276308,426113,stress,4,0.800000011920929,9.96,frequency_low_E2_source,task,2,2,19.792301775120205,22.53073064895301,0.9999999305755563,0.9944161684966681,0.971969067230551,0.022447101266117153,0.9774268540906248,0.9719691347089675
174,2,edge,14,10,0.5826155150276308,426113,stress,4,0.800000011920929,9.96,frequency_low_E2_source,task,3,2,21.60387720980662,21.962662408309875,0.9999999631408896,0.9936359107950943,0.9714667335359781,0.022169177259116157,0.9776888324805243,0.971466769343379
190,2,interior,9,6,0.9661688989903746,426105,near_boundary,2,0.800000011920929,9.96,frequency_low_identity,combined,-1,4,17.897825656328962,21.15748418947667,1.0000000211574307,0.9923396186414892,0.9709619060794946,0.02137771256199461,0.9784572618482565,0.9709618855364358
191,2,interior,9,6,0.9661688989903746,426105,near_boundary,2,0.800000011920929,9.96,frequency_low_identity,task,0,4,17.93914323392095,20.493868039196173,0.9999999742107306,0.9910748722773385,0.9729421741584097,0.018132698118928814,0.9817040078139984,0.9729421992498781
192,2,interior,9,6,0.9661688989903746,426105,near_boundary,2,0.800000011920929,9.96,frequency_low_identity,task,1,4,18.20895229385646,23.190650789565005,0.9999999800785391,0.9952033645136502,0.9752365575448395,0.019966806968810702,0.97993695793164,0.9752365769729768
193,2,interior,9,6,0.9661688989903746,426105,near_boundary,2,0.800000011920929,9.96,frequency_low_E2_source,combined,-1,4,17.82371390351989,21.123048277763434,1.0000000336121564,0.9922786489811894,0.9709826318514202,0.02129601712976925,0.978538269314134,0.9709825992146012
194,2,interior,9,6,0.9661688989903746,426105,near_boundary,2,0.800000011920929,9.96,frequency_low_E2_source,task,0,4,18.019689129457813,20.4355572794667,0.9999999916112308,0.9909542481189992,0.9729498582259181,0.018004389893081174,0.9818312601946492,0.9729498663877699
195,2,interior,9,6,0.9661688989903746,426105,near_boundary,2,0.800000011920929,9.96,frequency_low_E2_source,task,1,4,18.086111043406277,23.124226239253034,0.9999999787189046,0.9951294358879309,0.975149067574191,0.01998036831373995,0.9799218397193608,0.9751490883264318
205,2,interior,9,6,0.9661688989903746,426109,near_boundary,2,0.6000000238418579,9.96,frequency_low_identity,combined,-1,4,16.54518334939802,21.991532681560216,0.9999999818871066,0.993678094957527,0.9750307125912241,0.018647382366302923,0.9812339806412861,0.9750307302518518
206,2,interior,9,6,0.9661688989903746,426109,near_boundary,2,0.6000000238418579,9.96,frequency_low_identity,task,0,4,16.906702645922127,20.58403981327176,1.0000000012309072,0.9912582987947075,0.9731537116956955,0.01810458709901197,0.981735752304898,0.9731537104978337
207,2,interior,9,6,0.9661688989903746,426109,near_boundary,2,0.6000000238418579,9.96,frequency_low_identity,task,1,4,21.653238241272735,23.173703144388313,1.0000000324247307,0.9951846620157279,0.9763672193672975,0.018817442648430327,0.9810915065649063,0.9763671877088544
208,2,interior,9,6,0.9661688989903746,426109,near_boundary,2,0.6000000238418579,9.96,frequency_low_E2_source,combined,-1,4,16.736612315904306,22.096149574043157,0.9999999941898214,0.9938285750927544,0.9751060802799755,0.018722494812778878,0.9811612432143728,0.975106085945516
209,2,interior,9,6,0.9661688989903746,426109,near_boundary,2,0.6000000238418579,9.96,frequency_low_E2_source,task,0,4,17.057236945858293,20.6944444898626,0.9999999819357094,0.9914777069533897,0.9732742250326001,0.018203481920789577,0.9816400491981557,0.9732742426141089
210,2,interior,9,6,0.9661688989903746,426109,near_boundary,2,0.6000000238418579,9.96,frequency_low_E2_source,task,1,4,21.85872320683686,23.261127683086585,0.99999999547652,0.9952805906785165,0.9764140776161943,0.018866513062322232,0.981044025936987,0.9764140820329839
220,2,interior,9,6,0.9661688989903746,426110,near_boundary,4,0.699999988079071,9.96,frequency_low_identity,combined,-1,4,14.869862740092191,19.276811865841882,0.9999999965768023,0.9881881224046026,0.9701027071825153,0.018085415222087287,0.9816984086207399,0.9701027105033687
221,2,interior,9,6,0.9661688989903746,426110,near_boundary,4,0.699999988079071,9.96,frequency_low_identity,task,0,4,17.534177767488657,19.874173847850372,1.0000000181914661,0.9897060547126625,0.9722733491518318,0.017432705560830652,0.9823859766464783,0.9722733314647545
222,2,interior,9,6,0.9661688989903746,426110,near_boundary,4,0.699999988079071,9.96,frequency_low_identity,task,1,4,18.624567223371752,22.036964541305473,0.999999993222801,0.9937438952268165,0.9743503376234377,0.019393557603378797,0.9804843504483091,0.9743503442268039
223,2,interior,9,6,0.9661688989903746,426110,near_boundary,4,0.699999988079071,9.96,frequency_low_identity,task,2,4,19.688293349564447,22.28763629018158,0.9999999968334182,0.9940947729223101,0.9759374219399714,0.018157350982338727,0.9817347887978909,0.975937425030357
224,2,interior,9,6,0.9661688989903746,426110,near_boundary,4,0.699999988079071,9.96,frequency_low_identity,task,3,4,17.319830385923538,21.618980319297684,0.9999999932736321,0.9931118532788741,0.9716204116112679,0.021491441667606193,0.9783594953613234,0.9716204181467443
225,2,interior,9,6,0.9661688989903746,426110,near_boundary,4,0.699999988079071,9.96,frequency_low_E2_source,combined,-1,4,14.66120736881767,19.263857225349057,0.9999999547542189,0.9881527946445062,0.9700505221276742,0.018102272516832052,0.9816806949138422,0.9700505660183698
226,2,interior,9,6,0.9661688989903746,426110,near_boundary,4,0.699999988079071,9.96,frequency_low_E2_source,task,0,4,17.333306460611148,19.849455574012577,1.0000000359956305,0.9896473162339138,0.9722071223342159,0.017440193899697864,0.982377364528137,0.9722070873390088
227,2,interior,9,6,0.9661688989903746,426110,near_boundary,4,0.699999988079071,9.96,frequency_low_E2_source,task,1,4,18.711869768309278,21.964543829293874,0.9999999872567706,0.9936386911518961,0.9743611198616968,0.019277571290199247,0.9805990130397888,0.9743611322782042
228,2,interior,9,6,0.9661688989903746,426110,near_boundary,4,0.699999988079071,9.96,frequency_low_E2_source,task,2,4,19.759354587424816,22.300421618008464,1.0000000286093995,0.9941121635157466,0.9759641195756901,0.018148043940056535,0.9817444704872389,0.9759640916539435
229,2,interior,9,6,0.9661688989903746,426110,near_boundary,4,0.699999988079071,9.96,frequency_low_E2_source,task,3,4,17.39973233148875,21.53446364354505,0.9999999710559893,0.9929764704686533,0.9717155906232439,0.021260879845409475,0.9785887375202607,0.9717156187485911
245,2,interior,9,6,0.9661688989903746,426102,stress,2,0.699999988079071,9.96,frequency_low_identity,combined,-1,4,17.24652768780754,20.28103936575007,0.9999999945768386,0.9906266180896622,0.9730829154515981,0.01754370263806415,0.9822902975574231,0.9730829207287838
246,2,interior,9,6,0.9661688989903746,426102,stress,2,0.699999988079071,9.96,frequency_low_identity,task,0,4,17.642311217606274,19.742472389944272,0.9999999777490023,0.9893890648071627,0.9720154402911094,0.017373624516053288,0.9824400479709774,0.9720154619194232
247,2,interior,9,6,0.9661688989903746,426102,stress,2,0.699999988079071,9.96,frequency_low_identity,task,1,4,17.783568923898972,20.96024207972475,0.9999999725334148,0.9919836389699656,0.9740233275348158,0.017960311435149756,0.9818945487308651,0.9740233542879113
248,2,interior,9,6,0.9661688989903746,426102,stress,2,0.699999988079071,9.96,frequency_low_E2_source,combined,-1,4,17.16997882672232,20.334399424967838,0.9999999776359019,0.9907410636880891,0.9731807595239376,0.017560304164151552,0.9822755866212083,0.973180781288248
249,2,interior,9,6,0.9661688989903746,426102,stress,2,0.699999988079071,9.96,frequency_low_E2_source,task,0,4,17.771779466462483,19.79256926893209,1.0000000038114656,0.9895107867000862,0.972141870308995,0.01736891639109117,0.9824469660921892,0.9721418666037097
250,2,interior,9,6,0.9661688989903746,426102,stress,2,0.699999988079071,9.96,frequency_low_E2_source,task,1,4,18.00529241995257,21.001241340729212,1.0000000101462638,0.9920589978165654,0.9740681578664125,0.017990839950152826,0.9818651511757375,0.9740681479832601
260,2,interior,9,6,0.9661688989903746,426113,stress,4,0.800000011920929,9.96,frequency_low_identity,combined,-1,4,18.362877500051297,19.979403249536336,0.999999986704681,0.989952448429504,0.9718945780785233,0.01805787035098072,0.9817588507613387,0.9718945910001718
261,2,interior,9,6,0.9661688989903746,426113,stress,4,0.800000011920929,9.96,frequency_low_identity,task,0,4,15.71830882335705,19.808690366291167,0.9999999879882565,0.9895496350477179,0.9721047509839804,0.017444884063737454,0.9823708852533747,0.9721047626606535
262,2,interior,9,6,0.9661688989903746,426113,stress,4,0.800000011920929,9.96,frequency_low_identity,task,1,4,19.643819139327924,22.448290629428435,1.0000000391269073,0.9943092701663683,0.9749667548689526,0.019342515297415708,0.9805467816928034,0.9749667167215202
263,2,interior,9,6,0.9661688989903746,426113,stress,4,0.800000011920929,9.96,frequency_low_identity,task,2,4,20.56922450150796,22.60707877055317,0.9999999713914087,0.9945135127396948,0.9763560647083726,0.018157448031322243,0.9817423817789042,0.9763560926405449
264,2,interior,9,6,0.9661688989903746,426113,stress,4,0.800000011920929,9.96,frequency_low_identity,task,3,4,15.077884590187999,21.132967038200672,1.0000000324301637,0.9922962623940055,0.9722491027831014,0.020047159610904086,0.9797972033447566,0.9722490712529049
265,2,interior,9,6,0.9661688989903746,426113,stress,4,0.800000011920929,9.96,frequency_low_E2_source,combined,-1,4,18.30820237277504,19.92858573368388,0.9999999874669172,0.9898341907448215,0.9717424056000876,0.018091785144733863,0.9817224083448559,0.9717424177790158
266,2,interior,9,6,0.9661688989903746,426113,stress,4,0.800000011920929,9.96,frequency_low_E2_source,task,0,4,15.643635377562134,19.779960389490675,1.000000005723795,0.9894802909790801,0.9720692081189553,0.017411082860124827,0.9824038103448258,0.9720692025550304
267,2,interior,9,6,0.9661688989903746,426113,stress,4,0.800000011920929,9.96,frequency_low_E2_source,task,1,4,19.52862562662156,22.371259612969364,1.000000007670711,0.9942074009736384,0.9748703020366928,0.019337098936945574,0.9805502363812535,0.9748702945587445
268,2,interior,9,6,0.9661688989903746,426113,stress,4,0.800000011920929,9.96,frequency_low_E2_source,task,2,4,20.563358807422595,22.74010304053681,0.9999999786347309,0.9946790224020439,0.9764656476839105,0.018213374718133335,0.9816891938927695,0.9764656685463623
269,2,interior,9,6,0.9661688989903746,426113,stress,4,0.800000011920929,9.96,frequency_low_E2_source,task,3,4,15.009631534096764,21.213643626666045,0.9999999695891644,0.9924379878527515,0.972261707246773,0.020176280605978536,0.9796699835627694,0.9722617368140648
6,2,corner,14,14,0.4495838273688229,426105,near_boundary,2,0.800000011920929,10.0,nominal_identity,combined,-1,3,16.682027011212078,18.656284680733187,1.000000007836031,0.986373908981553,0.9678283569505698,0.01854555203098318,0.981198253662111,0.9678283493666369
7,2,corner,14,14,0.4495838273688229,426105,near_boundary,2,0.800000011920929,10.0,nominal_identity,task,0,3,15.312206591407202,18.02090632437884,1.0000000596220833,0.9842272379407836,0.9663990832922379,0.017828154648545702,0.9818861397436571,0.9663990256735148
8,2,corner,14,14,0.4495838273688229,426105,near_boundary,2,0.800000011920929,10.0,nominal_identity,task,1,3,17.349351584949545,18.8566569114634,1.0000000201619896,0.9869883118912837,0.9683138987035974,0.018674413187686256,0.9810793978381547,0.968313879180463
21,2,corner,14,14,0.4495838273688229,426109,near_boundary,2,0.6000000238418579,10.0,nominal_identity,combined,-1,2,18.14934513906573,18.18866987195523,1.0000000157702502,0.9848248648245117,0.9648061381569584,0.020018726667553333,0.9796728054067557,0.9648061229417244
22,2,corner,14,14,0.4495838273688229,426109,near_boundary,2,0.6000000238418579,10.0,nominal_identity,task,0,2,15.824121270775166,17.165678426233665,0.9999999594031088,0.9807941710015139,0.9612383909677025,0.01955578003381142,0.9800612803256747,0.9612384299909944
23,2,corner,14,14,0.4495838273688229,426109,near_boundary,2,0.6000000238418579,10.0,nominal_identity,task,1,2,19.928014014018764,21.126175032226943,0.9999999476633841,0.9922841207970375,0.9714007302159375,0.020883390581100003,0.9789542227438591,0.9714007810557671
40,2,corner,14,14,0.4495838273688229,426110,near_boundary,4,0.699999988079071,10.0,nominal_identity,combined,-1,3,16.833283368687614,18.694221081058455,0.9999999980044532,0.9864924073470434,0.9680770814913997,0.01841532585564365,0.9813325214482211,0.9680770834232428
41,2,corner,14,14,0.4495838273688229,426110,near_boundary,4,0.699999988079071,10.0,nominal_identity,task,0,3,16.284759215270096,17.18130163929485,0.9999999781919056,0.9808631557832326,0.9632091802644557,0.0176539755187769,0.9820015917463227,0.9632092012702129
42,2,corner,14,14,0.4495838273688229,426110,near_boundary,4,0.699999988079071,10.0,nominal_identity,task,1,3,17.993881072043994,20.03145138294125,0.9999999986779697,0.9900721565793872,0.9713225359460893,0.01874962063329788,0.9810623695367051,0.9713225372302071
43,2,corner,14,14,0.4495838273688229,426110,near_boundary,4,0.699999988079071,10.0,nominal_identity,task,2,3,17.053758437395974,19.865000233716877,0.9999999624993763,0.9896842326469716,0.9712046417768093,0.018479590870162266,0.9813277909654704,0.9712046781975905
44,2,corner,14,14,0.4495838273688229,426110,near_boundary,4,0.699999988079071,10.0,nominal_identity,task,3,3,17.180958351758566,18.827505054073782,0.9999999945790445,0.9869006522378696,0.9673529364930009,0.019547715744868688,0.9801928231574852,0.9673529417369782
61,2,corner,14,14,0.4495838273688229,426102,stress,2,0.699999988079071,10.0,nominal_identity,combined,-1,2,16.372707394015446,17.208676546256743,0.9999999816286991,0.9809834050168766,0.9614056602412513,0.01957774477562535,0.9800427360182626,0.9614056779035243
62,2,corner,14,14,0.4495838273688229,426102,stress,2,0.699999988079071,10.0,nominal_identity,task,0,2,14.987235783199084,16.30739194545317,1.0000000145052983,0.9765975922177923,0.9575435651444516,0.019054027073340696,0.9804893773800218,0.9575435512549968
63,2,corner,14,14,0.4495838273688229,426102,stress,2,0.699999988079071,10.0,nominal_identity,task,1,2,16.814856081268104,18.642160587200983,0.9999999877691665,0.9863295023513367,0.9661242410887821,0.020205261262554508,0.9795146944156221,0.966124252905287
80,2,corner,14,14,0.4495838273688229,426113,stress,4,0.800000011920929,10.0,nominal_identity,combined,-1,3,15.180119942453292,16.833168414533915,1.0000000002675788,0.9792659971899813,0.9584526904343776,0.020813306755603667,0.9787460130185999,0.958452690177916
81,2,corner,14,14,0.4495838273688229,426113,stress,4,0.800000011920929,10.0,nominal_identity,task,0,3,16.434578879487393,16.88176951481478,1.0000000042132202,0.9794967380112619,0.9615456220547277,0.017951115956534203,0.9816731232888212,0.9615456180035242
82,2,corner,14,14,0.4495838273688229,426113,stress,4,0.800000011920929,10.0,nominal_identity,task,1,3,21.307408042808838,21.06950267338747,1.000000005646057,0.992182832433989,0.9732977240004372,0.018885108433551734,0.9809661003837131,0.9732977185051429
83,2,corner,14,14,0.4495838273688229,426113,stress,4,0.800000011920929,10.0,nominal_identity,task,2,3,14.034112800907334,18.00473619063115,1.0000000140924048,0.9841683565476769,0.9661442999785098,0.018024056569167057,0.9816860027562836,0.9661442863632135
84,2,corner,14,14,0.4495838273688229,426113,stress,4,0.800000011920929,10.0,nominal_identity,task,3,3,16.000811744262606,18.17053619528216,1.0000000583160982,0.9847614114225877,0.964000259397616,0.02076115202497164,0.9789175816759715,0.9640002031808855
101,2,edge,14,10,0.5826155150276308,426105,near_boundary,2,0.800000011920929,10.0,nominal_identity,combined,-1,4,18.049642066827726,19.91472664294204,1.0000000090576129,0.9898017194762148,0.9723646076224083,0.017437111853806475,0.982383227356855,0.9723645988151062
102,2,edge,14,10,0.5826155150276308,426105,near_boundary,2,0.800000011920929,10.0,nominal_identity,task,0,4,14.795534875341927,17.88754763601512,0.9999999899821335,0.9837353208845317,0.9668155955513983,0.016919725333133462,0.9828005308196924,0.966815605236828
103,2,edge,14,10,0.5826155150276308,426105,near_boundary,2,0.800000011920929,10.0,nominal_identity,task,1,4,17.8601796893203,20.954950500582164,0.9999999807053792,0.9919738737731779,0.9734743199321665,0.01849955384101143,0.9813507650452078,0.9734743387149847
116,2,edge,14,10,0.5826155150276308,426109,near_boundary,2,0.6000000238418579,10.0,nominal_identity,combined,-1,2,20.31288011804201,19.912397786310954,1.000000022216154,0.9897962623127758,0.9692419229630571,0.02055433934971873,0.9792337674606983,0.9692419014302297
117,2,edge,14,10,0.5826155150276308,426109,near_boundary,2,0.6000000238418579,10.0,nominal_identity,task,0,2,19.667813923050872,20.8984905792166,0.9999999938572641,0.9918688632053905,0.9710316839648595,0.020837179240530967,0.9789920018527528,0.9710316899296507
118,2,edge,14,10,0.5826155150276308,426109,near_boundary,2,0.6000000238418579,10.0,nominal_identity,task,1,2,18.99527343728203,18.857909486298148,0.9999999882222649,0.9869920326109376,0.9667311993289012,0.020260833282036428,0.9794721409974917,0.9667312107148053
135,2,edge,14,10,0.5826155150276308,426110,near_boundary,4,0.699999988079071,10.0,nominal_identity,combined,-1,4,16.258012476861154,17.37122461834282,0.9999999778115645,0.9816820000040247,0.965308212412554,0.01637378759147068,0.9833206806364958,0.9653082338312335
136,2,edge,14,10,0.5826155150276308,426110,near_boundary,4,0.699999988079071,10.0,nominal_identity,task,0,4,15.49278250945412,17.561853467122805,1.0000000295515796,0.9824687075692331,0.9657847510873673,0.016683956481865825,0.9830183329470673,0.9657847225469032
137,2,edge,14,10,0.5826155150276308,426110,near_boundary,4,0.699999988079071,10.0,nominal_identity,task,1,4,17.4852688570768,20.61980207623991,0.9999999856704088,0.991329971922064,0.972292347658657,0.019037624263406938,0.9807958754374233,0.972292361591209
138,2,edge,14,10,0.5826155150276308,426110,near_boundary,4,0.699999988079071,10.0,nominal_identity,task,2,4,18.02769356252773,21.67124069872311,1.0000000077196287,0.9931942586340753,0.9758209122018899,0.017373346432185355,0.982507604850557,0.9758209046689149
139,2,edge,14,10,0.5826155150276308,426110,near_boundary,4,0.699999988079071,10.0,nominal_identity,task,3,4,16.809066443329833,19.939268284134513,1.000000016434663,0.9898591939902425,0.9692953823563368,0.020563811633905638,0.9792255183780125,0.9692953664262942
156,2,edge,14,10,0.5826155150276308,426102,stress,2,0.699999988079071,10.0,nominal_identity,combined,-1,2,16.371650262815358,18.86585816979766,0.9999999876036433,0.9870158180634125,0.9668122170317338,0.02020360103167873,0.9795306208249839,0.9668122290166831
157,2,edge,14,10,0.5826155150276308,426102,stress,2,0.699999988079071,10.0,nominal_identity,task,0,2,15.606525957210396,16.574609293218842,1.0000000141335144,0.9779941170863353,0.9587713585078419,0.019222758578493426,0.9803447093978823,0.9587713449570333
158,2,edge,14,10,0.5826155150276308,426102,stress,2,0.699999988079071,10.0,nominal_identity,task,1,2,18.68663752675454,20.158149176648298,1.0000000263726445,0.9903576274775407,0.9696888957897085,0.02066873168783223,0.979130032309161,0.9696888702164487
175,2,edge,14,10,0.5826155150276308,426113,stress,4,0.800000011920929,10.0,nominal_identity,combined,-1,2,15.758962047164324,18.67780897473437,1.0000000487074787,0.9864413152380804,0.966266552647836,0.02017476259024442,0.9795479342981744,0.9662665055834307
176,2,edge,14,10,0.5826155150276308,426113,stress,4,0.800000011920929,10.0,nominal_identity,task,0,2,15.438333754524594,15.888932654236285,0.999999947489487,0.9742304047873698,0.9554625161762744,0.01876788861109535,0.9807356775985743,0.955462566348104
177,2,edge,14,10,0.5826155150276308,426113,stress,4,0.800000011920929,10.0,nominal_identity,task,1,2,19.13837197011756,20.424954122155526,0.9999999749809734,0.9909321197718237,0.9701998025716002,0.020732317200223505,0.9790779642857904,0.9701998268450556
178,2,edge,14,10,0.5826155150276308,426113,stress,4,0.800000011920929,10.0,nominal_identity,task,2,2,18.04904737422371,19.2974846476512,0.9999999470452605,0.9882441653606834,0.9678992176391944,0.020344947721488982,0.9794130353260789,0.967899268894048
179,2,edge,14,10,0.5826155150276308,426113,stress,4,0.800000011920929,10.0,nominal_identity,task,3,2,18.57625311203269,18.633995450922484,0.9999999840730408,0.9863037727580934,0.9661830720221312,0.020120700735962282,0.9795998947872856,0.9661830874104897
196,2,interior,9,6,0.9661688989903746,426105,near_boundary,2,0.800000011920929,10.0,nominal_identity,combined,-1,4,14.691247323784635,18.051670146150574,1.0000000211574307,0.9843385341485419,0.964816924559374,0.019521609589167932,0.9801677889141521,0.9648169041463271
197,2,interior,9,6,0.9661688989903746,426105,near_boundary,2,0.800000011920929,10.0,nominal_identity,task,0,4,15.776101949123307,17.93831693371042,0.9999999742107306,0.983924333342799,0.966745690817369,0.01717864252543,0.9825406873849059,0.9667457157490348
198,2,interior,9,6,0.9661688989903746,426105,near_boundary,2,0.800000011920929,10.0,nominal_identity,task,1,4,17.866434593789727,21.348966212482487,0.9999999800785391,0.9926699902819467,0.9740890089126824,0.018580981369264338,0.9812818141465254,0.9740890283179588
211,2,interior,9,6,0.9661688989903746,426109,near_boundary,2,0.6000000238418579,10.0,nominal_identity,combined,-1,4,17.318212023559656,20.950880719929046,0.9999999818871066,0.9919663501423502,0.9743490582941242,0.017617291848226024,0.9822400307775583,0.9743490759424052
212,2,interior,9,6,0.9661688989903746,426109,near_boundary,2,0.6000000238418579,10.0,nominal_identity,task,0,4,15.726240745332294,18.622340602090816,1.0000000012309072,0.9862669847792894,0.9690862699663179,0.017180714812971565,0.9825800568425026,0.9690862687734626
213,2,interior,9,6,0.9661688989903746,426109,near_boundary,2,0.6000000238418579,10.0,nominal_identity,task,1,4,20.806131558275748,23.553876001503266,1.0000000324247307,0.9955882669882705,0.9778372983482131,0.01775096864005743,0.9821703718006285,0.977837266642103
230,2,interior,9,6,0.9661688989903746,426110,near_boundary,4,0.699999988079071,10.0,nominal_identity,combined,-1,4,14.58466341235594,16.59918199771062,0.9999999965768023,0.9781182593316115,0.9608973749899765,0.017220884341634934,0.9823938627284162,0.9608973782793182
231,2,interior,9,6,0.9661688989903746,426110,near_boundary,4,0.699999988079071,10.0,nominal_identity,task,0,4,15.682947574080831,17.71922217139242,1.0000000181914661,0.9830925806886247,0.9664192624073605,0.01667331828126417,0.9830399307157979,0.9664192448267775
232,2,interior,9,6,0.9661688989903746,426110,near_boundary,4,0.699999988079071,10.0,nominal_identity,task,1,4,17.815123043733575,20.735592094572226,0.999999993222801,0.9915580818658014,0.9733702340870725,0.01818784777872895,0.9816573046890958,0.9733702406837963
233,2,interior,9,6,0.9661688989903746,426110,near_boundary,4,0.699999988079071,10.0,nominal_identity,task,2,4,18.59409535897203,20.819767632031343,0.9999999968334182,0.9917201322226745,0.9744636468771225,0.01725648534555202,0.9825994403210548,0.9744636499628413
234,2,interior,9,6,0.9661688989903746,426110,near_boundary,4,0.699999988079071,10.0,nominal_identity,task,3,4,15.785071527746478,18.78464471009102,0.9999999932736321,0.9867707340605979,0.9670690360740839,0.019701697986514,0.9800341687218055,0.9670690425789461
251,2,interior,9,6,0.9661688989903746,426102,stress,2,0.699999988079071,10.0,nominal_identity,combined,-1,4,15.866138452497246,18.403008723166806,0.9999999945768386,0.9855556072568915,0.9687652479553888,0.016790359301502744,0.9829635596633298,0.9687652532091591
252,2,interior,9,6,0.9661688989903746,426102,stress,2,0.699999988079071,10.0,nominal_identity,task,0,4,15.714185070998223,17.55159960080301,0.9999999777490023,0.9824272156222419,0.9657771302616671,0.016650085360574773,0.9830520927191242,0.9657771517511723
253,2,interior,9,6,0.9661688989903746,426102,stress,2,0.699999988079071,10.0,nominal_identity,task,1,4,16.651896368197214,19.48995189816516,0.9999999725334148,0.9887537985423134,0.9716395973146046,0.017114201227708792,0.9826911398439736,0.9716396240022271
270,2,interior,9,6,0.9661688989903746,426113,stress,4,0.800000011920929,10.0,nominal_identity,combined,-1,4,16.630401536876384,17.78243729870087,0.999999986704681,0.9833368689131622,0.9661444256962475,0.01719244321691471,0.9825162223034343,0.9661444385414459
271,2,interior,9,6,0.9661688989903746,426113,stress,4,0.800000011920929,10.0,nominal_identity,task,0,4,14.721730918433549,17.63469830197657,0.9999999879882565,0.9827602697086395,0.9660512688289796,0.016709000879659874,0.9829978872827108,0.9660512804329398
272,2,interior,9,6,0.9661688989903746,426113,stress,4,0.800000011920929,10.0,nominal_identity,task,1,4,18.885061545554848,21.533378998934538,1.0000000391269073,0.9929747837324963,0.9748367647428315,0.018138018989664717,0.9817336559932714,0.9748367266004854
273,2,interior,9,6,0.9661688989903746,426113,stress,4,0.800000011920929,10.0,nominal_identity,task,2,4,19.430792856049003,21.493287449829495,0.9999999713914087,0.9929095631254854,0.9756737302382757,0.017235832887209646,0.9826410848205,0.9756737581509275
274,2,interior,9,6,0.9661688989903746,426113,stress,4,0.800000011920929,10.0,nominal_identity,task,3,4,14.062923777220018,18.229736228969347,1.0000000324301637,0.9849676993128836,0.9663982622096705,0.018569437103213127,0.9811471613575072,0.9663982308692177
9,2,corner,14,14,0.4495838273688229,426105,near_boundary,2,0.800000011920929,10.04,frequency_high_identity,combined,-1,3,14.158054359169629,15.628908169866001,1.000000007836031,0.9726404429415736,0.9554356847540947,0.017204758187478908,0.9823112864447151,0.9554356772672712
10,2,corner,14,14,0.4495838273688229,426105,near_boundary,2,0.800000011920929,10.04,frequency_high_identity,task,0,3,13.00716151397541,15.335693344551121,1.0000000596220833,0.9707295225328144,0.9540047222138848,0.016724800318929645,0.9827708955680141,0.9540046653341392
11,2,corner,14,14,0.4495838273688229,426105,near_boundary,2,0.800000011920929,10.04,frequency_high_identity,task,1,3,14.40255170366883,15.76436747084069,1.0000000201619896,0.9734806465585124,0.9561138875845709,0.017366758973941465,0.9821601394590256,0.9561138683074131
12,2,corner,14,14,0.4495838273688229,426105,near_boundary,2,0.800000011920929,10.04,frequency_high_E2_source,combined,-1,3,14.06074031600742,15.571530092946976,0.9999999432955475,0.9722765129760547,0.9551188744351096,0.017157638540945097,0.9823531286501748,0.9551189285946055
13,2,corner,14,14,0.4495838273688229,426105,near_boundary,2,0.800000011920929,10.04,frequency_high_E2_source,task,0,3,12.971972483603917,15.282486933949953,0.9999999864379314,0.970368645826828,0.9536729824624813,0.01669566336434669,0.9827945148102754,0.9536729953962599
14,2,corner,14,14,0.4495838273688229,426105,near_boundary,2,0.800000011920929,10.04,frequency_high_E2_source,task,1,3,14.39664758834411,15.730872544278988,0.9999999927624121,0.9732752986868451,0.9559107076643129,0.017364591022532294,0.9821586029708543,0.9559107145828006
24,2,corner,14,14,0.4495838273688229,426109,near_boundary,2,0.6000000238418579,10.04,frequency_high_identity,combined,-1,2,14.915695359528735,14.764487976623034,1.0000000157702502,0.966615028944758,0.9483956106484148,0.018219418296343215,0.981151319035218,0.948395595691979
25,2,corner,14,14,0.4495838273688229,426109,near_boundary,2,0.6000000238418579,10.04,frequency_high_identity,task,0,2,13.338266421321086,14.054079582903963,0.9999999594031088,0.9606819045636937,0.9428373019819114,0.01784460258178233,0.981425066406464,0.9428373402581763
26,2,corner,14,14,0.4495838273688229,426109,near_boundary,2,0.6000000238418579,10.04,frequency_high_identity,task,1,2,16.27786064100109,16.586328172642595,0.9999999476633841,0.9780533521222063,0.9590971447305378,0.01895620739166859,0.9806184321637088,0.9590971949264393
27,2,corner,14,14,0.4495838273688229,426109,near_boundary,2,0.6000000238418579,10.04,frequency_high_E2_source,combined,-1,2,14.980385150767024,14.886469729407901,1.0000000074602984,0.9675396700130896,0.9492601467898425,0.018279523223247107,0.9811072105984039,0.9492601397080787
28,2,corner,14,14,0.4495838273688229,426109,near_boundary,2,0.6000000238418579,10.04,frequency_high_E2_source,task,0,2,13.454567948014095,14.179602571040169,1.000000032696199,0.9618021089778475,0.9438842738016783,0.017917835176169183,0.9813705594852445,0.9438842429402512
29,2,corner,14,14,0.4495838273688229,426109,near_boundary,2,0.6000000238418579,10.04,frequency_high_E2_source,task,1,2,16.36588315338313,16.649734498543193,0.9999999798670491,0.9783714728691233,0.9593955662000639,0.01897590666905935,0.9806045993824701,0.9593955855155282
45,2,corner,14,14,0.4495838273688229,426110,near_boundary,4,0.699999988079071,10.04,frequency_high_identity,combined,-1,3,14.147733169030055,15.739801528991785,0.9999999980044532,0.9733301926398419,0.956182848603697,0.01714734403614493,0.9823828088701961,0.9561828505118046
46,2,corner,14,14,0.4495838273688229,426110,near_boundary,4,0.699999988079071,10.04,frequency_high_identity,task,0,3,13.887722310912324,14.6901318195333,0.9999999781919056,0.9660384825078159,0.9493841017239324,0.016654380783883482,0.9827601269665271,0.949384122428191
47,2,corner,14,14,0.4495838273688229,426110,near_boundary,4,0.699999988079071,10.04,frequency_high_identity,task,1,3,15.562676812868222,16.94626076792145,0.9999999986779697,0.9797989496519578,0.9623147135537674,0.017484236098190387,0.9821552818520564,0.9623147148259766
48,2,corner,14,14,0.4495838273688229,426110,near_boundary,4,0.699999988079071,10.04,frequency_high_identity,task,2,3,14.507838200591905,16.762770015598218,0.9999999624993763,0.97892712674705,0.9616885421061163,0.01723858464093364,0.9823903289939293,0.9616885781700378
49,2,corner,14,14,0.4495838273688229,426110,near_boundary,4,0.699999988079071,10.04,frequency_high_identity,task,3,3,13.78051944830814,15.539749457873306,0.9999999945790445,0.972072945268225,0.9540959977777864,0.017976947490438544,0.9815065859224401,0.9540960029498984
50,2,corner,14,14,0.4495838273688229,426110,near_boundary,4,0.699999988079071,10.04,frequency_high_E2_source,combined,-1,3,14.1088677996831,15.626729870078087,1.000000033683893,0.9726267418464555,0.9555116168174435,0.017115125029012024,0.9824031930311516,0.9555115846320935
51,2,corner,14,14,0.4495838273688229,426110,near_boundary,4,0.699999988079071,10.04,frequency_high_E2_source,task,0,3,13.997069507416063,14.812999009028271,1.0000000019828976,0.966985853519686,0.9502937675962244,0.016692085923461608,0.9827380246952891,0.9502937657118892
52,2,corner,14,14,0.4495838273688229,426110,near_boundary,4,0.699999988079071,10.04,frequency_high_E2_source,task,1,3,15.912533149760332,17.118533977229863,1.0000000360260695,0.9805846237085122,0.9630903840532885,0.017494239655223676,0.9821593779544885,0.9630903493569287
53,2,corner,14,14,0.4495838273688229,426110,near_boundary,4,0.699999988079071,10.04,frequency_high_E2_source,task,2,3,14.378544122696162,16.6450065850135,0.9999999971966478,0.9783479312943535,0.9611593231120548,0.017188608182298726,0.9824309863265533,0.9611593258065229
54,2,corner,14,14,0.4495838273688229,426110,near_boundary,4,0.699999988079071,10.04,frequency_high_E2_source,task,3,3,13.860031414257696,15.612940989875376,1.0000000077853213,0.9725396681491714,0.9545777345336658,0.017961933615505576,0.9815308987347645,0.9545777271019715
64,2,corner,14,14,0.4495838273688229,426102,stress,2,0.699999988079071,10.04,frequency_high_identity,combined,-1,2,13.71426436650079,14.08104588607689,0.9999999816286991,0.9609253040274292,0.9430658262401096,0.017859477787319555,0.9814142912956221,0.943065843565456
65,2,corner,14,14,0.4495838273688229,426102,stress,2,0.699999988079071,10.04,frequency_high_identity,task,0,2,12.61022509933397,13.399717226264809,1.0000000145052983,0.9542882186342593,0.9368654339814756,0.017422784652783685,0.9817426388458211,0.9368654203919632
66,2,corner,14,14,0.4495838273688229,426102,stress,2,0.699999988079071,10.04,frequency_high_identity,task,1,2,14.250023091685208,15.104644250786002,0.9999999877691665,0.9691300631056603,0.9507364959213158,0.018393567184344484,0.9810205380221095,0.9507365075496157
67,2,corner,14,14,0.4495838273688229,426102,stress,2,0.699999988079071,10.04,frequency_high_E2_source,combined,-1,2,13.682690153499973,14.069846999278289,1.000000029825756,0.9608244608266364,0.9429714695025618,0.017852991324074585,0.9814190915698431,0.9429714413777256
68,2,corner,14,14,0.4495838273688229,426102,stress,2,0.699999988079071,10.04,frequency_high_E2_source,task,0,2,12.553891053305982,13.400964154125665,0.9999999943103123,0.954301322054777,0.9368777813539854,0.017423540700791662,0.9817420972829884,0.9368777866845274
69,2,corner,14,14,0.4495838273688229,426102,stress,2,0.699999988079071,10.04,frequency_high_E2_source,task,1,2,14.23763417913062,15.10143004388067,1.0000000425716276,0.969107260973951,0.9507151483435403,0.01839211263041063,0.9810215923757226,0.9507151078700509
85,2,corner,14,14,0.4495838273688229,426113,stress,4,0.800000011920929,10.04,frequency_high_identity,combined,-1,3,12.155738826702269,13.471944793500107,1.0000000002675788,0.9550421516353228,0.9363566713429181,0.018685480292404688,0.9804349156103639,0.9363566710923689
86,2,corner,14,14,0.4495838273688229,426113,stress,4,0.800000011920929,10.04,frequency_high_identity,task,0,3,13.407148364425609,14.311704483125753,1.0000000042132202,0.9629464771952704,0.9460813004292615,0.01686517676600885,0.9824858627499928,0.9460812964432127
87,2,corner,14,14,0.4495838273688229,426113,stress,4,0.800000011920929,10.04,frequency_high_identity,task,1,3,17.915689784803583,17.721421191480815,1.000000005646057,0.9831011271522986,0.9654985716400263,0.0176025555122723,0.9820948679376853,0.9654985661887664
88,2,corner,14,14,0.4495838273688229,426113,stress,4,0.800000011920929,10.04,frequency_high_identity,task,2,3,12.31310788754283,15.227703078281214,1.0000000140924048,0.9699925221404695,0.9531846096370441,0.016807912503425393,0.9826721215681791,0.9531845962043809
89,2,corner,14,14,0.4495838273688229,426113,stress,4,0.800000011920929,10.04,frequency_high_identity,task,3,3,14.140673211350292,14.518283106101588,1.0000000583160982,0.9646677741461216,0.9459469987882635,0.0187207753578581,0.9805935516251397,0.9459469436243286
90,2,corner,14,14,0.4495838273688229,426113,stress,4,0.800000011920929,10.04,frequency_high_E2_source,combined,-1,3,12.322135354382839,13.600759973468854,1.0000000308164436,0.9563560841853512,0.9376852062029748,0.018670877982376433,0.9804770646717005,0.9376851773068524
91,2,corner,14,14,0.4495838273688229,426113,stress,4,0.800000011920929,10.04,frequency_high_E2_source,task,0,3,13.230058617871867,14.175839270458209,1.0000000304603631,0.9617689927598128,0.9448189958212925,0.016949996938520284,0.9823762285266839,0.9448189670417636
92,2,corner,14,14,0.4495838273688229,426113,stress,4,0.800000011920929,10.04,frequency_high_E2_source,task,1,3,18.158394242995954,17.742811637303895,1.0000000257392925,0.9831841748595374,0.965599456111045,0.017584718748492323,0.9821145221840002,0.9655994312571988
93,2,corner,14,14,0.4495838273688229,426113,stress,4,0.800000011920929,10.04,frequency_high_E2_source,task,2,3,12.379939323341917,15.37557000497777,1.0000000192029797,0.9709970135097377,0.9542280771286725,0.016768936381065136,0.9827301874797199,0.9542280588046506
94,2,corner,14,14,0.4495838273688229,426113,stress,4,0.800000011920929,10.04,frequency_high_E2_source,task,3,3,14.840276689763044,14.767340465858766,0.9999999754881144,0.9666369103975043,0.9479734275681796,0.01866348282932473,0.9806923544625977,0.9479734508047964
104,2,edge,14,10,0.5826155150276308,426105,near_boundary,2,0.800000011920929,10.04,frequency_high_identity,combined,-1,4,15.376668241610787,17.281849378763404,1.0000000090576129,0.9813011518117034,0.9646911550001265,0.016609996811576933,0.9830734970799625,0.9646911462623275
105,2,edge,14,10,0.5826155150276308,426105,near_boundary,2,0.800000011920929,10.04,frequency_high_identity,task,0,4,12.750816048676734,15.588523314748945,0.9999999899821335,0.9723848236018644,0.9561543697746133,0.01623045382725108,0.9833086105075859,0.9561543793532403
106,2,edge,14,10,0.5826155150276308,426105,near_boundary,2,0.800000011920929,10.04,frequency_high_identity,task,1,4,14.680505755698556,17.526257046104455,0.9999999807053792,0.9823243757350868,0.9650692556954108,0.017255120039675997,0.9824343969610204,0.9650692743160565
107,2,edge,14,10,0.5826155150276308,426105,near_boundary,2,0.800000011920929,10.04,frequency_high_E2_source,combined,-1,4,15.32678636232233,17.19240023574628,0.9999999944591753,0.9809120143388573,0.9643029936506335,0.016609020688223786,0.9830677772874273,0.9643029989936674
108,2,edge,14,10,0.5826155150276308,426105,near_boundary,2,0.800000011920929,10.04,frequency_high_E2_source,task,0,4,12.52143950959576,15.492956409498888,0.9999999896719984,0.9717704137145551,0.955563105101128,0.016207308613427118,0.9833218748125133,0.9555631149701853
109,2,edge,14,10,0.5826155150276308,426105,near_boundary,2,0.800000011920929,10.04,frequency_high_E2_source,task,1,4,14.682048797145166,17.50476635699155,1.0000000336590196,0.9822367447693959,0.9650330676145972,0.017203677154798758,0.9824852030364251,0.9650330351325314
119,2,edge,14,10,0.5826155150276308,426109,near_boundary,2,0.6000000238418579,10.04,frequency_high_identity,combined,-1,2,16.426695759095768,15.847808070406796,1.000000022216154,0.9739852994174815,0.9553240575661521,0.018661241851329335,0.9808403249386924,0.9553240363425262
120,2,edge,14,10,0.5826155150276308,426109,near_boundary,2,0.6000000238418579,10.04,frequency_high_identity,task,0,2,16.116635199253373,16.464318746441997,0.9999999938572641,0.9774280935903754,0.9585106100326238,0.01891748355775158,0.9806456519085079,0.9585106159205014
121,2,edge,14,10,0.5826155150276308,426109,near_boundary,2,0.6000000238418579,10.04,frequency_high_identity,task,1,2,15.440275280245777,15.204393746047192,0.9999999882222649,0.9698310086971882,0.9514127021570419,0.018418306540146312,0.9810087464981262,0.9514127133625289
122,2,edge,14,10,0.5826155150276308,426109,near_boundary,2,0.6000000238418579,10.04,frequency_high_E2_source,combined,-1,2,16.415449511101915,15.95734813910637,1.000000047499146,0.9746332754236265,0.9559268709142963,0.018706404509330254,0.980806724969246,0.9559268255085885
123,2,edge,14,10,0.5826155150276308,426109,near_boundary,2,0.6000000238418579,10.04,frequency_high_E2_source,task,0,2,15.888805660106014,16.275163442531827,0.9999999709926469,0.9764232370212568,0.9575686260256108,0.018854610995646004,0.9806901246500799,0.9575686538021428
124,2,edge,14,10,0.5826155150276308,426109,near_boundary,2,0.6000000238418579,10.04,frequency_high_E2_source,task,1,2,15.365804918983148,15.105221591596019,1.0000000336690538,0.9691342110908037,0.9507602075203311,0.018374003570472586,0.9810408059480309,0.9507601755091356
140,2,edge,14,10,0.5826155150276308,426110,near_boundary,4,0.699999988079071,10.04,frequency_high_identity,combined,-1,4,14.008988810929168,15.221002534891664,0.9999999778115645,0.9699461539436107,0.9540817232049408,0.015864430738669943,0.9836440088203162,0.9540817443745221
141,2,edge,14,10,0.5826155150276308,426110,near_boundary,4,0.699999988079071,10.04,frequency_high_identity,task,0,4,13.503692084659338,15.49708448902177,1.0000000295515796,0.9717972726507996,0.9556899557149685,0.016107316935831117,0.9834252293259738,0.9556899274728216
142,2,edge,14,10,0.5826155150276308,426110,near_boundary,4,0.699999988079071,10.04,frequency_high_identity,task,1,4,14.869156528313711,17.23710956936939,0.9999999856704088,0.9811075028122028,0.9634082298756587,0.017699272936544164,0.9819599046120718,0.9634082436809049
143,2,edge,14,10,0.5826155150276308,426110,near_boundary,4,0.699999988079071,10.04,frequency_high_identity,task,2,4,16.302490090453933,18.975326730935798,1.0000000077196287,0.9873390275007896,0.970813085023908,0.01652594247688166,0.9832621399371672,0.9708130775295915
144,2,edge,14,10,0.5826155150276308,426110,near_boundary,4,0.699999988079071,10.04,frequency_high_identity,task,3,4,13.60016499275141,15.948935735974473,1.000000016434663,0.9745840613962363,0.9558630432062678,0.01872101818996852,0.9807907609702258,0.9558630274969812
145,2,edge,14,10,0.5826155150276308,426110,near_boundary,4,0.699999988079071,10.04,frequency_high_E2_source,combined,-1,4,13.747445333441972,15.154964005473355,1.000000036943216,0.9694857226215239,0.9536372479610561,0.015848474660467793,0.9836526992706887,0.9536372127306305
146,2,edge,14,10,0.5826155150276308,426110,near_boundary,4,0.699999988079071,10.04,frequency_high_E2_source,task,0,4,13.55684318422475,15.577024439102141,1.000000026574105,0.972311645236972,0.9561854255166026,0.016126219720369428,0.9834145566399761,0.9561854001068314
147,2,edge,14,10,0.5826155150276308,426110,near_boundary,4,0.699999988079071,10.04,frequency_high_E2_source,task,1,4,14.8740053296148,17.35293556788203,1.0000000032578167,0.9816047214837328,0.9639142342155185,0.017690487268214317,0.9819779928916046,0.9639142310752626
148,2,edge,14,10,0.5826155150276308,426110,near_boundary,4,0.699999988079071,10.04,frequency_high_E2_source,task,2,4,16.07119347836681,18.78589888894255,0.9999999910973385,0.9867745517777882,0.9702766191862034,0.01649793259158472,0.9832809504847264,0.9702766278242478
149,2,edge,14,10,0.5826155150276308,426110,near_boundary,4,0.699999988079071,10.04,frequency_high_E2_source,task,3,4,13.667391322285699,16.115213256346724,0.9999999707719351,0.975538719903331,0.9568727021077544,0.01866601779557653,0.9808659385683571,0.9568727300752926
159,2,edge,14,10,0.5826155150276308,426102,stress,2,0.699999988079071,10.04,frequency_high_identity,combined,-1,2,14.539080208890361,15.18734760429513,0.9999999876036433,0.9697123615811444,0.9513464294520052,0.018365932129139173,0.9810604331173082,0.951346441245235
160,2,edge,14,10,0.5826155150276308,426102,stress,2,0.699999988079071,10.04,frequency_high_identity,task,0,2,13.101071591650218,13.60449012640718,1.0000000141335144,0.9563935378982406,0.9388309830846826,0.01756255481355795,0.9816366860318262,0.9388309698157016
161,2,edge,14,10,0.5826155150276308,426102,stress,2,0.699999988079071,10.04,frequency_high_identity,task,1,2,15.556530285538791,16.053894672860633,1.0000000263726445,0.9751909529634754,0.9564114449467861,0.01877950801668926,0.9807427376560244,0.9564114197236877
162,2,edge,14,10,0.5826155150276308,426102,stress,2,0.699999988079071,10.04,frequency_high_E2_source,combined,-1,2,14.53819848728909,15.154564383784253,0.9999999891847695,0.9694828683772109,0.951133132665916,0.018349735711294834,0.981072656041865,0.9511331429526402
163,2,edge,14,10,0.5826155150276308,426102,stress,2,0.699999988079071,10.04,frequency_high_E2_source,task,0,2,13.151731625017522,13.57955151749983,0.9999999788410572,0.9561423811866103,0.9385964990431321,0.017545882143478186,0.9816492998441267,0.9385965189028422
164,2,edge,14,10,0.5826155150276308,426102,stress,2,0.699999988079071,10.04,frequency_high_E2_source,task,1,2,15.624789474965258,16.10281756557583,0.9999999827983901,0.9754688142756595,0.9566719852402721,0.018796829035387375,0.9807304664584843,0.9566720016965706
180,2,edge,14,10,0.5826155150276308,426113,stress,4,0.800000011920929,10.04,frequency_high_identity,combined,-1,2,16.210589171437068,15.137530659051446,1.0000000487074787,0.969362998008999,0.950983767647215,0.018379230361784016,0.9810398886696381,0.9509837213271957
181,2,edge,14,10,0.5826155150276308,426113,stress,4,0.800000011920929,10.04,frequency_high_identity,task,0,2,12.888939134962689,13.064492832140541,0.999999947489487,0.9506199920167386,0.9334423881485997,0.017177603868138935,0.981930104550298,0.933442437164141
182,2,edge,14,10,0.5826155150276308,426113,stress,4,0.800000011920929,10.04,frequency_high_identity,task,1,2,15.788770178870294,16.202010202020347,0.9999999749809734,0.9760227472062433,0.9571926338322987,0.01883011337394458,0.980707300697813,0.9571926577803272
183,2,edge,14,10,0.5826155150276308,426113,stress,4,0.800000011920929,10.04,frequency_high_identity,task,2,2,15.337515792183869,15.481692190407376,0.9999999470452605,0.9716970587079043,0.9532022326219542,0.0184948260859501,0.9809664690036798,0.9532022830985328
184,2,edge,14,10,0.5826155150276308,426113,stress,4,0.800000011920929,10.04,frequency_high_identity,task,3,2,15.409198325706775,15.070704561284703,0.9999999840730408,0.9688878689637611,0.9505705876882684,0.018317281275492703,0.98109452924095,0.9505706028279676
185,2,edge,14,10,0.5826155150276308,426113,stress,4,0.800000011920929,10.04,frequency_high_E2_source,combined,-1,2,16.209459008710176,15.165048065271428,1.0000000668288322,0.9695565218279815,0.9511653350867175,0.018391186741263943,0.981031341312016,0.9511652715214531
186,2,edge,14,10,0.5826155150276308,426113,stress,4,0.800000011920929,10.04,frequency_high_E2_source,task,0,2,12.933201672316345,13.04825750519258,1.0000000465020786,0.9504351424648346,0.9332699701247412,0.017165172340093404,0.9819396699751888,0.9332699267257497
187,2,edge,14,10,0.5826155150276308,426113,stress,4,0.800000011920929,10.04,frequency_high_E2_source,task,1,2,15.77137558114529,16.172655422397824,0.9999999822120397,0.9758601387220024,0.9570408791304378,0.018819259591564608,0.980715208209846,0.9570408961542433
188,2,edge,14,10,0.5826155150276308,426113,stress,4,0.800000011920929,10.04,frequency_high_E2_source,task,2,2,15.220057028959392,15.395925344669939,1.0000000233115636,0.9711326362323077,0.9526752792833536,0.018457356948954118,0.9809939896360986,0.9526752570750038
189,2,edge,14,10,0.5826155150276308,426113,stress,4,0.800000011920929,10.04,frequency_high_E2_source,task,3,2,15.38495201297927,15.076081412124163,1.0000000225168906,0.9689264012197275,0.9506073147054696,0.018319086514257954,0.9810934179405194,0.9506072933007491
199,2,interior,9,6,0.9661688989903746,426105,near_boundary,2,0.800000011920929,10.04,frequency_high_identity,combined,-1,4,11.936994611876797,14.804288840962228,1.0000000211574307,0.9669195927611707,0.9490253815166272,0.01789421124454349,0.9814935891479413,0.9490253614376889
200,2,interior,9,6,0.9661688989903746,426105,near_boundary,2,0.800000011920929,10.04,frequency_high_identity,task,0,4,13.353097291558335,15.539294740107144,0.9999999742107306,0.9720700012800648,0.9556792191205196,0.01639078215954526,0.9831382697357586,0.955679243766789
201,2,interior,9,6,0.9661688989903746,426105,near_boundary,2,0.800000011920929,10.04,frequency_high_identity,task,1,4,15.173680929750805,17.813543510267543,0.9999999800785391,0.9834557850778881,0.9660967210414904,0.017359064036397753,0.982348912579712,0.9660967402875488
202,2,interior,9,6,0.9661688989903746,426105,near_boundary,2,0.800000011920929,10.04,frequency_high_E2_source,combined,-1,4,12.050909711912876,14.804861865117635,1.00000002222324,0.9669239582575061,0.9489421789053817,0.017981779352124416,0.9814031091084666,0.9489421578168125
203,2,interior,9,6,0.9661688989903746,426105,near_boundary,2,0.800000011920929,10.04,frequency_high_E2_source,task,0,4,13.328278394353193,15.501382326492909,1.0000000372871536,0.9718251761961807,0.9554363746740404,0.016388801522140284,0.9831360599379739,0.9554363390485389
204,2,interior,9,6,0.9661688989903746,426105,near_boundary,2,0.800000011920929,10.04,frequency_high_E2_source,task,1,4,14.931644447613914,17.55408476062531,1.0000000271726406,0.9824373169488926,0.965029651229306,0.01740766571958663,0.9822811436218152,0.9650296250069028
214,2,interior,9,6,0.9661688989903746,426109,near_boundary,2,0.6000000238418579,10.04,frequency_high_identity,combined,-1,4,15.168695669573973,18.426692600494185,0.9999999818871066,0.9856341515814844,0.9689175965314445,0.016716555050039883,0.9830397972480788,0.9689176140813459
215,2,interior,9,6,0.9661688989903746,426109,near_boundary,2,0.6000000238418579,10.04,frequency_high_identity,task,0,4,13.58116797959606,16.357106658662037,1.0000000012309072,0.9768639448122725,0.96046272106597,0.016401223746302485,0.9832103295106727,0.9604627198837296
216,2,interior,9,6,0.9661688989903746,426109,near_boundary,2,0.6000000238418579,10.04,frequency_high_identity,task,1,4,18.055817991324847,20.641540001543014,1.0000000324247307,0.9913733062334881,0.9745717282012101,0.016801578032277997,0.9830522186479763,0.9745716966009853
217,2,interior,9,6,0.9661688989903746,426109,near_boundary,2,0.6000000238418579,10.04,frequency_high_E2_source,combined,-1,4,15.210098789535342,18.47861157943083,0.9999999539050909,0.9858048419520936,0.9690672174202781,0.016737624531815487,0.9830213610042008,0.9690672620893455
218,2,interior,9,6,0.9661688989903746,426109,near_boundary,2,0.6000000238418579,10.04,frequency_high_E2_source,task,0,4,13.532795943342016,16.35313657293706,0.9999999758385221,0.9768427606040727,0.9604024228087633,0.0164403377953094,0.9831699241082129,0.9604024460135058
219,2,interior,9,6,0.9661688989903746,426109,near_boundary,2,0.6000000238418579,10.04,frequency_high_E2_source,task,1,4,18.14666906186121,20.717459776697567,0.9999999714736307,0.9915227406233252,0.9747243932067665,0.016798347416558723,0.9830580311188845,0.9747244210121153
235,2,interior,9,6,0.9661688989903746,426110,near_boundary,4,0.699999988079071,10.04,frequency_high_identity,combined,-1,4,13.176770158374653,14.36701499361055,0.9999999965768023,0.9634153807278224,0.9468635583956757,0.016551822332146693,0.9828196407663302,0.9468635616369769
236,2,interior,9,6,0.9661688989903746,426110,near_boundary,4,0.699999988079071,10.04,frequency_high_identity,task,0,4,13.738390519449865,15.62150661411205,1.0000000181914661,0.972593785138803,0.956535519765672,0.016058265373131042,0.983489237111628,0.9565355023648888
237,2,interior,9,6,0.9661688989903746,426110,near_boundary,4,0.699999988079071,10.04,frequency_high_identity,task,1,4,15.692714874836572,17.889807012784136,0.999999993222801,0.9837437834151523,0.9666114318652941,0.01713235154985826,0.9825845389432787,0.9666114384162122
238,2,interior,9,6,0.9661688989903746,426110,near_boundary,4,0.699999988079071,10.04,frequency_high_identity,task,2,4,16.619217287356573,18.30212542438247,0.9999999968334182,0.985216149940354,0.9687306307039529,0.01648551923640107,0.9832671041401432,0.9687306337715177
239,2,interior,9,6,0.9661688989903746,426110,near_boundary,4,0.699999988079071,10.04,frequency_high_identity,task,3,4,13.25522050527221,15.473187209255531,0.9999999932736321,0.9716416225179618,0.9535025536115092,0.01813906890645267,0.9813315233867337,0.9535025600251181
240,2,interior,9,6,0.9661688989903746,426110,near_boundary,4,0.699999988079071,10.04,frequency_high_E2_source,combined,-1,4,12.880181949377388,14.330595402217872,0.9999999889087333,0.9631072876652115,0.9465371237379875,0.01657016392722399,0.9827951006710853,0.9465371342362833
241,2,interior,9,6,0.9661688989903746,426110,near_boundary,4,0.699999988079071,10.04,frequency_high_E2_source,task,0,4,13.551294155204918,15.443854577229494,1.0000000128976003,0.9714494583659057,0.9554502846245911,0.015999173741314543,0.9835306164375993,0.9554502723015754
242,2,interior,9,6,0.9661688989903746,426110,near_boundary,4,0.699999988079071,10.04,frequency_high_E2_source,task,1,4,15.422856090062144,17.834323678600523,1.0000000097940158,0.9835347860603098,0.966478130691573,0.017056655368736795,0.9826578016248315,0.966478121225871
243,2,interior,9,6,0.9661688989903746,426110,near_boundary,4,0.699999988079071,10.04,frequency_high_E2_source,task,2,4,17.02862256264282,18.51277704745293,1.0000000031090555,0.9859161237399756,0.9693806138032185,0.01653550993675712,0.9832282792231541,0.9693806107893604
244,2,interior,9,6,0.9661688989903746,426110,near_boundary,4,0.699999988079071,10.04,frequency_high_E2_source,task,3,4,13.127732653031465,15.451305877100861,0.9999999991086383,0.9714983878775598,0.9534426630414584,0.018055724836101406,0.9814145601666433,0.9534426638913206
254,2,interior,9,6,0.9661688989903746,426102,stress,2,0.699999988079071,10.04,frequency_high_identity,combined,-1,4,14.265394816792021,16.344077356016257,0.9999999945768386,0.976794423425252,0.9606218282580752,0.01617259516717684,0.9834431946176908,0.9606218334676824
255,2,interior,9,6,0.9661688989903746,426102,stress,2,0.699999988079071,10.04,frequency_high_identity,task,0,4,13.769257587866633,15.492761021262044,0.9999999777490023,0.9717691320564916,0.955693964893231,0.01607516716326063,0.9834578331077035,0.9556939861583756
256,2,interior,9,6,0.9661688989903746,426102,stress,2,0.699999988079071,10.04,frequency_high_identity,task,1,4,14.749189758959446,17.344882222789437,0.9999999725334148,0.981570548365335,0.9651728438921311,0.016397704473203878,0.9832944208640817,0.965172870402134
257,2,interior,9,6,0.9661688989903746,426102,stress,2,0.699999988079071,10.04,frequency_high_E2_source,combined,-1,4,14.353890745324122,16.384842462992196,1.0000000044140815,0.9770112333349744,0.9608116828141521,0.016199550520822337,0.9834192791565701,0.9608116785730509
258,2,interior,9,6,0.9661688989903746,426102,stress,2,0.699999988079071,10.04,frequency_high_E2_source,task,0,4,13.862668246943294,15.51037581817797,0.9999999976575111,0.9718834226018641,0.9557932150290799,0.016090207572784232,0.9834443028879857,0.9557932172680148
259,2,interior,9,6,0.9661688989903746,426102,stress,2,0.699999988079071,10.04,frequency_high_E2_source,task,1,4,14.836948340198004,17.403427114847613,1.0000000165275154,0.9818173616429123,0.9653922630063113,0.01642509863660102,0.9832707188950944,0.9653922470507761
275,2,interior,9,6,0.9661688989903746,426113,stress,4,0.800000011920929,10.04,frequency_high_identity,combined,-1,4,13.748498860125384,15.58248929959191,0.999999986704681,0.9723464256967645,0.955857080860268,0.016489344836496556,0.9830416974848438,0.955857093568693
276,2,interior,9,6,0.9661688989903746,426113,stress,4,0.800000011920929,10.04,frequency_high_identity,task,0,4,13.377670422521298,15.550935360340931,0.9999999879882565,0.9721447765898952,0.9560241714928223,0.016120605097072915,0.9834174852498606,0.9560241829763395
277,2,interior,9,6,0.9661688989903746,426113,stress,4,0.800000011920929,10.04,frequency_high_identity,task,1,4,16.221179007736502,18.548047262060162,1.0000000391269073,0.986030075003731,0.9689560232719395,0.01707405173179144,0.9826840456851919,0.9689559853596885
278,2,interior,9,6,0.9661688989903746,426113,stress,4,0.800000011920929,10.04,frequency_high_identity,task,2,4,17.39333321118218,18.926148103396464,0.9999999713914087,0.9871948064407639,0.9707592537057778,0.016435552734986092,0.983351256886933,0.9707592814778333
279,2,interior,9,6,0.9661688989903746,426113,stress,4,0.800000011920929,10.04,frequency_high_identity,task,3,4,12.050600211346365,15.277874809687777,1.0000000324301637,0.9703372058232163,0.9530425623051608,0.01729464351805543,0.9821766666121156,0.9530425313978356
280,2,interior,9,6,0.9661688989903746,426113,stress,4,0.800000011920929,10.04,frequency_high_E2_source,combined,-1,4,13.323250278185288,15.477354485596575,0.9999999735702784,0.9716688016201164,0.9550906289974433,0.016578172622673026,0.9829384533134836,0.9550906542402234
281,2,interior,9,6,0.9661688989903746,426113,stress,4,0.800000011920929,10.04,frequency_high_E2_source,task,0,4,13.572626436916417,15.54821079525422,0.9999999903452345,0.9721272983119773,0.9560077101449139,0.01611958816706338,0.9834182331932724,0.9560077193749443
282,2,interior,9,6,0.9661688989903746,426113,stress,4,0.800000011920929,10.04,frequency_high_E2_source,task,1,4,16.333207859299783,18.40213942170167,0.9999999867228817,0.9855527079798189,0.9684612427299732,0.017091465249845617,0.9826579896625929,0.968461255588348
283,2,interior,9,6,0.9661688989903746,426113,stress,4,0.800000011920929,10.04,frequency_high_E2_source,task,2,4,17.52772469353362,18.880689616589095,0.999999995482504,0.9870600920180204,0.9706339877479674,0.016426104270052977,0.9833585569886933,0.9706339921328027
284,2,interior,9,6,0.9661688989903746,426113,stress,4,0.800000011920929,10.04,frequency_high_E2_source,task,3,4,11.959148359520862,15.27326357724328,0.9999999810862497,0.9703056440147468,0.9530757614977718,0.017229882516974993,0.9822428297482797,0.9530757795240092
