stimulus_index,sample_index,K,ratio,state_name,source_type,old_active_rl_db,new_active_rl_db,new_minus_old_active_rl_db,old_total_rl_db,new_total_rl_db,new_minus_old_total_rl_db
6,426105,2,0.800000011920929,nominal_identity,combined,8.557566485676283,5.1581437233813565,-3.3994227622949262,13.159974643448278,8.641756196442671,-4.518218447005607
7,426105,2,0.800000011920929,nominal_identity,task,7.646604541309399,4.403030195040997,-3.243574346268402,12.472940076971872,7.923528565018152,-4.5494115119537195
8,426105,2,0.800000011920929,nominal_identity,task,9.391376633053365,6.2998404884506645,-3.091536144602701,12.878738775973389,8.394368466227814,-4.484370309745575
21,426109,2,0.6000000238418579,nominal_identity,combined,16.13694802840752,10.38813197404723,-5.74881605436029,14.271166679552547,10.03266619530484,-4.238500484247707
22,426109,2,0.6000000238418579,nominal_identity,task,18.730253275013823,10.860915346136828,-7.869337928876995,13.878666399799863,9.605479950164492,-4.2731864496353715
23,426109,2,0.6000000238418579,nominal_identity,task,19.42625195151685,12.225521069768677,-7.200730881748173,15.273058839240752,10.874670027856466,-4.398388811384287
40,426110,4,0.699999988079071,nominal_identity,combined,8.164548899767375,5.016730288237678,-3.147818611529697,13.050232798935566,8.431067216677135,-4.6191655822584305
41,426110,4,0.699999988079071,nominal_identity,task,12.51597266685204,7.006537062517635,-5.509435604334405,12.247887434071565,7.716241740293532,-4.5316456937780325
42,426110,4,0.699999988079071,nominal_identity,task,12.234024268084076,6.769176911756199,-5.464847356327876,13.760025258495228,8.81368377378173,-4.946341484713498
43,426110,4,0.699999988079071,nominal_identity,task,11.377035985789774,6.648855413143137,-4.728180572646638,13.206219890785393,8.495555141807031,-4.7106647489783615
44,426110,4,0.699999988079071,nominal_identity,task,14.127293793355463,8.399557221382754,-5.727736571972709,14.820697626717202,9.750559186929344,-5.070138439787858
61,426102,2,0.699999988079071,nominal_identity,combined,18.145780977324428,10.690962443808296,-7.454818533516132,13.887353582738198,9.629787684750728,-4.257565897987471
62,426102,2,0.699999988079071,nominal_identity,task,19.0306495451887,10.820033474168081,-8.21061607102062,13.443277212008905,9.216355900380591,-4.226921311628313
63,426102,2,0.699999988079071,nominal_identity,task,19.224702397037635,11.322127782283019,-7.9025746147546165,14.52528761014321,10.166197344095886,-4.359090266047323
80,426113,4,0.800000011920929,nominal_identity,combined,15.341921699521388,11.690983601841669,-3.6509380976797186,15.79986161912271,11.757478120866612,-4.042383498256099
81,426113,4,0.800000011920929,nominal_identity,task,12.197525424933628,8.003919710240334,-4.193605714693295,12.585287370165933,7.963741422468781,-4.621545947697152
82,426113,4,0.800000011920929,nominal_identity,task,11.179476947598257,6.605914807536742,-4.573562140061515,13.572298833571656,8.803981757270238,-4.768317076301418
83,426113,4,0.800000011920929,nominal_identity,task,10.276768007878603,6.906143156484482,-3.370624851394121,12.71430179334362,8.262032741358844,-4.452269051984777
84,426113,4,0.800000011920929,nominal_identity,task,9.490247524089524,10.001601400671962,0.5113538765824384,15.148767028730592,11.208591676068023,-3.9401753526625694
101,426105,2,0.800000011920929,nominal_identity,combined,7.639904316978633,4.7197596620361635,-2.9201446549424697,12.312829612129883,7.466153656907927,-4.846675955221956
102,426105,2,0.800000011920929,nominal_identity,task,9.868265793085719,5.939996934650741,-3.9282688584349783,11.484651743800566,6.950884789832568,-4.533766953967998
103,426105,2,0.800000011920929,nominal_identity,task,10.263478147156466,6.7497203839438855,-3.5137577632125803,13.425802268900764,8.558732570179204,-4.86706969872156
116,426109,2,0.6000000238418579,nominal_identity,combined,17.382568629781616,12.226369682901844,-5.156198946879773,14.801425318346046,10.58378373601493,-4.217641582331117
117,426109,2,0.6000000238418579,nominal_identity,task,19.233898332156095,12.089563709718128,-7.144334622437967,15.216328525993084,10.822906198215287,-4.393422327777797
118,426109,2,0.6000000238418579,nominal_identity,task,15.15614769537715,10.610887570359239,-4.545260125017911,14.501044353264145,10.271037809868284,-4.230006543395861
135,426110,4,0.699999988079071,nominal_identity,combined,7.974173399127063,4.759304915259558,-3.2148684838675052,11.035744035045582,6.53716088635978,-4.4985831486858014
136,426110,4,0.699999988079071,nominal_identity,task,9.119626204161037,5.534330908191901,-3.5852952959691358,11.250253234705836,6.742982551311264,-4.507270683394572
137,426110,4,0.699999988079071,nominal_identity,task,12.386424693386875,7.841268835899586,-4.545155857487289,13.877207903854803,8.933458558591967,-4.943749345262836
138,426110,4,0.699999988079071,nominal_identity,task,11.00964989259321,7.040594985381521,-3.9690549072116887,12.744013668167538,7.69348637354896,-5.050527294618578
139,426110,4,0.699999988079071,nominal_identity,task,13.962666249301934,8.564183010350664,-5.39848323895127,15.129370993139409,10.504846938401325,-4.6245240547380835
156,426102,2,0.699999988079071,nominal_identity,combined,19.3131687144071,11.56920169116382,-7.7439670232432825,14.418745997019279,10.249289518567986,-4.169456478451293
157,426102,2,0.699999988079071,nominal_identity,task,18.642057250941438,10.697359250381822,-7.944698000559615,13.578933516662863,9.346178532570494,-4.232754984092368
158,426102,2,0.699999988079071,nominal_identity,task,19.249312574938166,11.745640597536436,-7.50367197740173,15.028573580648509,10.632455096797404,-4.3961184838511045
175,426113,4,0.800000011920929,nominal_identity,combined,8.766162118915517,7.875541076368329,-0.8906210425471883,14.528887098290292,10.1329020960642,-4.395985002226093
176,426113,4,0.800000011920929,nominal_identity,task,18.373829125793517,10.638844447232387,-7.73498467856113,13.200470053122988,9.017014858550564,-4.183455194572424
177,426113,4,0.800000011920929,nominal_identity,task,18.98772347829737,11.836603450652383,-7.1511200276449856,15.092276462207117,10.706866623891248,-4.385409838315869
178,426113,4,0.800000011920929,nominal_identity,task,18.214455098444965,11.302129739870153,-6.912325358574812,14.603945594419145,10.36586982301828,-4.238075771400865
179,426113,4,0.800000011920929,nominal_identity,task,15.97866580737707,10.444263398284177,-5.534402409092893,14.408334041531388,10.129940602049473,-4.278393439481915
196,426105,2,0.800000011920929,nominal_identity,combined,8.8141411641427,4.659833848526728,-4.154307315615973,13.304000861592742,9.190327391142132,-4.11367347045061
197,426105,2,0.800000011920929,nominal_identity,task,9.005896218016186,5.622287625973379,-3.3836085920428074,11.721151850209832,7.150774166517366,-4.570377683692466
198,426105,2,0.800000011920929,nominal_identity,task,9.981057736275313,7.083098329434451,-2.8979594068408616,13.507593085185723,8.532384678211683,-4.9752084069740405
211,426109,2,0.6000000238418579,nominal_identity,combined,10.820951489517842,5.6180384098552425,-5.2029130796626,12.746911305251984,7.775079769926609,-4.971831535325375
212,426109,2,0.6000000238418579,nominal_identity,task,10.529841819345037,6.3595260156966615,-4.170315803648376,11.901813922521798,7.2538990064874875,-4.647914916034311
213,426109,2,0.6000000238418579,nominal_identity,task,11.4700328397346,6.31093228954744,-5.15910055018716,13.291536065351824,8.082697228511801,-5.208838836840023
230,426110,4,0.699999988079071,nominal_identity,combined,6.226685268937393,3.148625581942727,-3.078059686994666,11.287380878156643,6.852090328315258,-4.435290549841385
231,426110,4,0.699999988079071,nominal_identity,task,7.894989695370411,4.729671669370631,-3.16531802599978,11.328829320990476,6.811595816815386,-4.51723350417509
232,426110,4,0.699999988079071,nominal_identity,task,10.66649193219008,7.830961117008676,-2.8355308151814045,13.086393418358526,8.17338152177638,-4.913011896582146
233,426110,4,0.699999988079071,nominal_identity,task,10.231910697534012,6.543875837643975,-3.6880348598900365,12.445188399482571,7.45201040950603,-4.993177989976541
234,426110,4,0.699999988079071,nominal_identity,task,12.349307816560898,7.990438730826069,-4.358869085734829,14.199869171385963,9.487572557947953,-4.71229661343801
251,426102,2,0.699999988079071,nominal_identity,combined,10.198654780572706,6.161614694762886,-4.037040085809821,11.575108686478096,6.921441113516055,-4.653667572962041
252,426102,2,0.699999988079071,nominal_identity,task,8.520893820685636,5.045619512728536,-3.4752743079570996,11.246331948595675,6.736532306081823,-4.509799642513851
253,426102,2,0.699999988079071,nominal_identity,task,9.863094519678594,6.148892527787817,-3.7142019918907767,12.09446059312887,7.269598787704586,-4.824861805424284
270,426113,4,0.800000011920929,nominal_identity,combined,9.89663156992928,5.810773969627004,-4.085857600302276,11.597340607105632,7.081497718802207,-4.515842888303426
271,426113,4,0.800000011920929,nominal_identity,task,8.599753753018225,5.2763230569729815,-3.3234306960452438,11.297388624425768,6.760287670629221,-4.537100953796546
272,426113,4,0.800000011920929,nominal_identity,task,9.716954818341522,7.5892220085572415,-2.1277328097842805,13.169082637192721,8.203751537079997,-4.965331100112724
273,426113,4,0.800000011920929,nominal_identity,task,9.801531802878747,6.244367701255696,-3.5571641016230515,12.56211304920331,7.543453120486632,-5.018659928716678
274,426113,4,0.800000011920929,nominal_identity,task,11.446433916165098,7.199760138346177,-4.246673777818922,12.687660639574625,8.277349550728786,-4.410311088845839
