timestamp,stage,solver_pid,physical_total_gb,physical_available_gb,commit_limit_gb,commit_headroom_gb,d_free_gb
2026-07-29 15:20:41,waiting_resources,,23.642162322998047,16.20574951171875,40.794105529785156,28.275588989257812,74.42143249511719
2026-07-29 15:20:41,fieldsolve_start,,23.642162322998047,16.20574951171875,40.794105529785156,28.275588989257812,74.42143249511719
2026-07-29 15:20:41,running_fieldsolve,2488,23.642162322998047,16.234622955322266,40.794105529785156,28.323753356933594,74.42142868041992
2026-07-29 15:21:01,running_fieldsolve,2488,23.642162322998047,13.724838256835938,40.794105529785156,25.593669891357422,74.2637710571289
2026-07-29 15:21:21,running_fieldsolve,2488,23.642162322998047,13.569480895996094,40.794105529785156,25.370933532714844,74.2637710571289
2026-07-29 15:21:41,running_fieldsolve,2488,23.642162322998047,13.621685028076172,40.794105529785156,25.402587890625,74.26254272460938
2026-07-29 15:22:01,running_fieldsolve,2488,23.642162322998047,15.024829864501953,40.794105529785156,26.839092254638672,74.34813690185547
2026-07-29 15:22:21,running_fieldsolve,2488,23.642162322998047,15.409759521484375,40.794105529785156,27.299339294433594,74.29312896728516
2026-07-29 15:22:41,running_fieldsolve,2488,23.642162322998047,13.639026641845703,40.794105529785156,25.40869903564453,74.2928466796875
2026-07-29 15:23:01,running_fieldsolve,2488,23.642162322998047,13.671924591064453,40.794105529785156,25.427005767822266,74.2928466796875
2026-07-29 15:23:21,running_fieldsolve,2488,23.642162322998047,10.734031677246094,40.794105529785156,22.370555877685547,74.2923583984375
2026-07-29 15:23:41,running_fieldsolve,2488,23.642162322998047,6.510765075683594,40.794105529785156,16.230091094970703,74.2923583984375
2026-07-29 15:24:01,running_fieldsolve,2488,23.642162322998047,6.554973602294922,40.794105529785156,16.953815460205078,74.2923583984375
2026-07-29 15:24:21,running_fieldsolve,2488,23.642162322998047,5.5124359130859375,40.794105529785156,16.235031127929688,74.2923583984375
2026-07-29 15:24:41,running_fieldsolve,2488,23.642162322998047,6.3832855224609375,40.794105529785156,16.7003173828125,74.2923583984375
2026-07-29 15:25:01,running_fieldsolve,2488,23.642162322998047,5.476123809814453,40.794105529785156,16.20867156982422,74.2923583984375
2026-07-29 15:25:21,running_fieldsolve,2488,23.642162322998047,8.802406311035156,40.794105529785156,11.289115905761719,74.2923583984375
2026-07-29 15:25:41,running_fieldsolve,2488,23.642162322998047,3.430469512939453,40.794105529785156,10.69891357421875,74.2923583984375
2026-07-29 15:26:01,running_fieldsolve,2488,23.642162322998047,0.7148704528808594,40.794105529785156,11.220142364501953,74.2923583984375
2026-07-29 15:26:22,running_fieldsolve,2488,23.642162322998047,1.3653984069824219,40.794105529785156,10.93149185180664,73.71068954467773
2026-07-29 15:26:42,running_fieldsolve,2488,23.642162322998047,1.4016876220703125,40.794105529785156,10.959300994873047,72.5473518371582
2026-07-29 15:27:02,running_fieldsolve,2488,23.642162322998047,1.5685195922851562,40.794105529785156,11.129356384277344,71.38401412963867
2026-07-29 15:27:22,running_fieldsolve,2488,23.642162322998047,1.3750648498535156,40.794105529785156,11.061195373535156,70.8023452758789
2026-07-29 15:27:42,running_fieldsolve,2488,23.642162322998047,1.3939018249511719,40.794105529785156,11.082542419433594,69.63900756835938
2026-07-29 15:28:02,running_fieldsolve,2488,23.642162322998047,1.6089324951171875,40.794105529785156,11.166393280029297,68.47566986083984
2026-07-29 15:28:22,running_fieldsolve,2488,23.642162322998047,1.6100006103515625,40.794105529785156,11.170341491699219,67.31233215332031
2026-07-29 15:28:42,running_fieldsolve,2488,23.642162322998047,1.683441162109375,40.794105529785156,11.13418197631836,66.73066329956055
2026-07-29 15:29:02,running_fieldsolve,2488,23.642162322998047,1.7088470458984375,40.794105529785156,11.131168365478516,65.56732559204102
2026-07-29 15:29:22,running_fieldsolve,2488,23.642162322998047,1.75555419921875,40.794105529785156,11.171329498291016,64.40398788452148
2026-07-29 15:29:42,running_fieldsolve,2488,23.642162322998047,1.6838569641113281,40.794105529785156,11.02187728881836,63.24058532714844
2026-07-29 15:30:02,running_fieldsolve,2488,23.642162322998047,2.326465606689453,40.794105529785156,11.146438598632812,62.65891647338867
2026-07-29 15:30:22,running_fieldsolve,2488,23.642162322998047,2.4095802307128906,40.794105529785156,11.195426940917969,61.49533462524414
2026-07-29 15:30:42,running_fieldsolve,2488,23.642162322998047,2.350025177001953,40.794105529785156,11.083953857421875,60.33199691772461
2026-07-29 15:31:02,running_fieldsolve,2488,23.642162322998047,2.388538360595703,40.794105529785156,11.161041259765625,59.16865921020508
2026-07-29 15:31:22,running_fieldsolve,2488,23.642162322998047,2.4963722229003906,40.794105529785156,11.270988464355469,58.58699035644531
2026-07-29 15:31:42,running_fieldsolve,2488,23.642162322998047,2.412303924560547,40.794105529785156,11.143539428710938,57.42365264892578
2026-07-29 15:32:02,running_fieldsolve,2488,23.642162322998047,2.4557762145996094,40.794105529785156,11.225406646728516,56.26031494140625
2026-07-29 15:32:22,running_fieldsolve,2488,23.642162322998047,2.5025367736816406,40.794105529785156,11.212226867675781,55.09697723388672
2026-07-29 15:32:42,running_fieldsolve,2488,23.642162322998047,2.566120147705078,40.794105529785156,11.119731903076172,54.51530838012695
2026-07-29 15:33:02,running_fieldsolve,2488,23.642162322998047,2.11285400390625,40.794105529785156,10.523818969726562,53.019588470458984
2026-07-29 15:33:22,running_fieldsolve,2488,23.642162322998047,2.8733901977539062,40.794105529785156,10.54925537109375,53.019588470458984
2026-07-29 15:33:42,running_fieldsolve,2488,23.642162322998047,2.8677749633789062,40.794105529785156,10.465179443359375,52.43791961669922
2026-07-29 15:34:02,running_fieldsolve,2488,23.642162322998047,3.0469322204589844,40.794105529785156,10.521785736083984,52.43791961669922
2026-07-29 15:34:22,running_fieldsolve,2488,23.642162322998047,3.0898208618164062,40.794105529785156,10.554145812988281,51.85625076293945
2026-07-29 15:34:42,running_fieldsolve,2488,23.642162322998047,3.01678466796875,40.794105529785156,10.499351501464844,51.2243537902832
2026-07-29 15:35:02,running_fieldsolve,2488,23.642162322998047,3.09637451171875,40.794105529785156,10.454261779785156,51.27452087402344
2026-07-29 15:35:22,running_fieldsolve,2488,23.642162322998047,3.0980224609375,40.794105529785156,10.499061584472656,50.69285202026367
2026-07-29 15:35:42,running_fieldsolve,2488,23.642162322998047,3.128734588623047,40.794105529785156,10.49700927734375,50.69285202026367
2026-07-29 15:36:02,running_fieldsolve,2488,23.642162322998047,3.165973663330078,40.794105529785156,10.442928314208984,50.111183166503906
2026-07-29 15:36:22,running_fieldsolve,2488,23.642162322998047,3.3368072509765625,40.794105529785156,10.628257751464844,50.111183166503906
2026-07-29 15:36:42,running_fieldsolve,2488,23.642162322998047,3.2016944885253906,40.794105529785156,10.503654479980469,49.52951431274414
2026-07-29 15:37:02,running_fieldsolve,2488,23.642162322998047,3.1836013793945312,40.794105529785156,10.491016387939453,48.947845458984375
2026-07-29 15:37:22,running_fieldsolve,2488,23.642162322998047,3.258106231689453,40.794105529785156,10.55572509765625,48.947845458984375
2026-07-29 15:37:42,running_fieldsolve,2488,23.642162322998047,3.1656951904296875,40.794105529785156,10.448936462402344,48.36617660522461
2026-07-29 15:38:02,running_fieldsolve,2488,23.642162322998047,3.2332229614257812,40.794105529785156,10.568470001220703,48.36617660522461
2026-07-29 15:38:22,running_fieldsolve,2488,23.642162322998047,3.0657577514648438,40.794105529785156,10.421955108642578,47.784507751464844
2026-07-29 15:38:42,running_fieldsolve,2488,23.642162322998047,3.1590003967285156,40.794105529785156,10.548912048339844,47.20283889770508
2026-07-29 15:39:02,running_fieldsolve,2488,23.642162322998047,3.25701904296875,40.794105529785156,10.64065170288086,47.20283889770508
2026-07-29 15:39:22,running_fieldsolve,2488,23.642162322998047,3.2181015014648438,40.794105529785156,10.661079406738281,46.62117004394531
2026-07-29 15:39:42,running_fieldsolve,2488,23.642162322998047,3.1834449768066406,40.794105529785156,10.523704528808594,46.62116622924805
2026-07-29 15:40:02,running_fieldsolve,2488,23.642162322998047,3.1064796447753906,40.794105529785156,10.501945495605469,46.03949737548828
2026-07-29 15:40:22,running_fieldsolve,2488,23.642162322998047,3.2417984008789062,40.794105529785156,10.638809204101562,46.03949737548828
2026-07-29 15:40:42,running_fieldsolve,2488,23.642162322998047,3.114887237548828,40.794105529785156,10.496055603027344,45.457828521728516
2026-07-29 15:41:02,running_fieldsolve,2488,23.642162322998047,3.0337066650390625,40.794105529785156,10.403213500976562,45.457828521728516
2026-07-29 15:41:22,running_fieldsolve,2488,23.642162322998047,3.0918197631835938,40.794105529785156,10.524818420410156,44.87615966796875
2026-07-29 15:41:42,running_fieldsolve,2488,23.642162322998047,2.93798828125,40.794105529785156,10.501884460449219,44.294490814208984
2026-07-29 15:42:02,running_fieldsolve,2488,23.642162322998047,3.0510597229003906,40.794105529785156,10.550975799560547,44.294490814208984
2026-07-29 15:42:22,running_fieldsolve,2488,23.642162322998047,3.052806854248047,40.794105529785156,10.615665435791016,43.71282196044922
2026-07-29 15:42:42,running_fieldsolve,2488,23.642162322998047,3.21148681640625,40.794105529785156,10.591068267822266,43.71282196044922
2026-07-29 15:43:02,running_fieldsolve,2488,23.642162322998047,3.0178756713867188,40.794105529785156,10.412269592285156,43.13115310668945
2026-07-29 15:43:22,running_fieldsolve,2488,23.642162322998047,3.0315284729003906,40.794105529785156,10.504566192626953,42.54948425292969
2026-07-29 15:43:42,running_fieldsolve,2488,23.642162322998047,3.0667343139648438,40.794105529785156,10.4293212890625,42.54948425292969
2026-07-29 15:44:02,running_fieldsolve,2488,23.642162322998047,3.044574737548828,40.794105529785156,10.453189849853516,41.96781539916992
2026-07-29 15:44:23,running_fieldsolve,2488,23.642162322998047,3.144329071044922,40.794105529785156,10.528575897216797,41.96781539916992
2026-07-29 15:44:43,running_fieldsolve,2488,23.642162322998047,3.0700340270996094,40.794105529785156,10.488582611083984,41.386146545410156
2026-07-29 15:45:03,running_fieldsolve,2488,23.642162322998047,3.118053436279297,40.794105529785156,10.509376525878906,41.26262283325195
2026-07-29 15:45:23,running_fieldsolve,2488,23.642162322998047,3.1480865478515625,40.794105529785156,10.578292846679688,40.80423355102539
2026-07-29 15:45:43,running_fieldsolve,2488,23.642162322998047,3.079010009765625,40.794105529785156,10.520244598388672,40.222564697265625
2026-07-29 15:46:03,running_fieldsolve,2488,23.642162322998047,3.09332275390625,40.794105529785156,10.463130950927734,40.222564697265625
2026-07-29 15:46:23,running_fieldsolve,2488,23.642162322998047,3.0384063720703125,40.794105529785156,10.467884063720703,39.64089584350586
2026-07-29 15:46:43,running_fieldsolve,2488,23.642162322998047,3.0888214111328125,40.794105529785156,10.489349365234375,39.64089584350586
2026-07-29 15:47:03,running_fieldsolve,2488,23.642162322998047,3.0846939086914062,40.794105529785156,10.507953643798828,39.059226989746094
2026-07-29 15:47:23,running_fieldsolve,2488,23.642162322998047,3.0553207397460938,40.794105529785156,10.501190185546875,38.47755813598633
2026-07-29 15:47:43,running_fieldsolve,2488,23.642162322998047,3.1758155822753906,40.794105529785156,10.469928741455078,38.47755813598633
2026-07-29 15:48:03,running_fieldsolve,2488,23.642162322998047,3.2164993286132812,40.794105529785156,10.50014877319336,37.89588928222656
2026-07-29 15:48:23,running_fieldsolve,2488,23.642162322998047,3.2840042114257812,40.794105529785156,10.547847747802734,37.89588928222656
2026-07-29 15:48:43,running_fieldsolve,2488,23.642162322998047,3.2029685974121094,40.794105529785156,10.470367431640625,37.3140983581543
2026-07-29 15:49:03,running_fieldsolve,2488,23.642162322998047,3.263946533203125,40.794105529785156,10.571949005126953,36.73242950439453
2026-07-29 15:49:23,running_fieldsolve,2488,23.642162322998047,3.2851333618164062,40.794105529785156,10.568592071533203,36.73242950439453
2026-07-29 15:49:43,running_fieldsolve,2488,23.642162322998047,3.2880477905273438,40.794105529785156,10.577335357666016,36.1507568359375
2026-07-29 15:50:03,running_fieldsolve,2488,23.642162322998047,3.378894805908203,40.794105529785156,10.624183654785156,36.1507568359375
2026-07-29 15:50:23,running_fieldsolve,2488,23.642162322998047,3.3984642028808594,40.794105529785156,10.600227355957031,35.569087982177734
2026-07-29 15:50:43,running_fieldsolve,2488,23.642162322998047,3.3435630798339844,40.794105529785156,10.541202545166016,34.98741912841797
2026-07-29 15:51:03,running_fieldsolve,2488,23.642162322998047,3.349689483642578,40.794105529785156,10.468929290771484,34.98741912841797
2026-07-29 15:51:23,running_fieldsolve,2488,23.642162322998047,3.3017921447753906,40.794105529785156,10.509284973144531,34.4057502746582
2026-07-29 15:51:43,running_fieldsolve,2488,23.642162322998047,3.3235626220703125,40.794105529785156,10.468746185302734,34.4057502746582
2026-07-29 15:52:03,running_fieldsolve,2488,23.642162322998047,3.3929786682128906,40.794105529785156,10.49554443359375,33.82408142089844
2026-07-29 15:52:23,running_fieldsolve,2488,23.642162322998047,3.2595596313476562,40.794105529785156,10.396636962890625,33.24241256713867
2026-07-29 15:52:43,running_fieldsolve,2488,23.642162322998047,3.3807449340820312,40.794105529785156,10.475776672363281,33.24241256713867
2026-07-29 15:53:03,running_fieldsolve,2488,23.642162322998047,3.3165359497070312,40.794105529785156,10.43365478515625,32.660743713378906
2026-07-29 15:53:23,running_fieldsolve,2488,23.642162322998047,3.228588104248047,40.794105529785156,10.3238525390625,32.660743713378906
2026-07-29 15:53:43,running_fieldsolve,2488,23.642162322998047,3.678447723388672,40.794105529785156,10.793525695800781,32.07907485961914
2026-07-29 15:54:03,running_fieldsolve,2488,23.642162322998047,12.4501953125,40.794105529785156,21.89856719970703,31.738418579101562
2026-07-29 15:54:23,running_fieldsolve,2488,23.642162322998047,12.457271575927734,40.794105529785156,21.862503051757812,31.70071029663086
2026-07-29 15:54:43,running_fieldsolve,2488,23.642162322998047,12.488140106201172,40.794105529785156,21.86751937866211,31.665210723876953
2026-07-29 15:55:03,running_fieldsolve,2488,23.642162322998047,12.334846496582031,40.794105529785156,21.678707122802734,31.62750244140625
2026-07-29 15:55:23,running_fieldsolve,2488,23.642162322998047,12.38125991821289,40.794105529785156,21.74545669555664,31.592487335205078
2026-07-29 15:55:43,running_fieldsolve,2488,23.642162322998047,12.381450653076172,40.794105529785156,21.78948974609375,31.557472229003906
2026-07-29 15:56:03,running_fieldsolve,2488,23.642162322998047,12.173507690429688,40.794105529785156,21.543697357177734,31.51952362060547
2026-07-29 15:56:23,running_fieldsolve,2488,23.642162322998047,12.382293701171875,40.794105529785156,21.82105255126953,31.48450469970703
2026-07-29 15:56:43,running_fieldsolve,2488,23.642162322998047,12.337203979492188,40.794105529785156,21.748821258544922,31.446800231933594
2026-07-29 15:57:03,running_fieldsolve,2488,23.642162322998047,12.29647445678711,40.794105529785156,21.70565414428711,31.411785125732422
2026-07-29 15:57:23,running_fieldsolve,2488,23.642162322998047,12.289985656738281,40.794105529785156,21.77050018310547,31.37677001953125
2026-07-29 15:57:43,running_fieldsolve,2488,23.642162322998047,12.256587982177734,40.794105529785156,21.706985473632812,31.339065551757812
2026-07-29 15:58:03,running_fieldsolve,2488,23.642162322998047,12.28753662109375,40.794105529785156,21.745155334472656,31.304046630859375
2026-07-29 15:58:23,running_fieldsolve,2488,23.642162322998047,12.324909210205078,40.794105529785156,21.770153045654297,31.266342163085938
2026-07-29 15:58:43,running_fieldsolve,2488,23.642162322998047,12.34262466430664,40.794105529785156,21.79210662841797,31.2313232421875
2026-07-29 15:59:03,running_fieldsolve,2488,23.642162322998047,12.36325454711914,40.794105529785156,21.817276000976562,31.193374633789062
2026-07-29 15:59:23,running_fieldsolve,2488,23.642162322998047,12.266429901123047,40.794105529785156,21.744937896728516,31.15835952758789
2026-07-29 15:59:43,running_fieldsolve,2488,23.642162322998047,12.122283935546875,40.794105529785156,21.5225830078125,31.123332977294922
2026-07-29 16:00:03,running_fieldsolve,2488,23.642162322998047,12.220695495605469,40.794105529785156,21.69961929321289,31.085628509521484
2026-07-29 16:00:23,running_fieldsolve,2488,23.642162322998047,12.765602111816406,40.794105529785156,22.33769989013672,30.982707977294922
2026-07-29 16:00:43,fieldsolve_complete,,23.642162322998047,17.441211700439453,40.794105529785156,28.469837188720703,74.04960632324219
