port_index,ix,iy,port_class,observed_case_count,active_rl_fail10_count,active_rl_fail11_count,fail10_rate_when_observed,fail11_rate_when_observed,worst_gamma,worst_active_rl_db
43,2,11,interior,405,3,25,0.007407407407407408,0.06172839506172839,0.33905826735222994,9.394513232689475
75,4,11,interior,465,5,25,0.010752688172043012,0.053763440860215055,0.33903832483859137,9.395024128849741
46,2,14,interior,380,4,25,0.010526315789473684,0.06578947368421052,0.33518289994134043,9.49436291840987
149,9,5,interior,465,3,25,0.0064516129032258064,0.053763440860215055,0.3248244138622938,9.767026731030315
108,6,12,interior,380,12,24,0.031578947368421054,0.06315789473684211,0.37560057934796737,8.505474930491735
190,11,14,interior,450,2,24,0.0044444444444444444,0.05333333333333334,0.3249814637395538,9.7628281912044
74,4,10,interior,415,1,24,0.0024096385542168677,0.05783132530120482,0.3202828158507643,9.889327238674332
251,15,11,edge,430,1,24,0.002325581395348837,0.05581395348837209,0.31645607488738525,9.993731258455382
194,12,2,interior,435,2,22,0.004597701149425287,0.05057471264367816,0.3315330714975398,9.589462856345571
143,8,15,edge,310,5,21,0.016129032258064516,0.06774193548387097,0.3627496341628125,8.807860337619937
134,8,6,interior,405,0,21,0.0,0.05185185185185185,0.31381911361065373,10.066412172098232
123,7,11,interior,455,1,20,0.002197802197802198,0.04395604395604396,0.32433807180030416,9.780041390257937
35,2,3,interior,440,2,19,0.004545454545454545,0.04318181818181818,0.3330576526173344,9.549611663424324
212,13,4,interior,460,2,19,0.004347826086956522,0.041304347826086954,0.33063940245875006,9.612907851907925
71,4,7,interior,475,0,19,0.0,0.04,0.30917893333172275,10.195802109400084
58,3,10,interior,400,5,18,0.0125,0.045,0.3515359705244797,9.080604593479228
32,2,0,edge,370,5,18,0.013513513513513514,0.04864864864864865,0.34914728228126857,9.139826682073616
52,3,4,interior,345,2,18,0.005797101449275362,0.05217391304347826,0.3391687403884603,9.391683629626744
142,8,14,interior,350,1,18,0.002857142857142857,0.05142857142857143,0.32636899741965253,9.725822052839646
70,4,6,interior,415,3,18,0.007228915662650603,0.043373493975903614,0.32539500241385766,9.75178242938158
191,11,15,edge,365,1,18,0.0027397260273972603,0.049315068493150684,0.3224769502846589,9.830026440538886
114,7,2,interior,275,1,18,0.0036363636363636364,0.06545454545454546,0.3191631156305167,9.919746080994198
48,3,0,edge,340,0,18,0.0,0.052941176470588235,0.307140222461639,10.253266110130756
60,3,12,interior,445,3,17,0.006741573033707865,0.038202247191011236,0.3232588915346307,9.808990412241847
81,5,1,interior,300,1,17,0.0033333333333333335,0.056666666666666664,0.31717979309271316,9.973889770586027
120,7,8,interior,355,0,17,0.0,0.04788732394366197,0.30931459155395014,10.191991843590507
146,9,2,interior,355,0,17,0.0,0.04788732394366197,0.30484192417066897,10.31850611515857
88,5,8,interior,230,6,16,0.02608695652173913,0.06956521739130435,0.34245053914184614,9.308042914317795
187,11,11,interior,390,2,16,0.005128205128205128,0.041025641025641026,0.33519207212841584,9.494125234701494
183,11,7,interior,485,3,16,0.006185567010309278,0.032989690721649485,0.33152501693686065,9.589673881673113
215,13,7,interior,360,1,16,0.002777777777777778,0.044444444444444446,0.32255787550492987,9.827846999963603
111,6,15,edge,365,1,16,0.0027397260273972603,0.043835616438356165,0.32086646283656833,9.873513465267374
220,13,12,interior,360,1,16,0.002777777777777778,0.044444444444444446,0.3167952963903941,9.984425504205278
83,5,3,interior,335,0,16,0.0,0.04776119402985075,0.3065372586928829,10.270334614670473
95,5,15,edge,325,2,15,0.006153846153846154,0.046153846153846156,0.334654892078601,9.508056439522942
180,11,4,interior,400,3,15,0.0075,0.0375,0.3268298293939122,9.713566255156321
135,8,7,interior,410,2,15,0.004878048780487805,0.036585365853658534,0.32474323655349774,9.769197704749642
189,11,13,interior,345,2,15,0.005797101449275362,0.043478260869565216,0.32418310619425894,9.784192416386599
219,13,11,interior,500,1,15,0.002,0.03,0.32064555581555304,9.879495501534398
162,10,2,interior,380,2,15,0.005263157894736842,0.039473684210526314,0.31991178931400494,9.899395102058062
110,6,14,interior,425,3,15,0.007058823529411765,0.03529411764705882,0.3198387373438137,9.901378754520207
61,3,13,interior,405,1,15,0.0024691358024691358,0.037037037037037035,0.31957947009470755,9.908422554054589
247,15,7,edge,340,1,15,0.0029411764705882353,0.04411764705882353,0.3174024245072013,9.967795203414381
168,10,8,interior,435,0,15,0.0,0.034482758620689655,0.3147995912456384,10.03931680452369
151,9,7,interior,395,0,15,0.0,0.0379746835443038,0.31453034313553624,10.046749025317682
76,4,12,interior,430,4,14,0.009302325581395349,0.03255813953488372,0.3705730702531262,8.622522885739784
0,0,0,corner,425,4,14,0.009411764705882352,0.03294117647058824,0.3449388227015268,9.245158464859188
170,10,10,interior,430,2,14,0.004651162790697674,0.03255813953488372,0.32837530275722143,9.672590275850698
100,6,4,interior,420,1,14,0.002380952380952381,0.03333333333333333,0.31982619197800344,9.901719456840802
154,9,10,interior,325,2,14,0.006153846153846154,0.043076923076923075,0.31833444308860714,9.942327382524505
167,10,7,interior,430,0,14,0.0,0.03255813953488372,0.31592551736041086,10.008305892706924
36,2,4,interior,445,0,14,0.0,0.03146067415730337,0.31349794706856526,10.075305975753848
172,10,12,interior,370,0,14,0.0,0.03783783783783784,0.3124697741305512,10.103839730442266
125,7,13,interior,340,0,14,0.0,0.041176470588235294,0.31047315779926066,10.15951882269967
56,3,8,interior,360,0,14,0.0,0.03888888888888889,0.3085619847063413,10.21315161401477
127,7,15,edge,430,0,14,0.0,0.03255813953488372,0.30294998472894047,10.372581301186102
112,7,0,edge,305,0,14,0.0,0.04590163934426229,0.3017841343489623,10.406071921150087
113,7,1,interior,280,2,13,0.007142857142857143,0.04642857142857143,0.3425540922528939,9.305416798055607
80,5,0,edge,270,3,13,0.011111111111111112,0.04814814814814815,0.3352535606108449,9.49253201924059
66,4,2,interior,315,3,13,0.009523809523809525,0.04126984126984127,0.3322334717416386,9.571132310636198
207,12,15,edge,230,2,13,0.008695652173913044,0.05652173913043478,0.3312221349947131,9.59761295556681
200,12,8,interior,330,2,13,0.006060606060606061,0.03939393939393939,0.3276626382240108,9.691461525614473
14,0,14,edge,315,2,13,0.006349206349206349,0.04126984126984127,0.327595090620053,9.69325230505757
116,7,4,interior,365,2,13,0.005479452054794521,0.03561643835616438,0.32297892781366355,9.816516230330194
99,6,3,interior,455,1,13,0.002197802197802198,0.02857142857142857,0.3207215224391737,9.877437903835975
102,6,6,interior,400,1,13,0.0025,0.0325,0.31702343098954683,9.97817276363187
118,7,6,interior,335,1,13,0.0029850746268656717,0.03880597014925373,0.3169066387748826,9.981373256389732
188,11,12,interior,405,0,13,0.0,0.03209876543209877,0.31557162534349753,10.018041066840324
163,10,3,interior,420,2,12,0.004761904761904762,0.02857142857142857,0.3475791053788695,9.178926778610464
201,12,9,interior,345,3,12,0.008695652173913044,0.034782608695652174,0.3383551235017434,9.41254485757576
109,6,13,interior,425,2,12,0.004705882352941176,0.02823529411764706,0.3358469974155007,9.477170601717477
15,0,15,corner,395,3,12,0.007594936708860759,0.030379746835443037,0.3314645545315559,9.591258129159907
105,6,9,interior,295,1,12,0.003389830508474576,0.04067796610169491,0.3246887995241119,9.770653851056906
39,2,7,interior,400,2,12,0.005,0.03,0.32214536760905516,9.838962186944975
55,3,7,interior,245,3,12,0.012244897959183673,0.04897959183673469,0.3206702814034303,9.878825741908392
152,9,8,interior,360,1,12,0.002777777777777778,0.03333333333333333,0.31965373933310165,9.906404215828156
138,8,10,interior,325,2,12,0.006153846153846154,0.036923076923076927,0.3182435184386911,9.944808654348702
222,13,14,interior,430,0,12,0.0,0.027906976744186046,0.3151600673899779,10.029376306570501
13,0,13,edge,400,0,12,0.0,0.03,0.3082410777184455,10.22218971094473
78,4,14,interior,320,0,12,0.0,0.0375,0.30798221055079295,10.229487363676196
77,4,13,interior,325,0,12,0.0,0.036923076923076927,0.30041228434387396,10.445646246028629
119,7,7,interior,460,1,11,0.002173913043478261,0.02391304347826087,0.3225119045404252,9.829085001610157
3,0,3,edge,380,1,11,0.002631578947368421,0.02894736842105263,0.3213501928324179,9.860428702933463
92,5,12,interior,315,1,11,0.0031746031746031746,0.03492063492063492,0.320881831854002,9.873097434277017
136,8,8,interior,485,1,11,0.002061855670103093,0.02268041237113402,0.31881490652799166,9.929227618071607
96,6,0,edge,395,1,11,0.002531645569620253,0.027848101265822784,0.3177070282892123,9.95946355278283
73,4,9,interior,325,1,11,0.003076923076923077,0.033846153846153845,0.3166518645455314,9.988359007339186
31,1,15,edge,195,0,11,0.0,0.05641025641025641,0.3157454899091226,10.01325688332721
184,11,8,interior,335,0,11,0.0,0.03283582089552239,0.31509350413130294,10.031211000246428
211,13,3,interior,345,0,11,0.0,0.03188405797101449,0.31242256267221935,10.105152191784331
121,7,9,interior,355,0,11,0.0,0.030985915492957747,0.3048173357467132,10.319206743693263
205,12,13,interior,300,0,11,0.0,0.03666666666666667,0.30354314405146454,10.355591436630556
40,2,8,interior,340,0,11,0.0,0.03235294117647059,0.30157907831955544,10.411975808136313
2,0,2,edge,415,2,10,0.004819277108433735,0.024096385542168676,0.3612083626853296,8.844844069382722
90,5,10,interior,335,4,10,0.011940298507462687,0.029850746268656716,0.3507188461394533,9.10081792705439
161,10,1,interior,300,3,10,0.01,0.03333333333333333,0.33722144366363965,9.441696334048807
11,0,11,edge,420,2,10,0.004761904761904762,0.023809523809523808,0.33249162544925864,9.564385778163594
7,0,7,edge,500,2,10,0.004,0.02,0.32686427210270486,9.712650947623331
131,8,3,interior,430,3,10,0.0069767441860465115,0.023255813953488372,0.3243536948165783,9.77962301036727
53,3,5,interior,320,2,10,0.00625,0.03125,0.3233418596714412,9.80676136415484
253,15,13,edge,430,2,10,0.004651162790697674,0.023255813953488372,0.3197168354637608,9.90468988598291
198,12,6,interior,295,1,10,0.003389830508474576,0.03389830508474576,0.31845654581440647,9.93899639690354
244,15,4,edge,495,1,10,0.00202020202020202,0.020202020202020204,0.3176694847253557,9.960490028410991
195,12,3,interior,460,1,10,0.002173913043478261,0.021739130434782608,0.3166151077221911,9.989367320500364
178,11,2,interior,340,0,10,0.0,0.029411764705882353,0.3114799521830286,10.131398012935565
33,2,1,interior,335,0,10,0.0,0.029850746268656716,0.31089321362361727,10.14777515823443
124,7,12,interior,430,0,10,0.0,0.023255813953488372,0.3046653506128794,10.323538699812822
250,15,10,edge,395,0,10,0.0,0.02531645569620253,0.3036086278363616,10.353717819662807
174,10,14,interior,370,0,10,0.0,0.02702702702702703,0.29818057985268126,10.510412900924237
41,2,9,interior,295,3,9,0.010169491525423728,0.030508474576271188,0.36822781027491763,8.677668293129065
68,4,4,interior,380,2,9,0.005263157894736842,0.02368421052631579,0.34721947924657354,9.187918371984887
196,12,4,interior,325,2,9,0.006153846153846154,0.027692307692307693,0.338460022536271,9.409852419471573
45,2,13,interior,375,1,9,0.0026666666666666666,0.024,0.3328627611697692,9.554695771429538
155,9,11,interior,455,2,9,0.004395604395604396,0.01978021978021978,0.325796626934227,9.741068327587362
173,10,13,interior,270,1,9,0.003703703703703704,0.03333333333333333,0.3209029209943551,9.872526595082345
51,3,3,interior,396,0,9,0.0,0.022727272727272728,0.3119939212084408,10.117077351127872
169,10,9,interior,335,0,9,0.0,0.026865671641791045,0.3085317049883049,10.214004017122235
217,13,9,interior,470,0,9,0.0,0.019148936170212766,0.3083189362738704,10.219996020766818
67,4,3,interior,375,0,9,0.0,0.024,0.29964535379366125,10.467849038970716
230,14,6,interior,220,0,9,0.0,0.04090909090909091,0.2976583133520392,10.525639669098384
50,3,2,interior,295,0,9,0.0,0.030508474576271188,0.2972409612619831,10.537826857564925
243,15,3,edge,390,0,9,0.0,0.023076923076923078,0.2963268161282123,10.564580904281172
156,9,12,interior,370,2,8,0.005405405405405406,0.021621621621621623,0.3446916634748566,9.251384401504493
246,15,6,edge,360,2,8,0.005555555555555556,0.022222222222222223,0.34465500968033086,9.252308090054145
79,4,15,edge,350,2,8,0.005714285714285714,0.022857142857142857,0.34039353897321234,9.360373837489973
54,3,6,interior,450,2,8,0.0044444444444444444,0.017777777777777778,0.3392448445036953,9.389734871631836
175,10,15,edge,205,1,8,0.004878048780487805,0.03902439024390244,0.3331992502804206,9.545919689089072
12,0,12,edge,495,2,8,0.00404040404040404,0.01616161616161616,0.33169824545141213,9.585136514306479
18,1,2,interior,230,1,8,0.004347826086956522,0.034782608695652174,0.3191306447523982,9.920629807207852
242,15,2,edge,395,1,8,0.002531645569620253,0.020253164556962026,0.317870260498014,9.955002043514913
157,9,13,interior,340,1,8,0.0029411764705882353,0.023529411764705882,0.31630919059652945,9.99776378309745
98,6,2,interior,255,0,8,0.0,0.03137254901960784,0.3162069373066751,10.000572125080716
126,7,14,interior,300,0,8,0.0,0.02666666666666667,0.31322245179801267,10.082942305046101
206,12,14,interior,230,0,8,0.0,0.034782608695652174,0.30949911077691183,10.186811888304415
158,9,14,interior,415,0,8,0.0,0.01927710843373494,0.3079603954827136,10.230102626436093
197,12,5,interior,310,0,8,0.0,0.025806451612903226,0.3071799994582847,10.252141294143417
145,9,1,interior,320,0,8,0.0,0.025,0.30705198839159237,10.255761717813407
4,0,4,edge,400,0,8,0.0,0.02,0.30402426350411016,10.34183509851914
72,4,8,interior,385,0,8,0.0,0.02077922077922078,0.3023514560410822,10.389758712215208
193,12,1,interior,205,0,8,0.0,0.03902439024390244,0.3012362717902332,10.42185472048098
128,8,0,edge,245,2,7,0.00816326530612245,0.02857142857142857,0.3662659572238007,8.72406890363574
165,10,5,interior,330,2,7,0.006060606060606061,0.021212121212121213,0.3503064984710044,9.111036121820838
82,5,2,interior,305,3,7,0.009836065573770493,0.022950819672131147,0.3388439412676934,9.40000550799172
84,5,4,interior,290,2,7,0.006896551724137931,0.02413793103448276,0.3378488705540938,9.425550572101098
122,7,10,interior,250,3,7,0.012,0.028,0.33482195595517183,9.50372141754635
1,0,1,edge,410,2,7,0.004878048780487805,0.01707317073170732,0.3344897935191522,9.512342591462096
252,15,12,edge,450,4,7,0.008888888888888889,0.015555555555555555,0.32817480190154114,9.677895364819712
159,9,15,edge,215,3,7,0.013953488372093023,0.03255813953488372,0.32169795084560737,9.851034109239412
59,3,11,interior,240,1,7,0.004166666666666667,0.029166666666666667,0.31965794959226806,9.906289812018242
214,13,6,interior,270,0,7,0.0,0.025925925925925925,0.3138008160194883,10.066918627836959
208,13,0,edge,180,0,7,0.0,0.03888888888888889,0.3125153703949607,10.102572359130356
101,6,5,interior,265,0,7,0.0,0.026415094339622643,0.31177583342002874,10.123151023423418
148,9,4,interior,305,0,7,0.0,0.022950819672131147,0.31162103180098744,10.127464775645919
216,13,8,interior,465,0,7,0.0,0.015053763440860216,0.30716104640356195,10.252677231446604
140,8,12,interior,310,0,7,0.0,0.02258064516129032,0.30648656512688277,10.271771161517535
19,1,3,interior,255,0,7,0.0,0.027450980392156862,0.3061180173052328,10.282222164279197
65,4,1,interior,285,0,7,0.0,0.02456140350877193,0.30131627725516763,10.419548137780275
117,7,5,interior,300,0,7,0.0,0.023333333333333334,0.3009213225638475,10.430940762065726
241,15,1,edge,410,0,7,0.0,0.01707317073170732,0.2991905200654265,10.481043426612677
86,5,6,interior,305,1,6,0.003278688524590164,0.019672131147540985,0.36553690972769404,8.741375280729926
133,8,5,interior,385,2,6,0.005194805194805195,0.015584415584415584,0.35695315474875566,8.947775507954388
37,2,5,interior,320,2,6,0.00625,0.01875,0.32961453978607863,9.639872783576841
213,13,5,interior,345,1,6,0.002898550724637681,0.017391304347826087,0.3267157545654232,9.716598457974667
227,14,3,interior,90,1,6,0.011111111111111112,0.06666666666666667,0.3263537184172227,9.726228693288
103,6,7,interior,300,2,6,0.006666666666666667,0.02,0.32456124320469915,9.774066835437024
171,10,11,interior,325,1,6,0.003076923076923077,0.018461538461538463,0.3238970763634155,9.791859442079032
176,11,0,edge,190,2,6,0.010526315789473684,0.031578947368421054,0.31996220425759625,9.898026399340186
160,10,0,edge,240,1,6,0.004166666666666667,0.025,0.3180601574534817,9.949814607907927
199,12,7,interior,135,1,6,0.007407407407407408,0.044444444444444446,0.31693092427714853,9.980707656226894
107,6,11,interior,295,0,6,0.0,0.020338983050847456,0.31392751363534754,10.063412392825043
129,8,1,interior,215,0,6,0.0,0.027906976744186046,0.30948067101451726,10.187329403563783
186,11,10,interior,210,0,6,0.0,0.02857142857142857,0.3092313701504474,10.194329105412471
130,8,2,interior,270,0,6,0.0,0.022222222222222223,0.30737540920557455,10.246617601625427
132,8,4,interior,235,0,6,0.0,0.02553191489361702,0.30452765336094817,10.32746528185269
5,0,5,edge,415,0,6,0.0,0.014457831325301205,0.3013834488959154,10.417612031173809
62,3,14,interior,235,0,6,0.0,0.02553191489361702,0.297842136982852,10.520277215317114
49,3,1,interior,200,0,6,0.0,0.03,0.2962253902703957,10.567554393558678
63,3,15,edge,195,0,6,0.0,0.03076923076923077,0.2956039950226608,10.585794016872219
245,15,5,edge,370,2,5,0.005405405405405406,0.013513513513513514,0.33358339398014897,9.535911539720242
181,11,5,interior,355,2,5,0.005633802816901409,0.014084507042253521,0.3329474981707691,9.552484882568654
69,4,5,interior,325,2,5,0.006153846153846154,0.015384615384615385,0.3278357604773903,9.686873502746105
104,6,8,interior,255,2,5,0.00784313725490196,0.0196078431372549,0.32400023274412654,9.789093556395317
44,2,12,interior,320,2,5,0.00625,0.015625,0.32047680166868764,9.884068045019676
137,8,9,interior,335,1,5,0.0029850746268656717,0.014925373134328358,0.3197095466972379,9.904887905405893
17,1,1,interior,230,0,5,0.0,0.021739130434782608,0.3152610684557801,10.026593138086742
204,12,12,interior,380,0,5,0.0,0.013157894736842105,0.3137286488288332,10.068916418511007
153,9,9,interior,330,0,5,0.0,0.015151515151515152,0.309600218065982,10.183974841900516
254,15,14,edge,415,0,5,0.0,0.012048192771084338,0.3089597103407449,10.201963014579157
240,15,0,corner,340,0,5,0.0,0.014705882352941176,0.3087521475667115,10.207800258572448
94,5,14,interior,255,0,5,0.0,0.0196078431372549,0.30739487049317604,10.246067677200125
34,2,2,interior,256,0,5,0.0,0.01953125,0.3060932581203483,10.282924717649855
139,8,11,interior,460,0,5,0.0,0.010869565217391304,0.30374899773491365,10.34970292821268
182,11,6,interior,400,0,5,0.0,0.0125,0.30143880414644486,10.416016835920443
166,10,6,interior,315,0,5,0.0,0.015873015873015872,0.2990247705653697,10.485856683393129
249,15,9,edge,260,0,5,0.0,0.019230769230769232,0.2980591321860187,10.513951347031472
38,2,6,interior,280,0,5,0.0,0.017857142857142856,0.2977191428426559,10.523864800941798
210,13,2,interior,305,0,5,0.0,0.01639344262295082,0.28886350206347977,10.786146556938693
85,5,5,interior,260,0,5,0.0,0.019230769230769232,0.2875169068013127,10.826732249773496
8,0,8,edge,430,2,4,0.004651162790697674,0.009302325581395349,0.34859421812363595,9.153596409800159
221,13,13,interior,325,1,4,0.003076923076923077,0.012307692307692308,0.31802081715409375,9.950889016710857
218,13,10,interior,335,0,4,0.0,0.011940298507462687,0.3140619084484061,10.059694691567902
231,14,7,interior,130,0,4,0.0,0.03076923076923077,0.30804059219464713,10.227841007357355
248,15,8,edge,500,0,4,0.0,0.008,0.30803165661479726,10.228092969560112
164,10,4,interior,220,0,4,0.0,0.01818181818181818,0.30438080276415613,10.331654838062391
91,5,11,interior,280,0,4,0.0,0.014285714285714285,0.3028658235542412,10.374994624410602
185,11,9,interior,365,0,4,0.0,0.010958904109589041,0.3019606299062223,10.40099354675613
10,0,10,edge,440,0,4,0.0,0.00909090909090909,0.3008760191684713,10.432248512253118
9,0,9,edge,465,0,4,0.0,0.008602150537634409,0.29379536214092156,10.639101285449188
179,11,3,interior,220,0,4,0.0,0.01818181818181818,0.29025914414896514,10.744281792450467
93,5,13,interior,315,2,3,0.006349206349206349,0.009523809523809525,0.3375324163931832,9.433690229421938
26,1,10,interior,75,1,3,0.013333333333333334,0.04,0.3255586731919517,9.747414602917935
97,6,1,interior,200,0,3,0.0,0.015,0.3111482393232127,10.140653043799217
232,14,8,interior,65,0,3,0.0,0.046153846153846156,0.3086627955734718,10.210314294121027
115,7,3,interior,170,0,3,0.0,0.01764705882352941,0.3006948938978214,10.437478931892425
147,9,3,interior,345,0,3,0.0,0.008695652173913044,0.2981856891343615,10.510264070720005
236,14,12,interior,135,0,3,0.0,0.022222222222222223,0.29447801227672116,10.618942540687524
234,14,10,interior,110,0,3,0.0,0.02727272727272727,0.29212070131506046,10.68875330775024
228,14,4,interior,145,0,3,0.0,0.020689655172413793,0.2915009935351725,10.707199213563655
30,1,14,interior,120,0,3,0.0,0.025,0.29098025319575566,10.722729651148262
106,6,10,interior,245,0,3,0.0,0.012244897959183673,0.2906886657586669,10.73143802949897
25,1,9,interior,205,0,3,0.0,0.014634146341463415,0.2904268926469206,10.739263435237117
202,12,10,interior,100,0,3,0.0,0.03,0.28404245277280027,10.932334915459984
141,8,13,interior,350,0,2,0.0,0.005714285714285714,0.30928382883761846,10.192855737032314
223,13,15,edge,160,0,2,0.0,0.0125,0.3013094865622047,10.419743891806029
238,14,14,interior,205,0,2,0.0,0.00975609756097561,0.29500875136227284,10.603302011828555
42,2,10,interior,345,0,2,0.0,0.005797101449275362,0.2926024323233856,10.67444136050712
6,0,6,edge,295,0,2,0.0,0.006779661016949152,0.29179738302750585,10.698372147536057
209,13,1,interior,260,0,2,0.0,0.007692307692307693,0.2904473716564202,10.738650984566068
57,3,9,interior,215,0,2,0.0,0.009302325581395349,0.2898368869912813,10.756926870235574
21,1,5,interior,200,0,2,0.0,0.01,0.288244630011582,10.80477549700953
89,5,9,interior,165,0,2,0.0,0.012121212121212121,0.2870380814027987,10.841209630061332
225,14,1,interior,125,0,2,0.0,0.016,0.2866930129844859,10.851657822916037
20,1,4,interior,170,0,1,0.0,0.0058823529411764705,0.2997263586221503,10.465501250477814
233,14,9,interior,125,0,1,0.0,0.008,0.2926967532196292,10.671641900256146
226,14,2,interior,125,0,1,0.0,0.008,0.28854153798801996,10.795833153080817
235,14,11,interior,140,0,1,0.0,0.007142857142857143,0.2884062075289596,10.799907925753935
144,9,0,edge,175,0,1,0.0,0.005714285714285714,0.28833463371688406,10.802063771816483
255,15,15,corner,420,0,1,0.0,0.002380952380952381,0.28653564365413914,10.856426923882355
203,12,11,interior,225,0,1,0.0,0.0044444444444444444,0.28605053001718006,10.871144864043988
150,9,6,interior,265,0,1,0.0,0.0037735849056603774,0.2835161080807288,10.948445229118812
87,5,7,interior,190,0,1,0.0,0.005263157894736842,0.28323978109284575,10.956914998756154
27,1,11,interior,120,0,1,0.0,0.008333333333333333,0.2824279296477429,10.98184715154658
16,1,0,edge,180,0,1,0.0,0.005555555555555556,0.28204688000146305,10.993574001426783
177,11,1,interior,120,0,1,0.0,0.008333333333333333,0.2818669271787653,10.999117580573687
24,1,8,interior,140,0,0,0.0,0.0,0.27948975960890915,11.072681997183842
224,14,0,edge,160,0,0,0.0,0.0,0.27931168654667154,11.07821785622324
28,1,12,interior,255,0,0,0.0,0.0,0.2780349732794188,11.118011437972836
64,4,0,edge,185,0,0,0.0,0.0,0.2776228866819412,11.130894687256763
192,12,0,edge,85,0,0,0.0,0.0,0.2737081376389283,11.254245807066436
229,14,5,interior,15,0,0,0.0,0.0,0.27339423067896124,11.264213088028773
239,14,15,edge,65,0,0,0.0,0.0,0.27240093459457987,11.295828134261953
29,1,13,interior,15,0,0,0.0,0.0,0.26675328303220114,11.477804536926842
237,14,13,interior,120,0,0,0.0,0.0,0.26663316135406295,11.481716761049023
23,1,7,interior,90,0,0,0.0,0.0,0.265820013459192,11.508246486851109
47,2,15,edge,65,0,0,0.0,0.0,0.26581655652200653,11.508359445878288
22,1,6,interior,100,0,0,0.0,0.0,0.2605245062661852,11.683028369700184
