destination_port,destination_ix,destination_iy,destination_class,source_port,source_ix,source_iy,source_class,top3_occurrence_count,mean_contribution_fraction,max_contribution_fraction,manhattan_distance
108,6,12,interior,124,7,12,interior,8,0.10816033995369767,0.15030197850583726,1
135,8,7,interior,119,7,7,interior,7,0.11163707737860222,0.22638494369534315,1
46,2,14,interior,78,4,14,interior,7,0.07038443006897552,0.10583662715337515,2
32,2,0,edge,48,3,0,edge,6,0.20058608487824645,0.2323772646456823,1
143,8,15,edge,127,7,15,edge,6,0.15205248968363935,0.18011575242809968,1
53,3,5,interior,69,4,5,interior,6,0.11055964763668964,0.1437963210098827,1
108,6,12,interior,140,8,12,interior,6,0.0559540640462246,0.0709751427569277,2
39,2,7,interior,39,2,7,interior,6,0.04657988812742511,0.07009955839570375,0
108,6,12,interior,108,6,12,interior,6,0.05317187627702732,0.0593311293155328,0
127,7,15,edge,143,8,15,edge,5,0.10976692846407196,0.14889815119420113,1
45,2,13,interior,61,3,13,interior,5,0.13551517407255687,0.14468957086107528,1
168,10,8,interior,152,9,8,interior,5,0.104328077248291,0.13868119975916138,1
45,2,13,interior,77,4,13,interior,5,0.1000367412594813,0.13461736426677698,2
127,7,15,edge,127,7,15,edge,5,0.0673634344122597,0.12364667946258434,0
46,2,14,interior,46,2,14,interior,5,0.09805405126991652,0.12190755794297194,0
113,7,1,interior,113,7,1,interior,5,0.07662837052262104,0.11597164696967405,0
32,2,0,edge,32,2,0,edge,5,0.08493795165085813,0.11210107290786826,0
201,12,9,interior,217,13,9,interior,5,0.0874835702075421,0.10810936283470553,1
208,13,0,edge,224,14,0,edge,5,0.07128966501727205,0.10612308245764665,1
138,8,10,interior,154,9,10,interior,5,0.0805542079690823,0.10459134562418675,1
215,13,7,interior,215,13,7,interior,5,0.058877621287264356,0.09563626095665936,0
138,8,10,interior,122,7,10,interior,5,0.0677371296485435,0.0932059217364571,1
32,2,0,edge,0,0,0,corner,5,0.07808678317853526,0.09313766448191042,2
39,2,7,interior,71,4,7,interior,5,0.05844452156987291,0.07548861444568541,2
201,12,9,interior,185,11,9,interior,5,0.06450765661488254,0.07416721365218164,1
135,8,7,interior,167,10,7,interior,5,0.05242955045213839,0.07062342317279648,2
95,5,15,edge,95,5,15,edge,4,0.08762564973511461,0.16886486157051644,0
142,8,14,interior,158,9,14,interior,4,0.12295428116926052,0.16766405709804083,1
208,13,0,edge,192,12,0,edge,4,0.12923982148572274,0.1499378066872172,1
95,5,15,edge,127,7,15,edge,4,0.08824245883200879,0.14290834343493006,2
181,11,5,interior,197,12,5,interior,4,0.09018251048266504,0.13479164774332655,1
200,12,8,interior,184,11,8,interior,4,0.11306906119715994,0.12708016244293213,1
13,0,13,edge,45,2,13,interior,4,0.0845042983683937,0.1263272419723542,2
46,2,14,interior,14,0,14,edge,4,0.09190163569037275,0.11778841988914214,2
236,14,12,interior,204,12,12,interior,4,0.08052490469992836,0.11684284937949989,2
90,5,10,interior,74,4,10,interior,4,0.1100611269538854,0.11566654302435223,1
236,14,12,interior,252,15,12,edge,4,0.10052273832559677,0.11164325053002735,1
231,14,7,interior,231,14,7,interior,4,0.08405837689324254,0.10042879985504662,0
200,12,8,interior,216,13,8,interior,4,0.0830188187878245,0.09836020203339446,1
212,13,4,interior,180,11,4,interior,4,0.07609470989507963,0.0971132589976539,2
133,8,5,interior,149,9,5,interior,4,0.06278986098317886,0.09685190321518113,1
110,6,14,interior,142,8,14,interior,4,0.08174732423290855,0.08993529687461455,2
135,8,7,interior,151,9,7,interior,4,0.0750989200389941,0.08782184774512845,1
215,13,7,interior,183,11,7,interior,4,0.05443682618005715,0.08649702775649479,2
248,15,8,edge,248,15,8,edge,4,0.06740476168027423,0.07649432040149867,0
75,4,11,interior,43,2,11,interior,4,0.059206014445822255,0.07270527808308465,2
75,4,11,interior,75,4,11,interior,4,0.05245393687214733,0.0703596254978872,0
143,8,15,edge,111,6,15,edge,4,0.06020074104754913,0.06424423710035478,2
187,11,11,interior,155,9,11,interior,4,0.05149095732218721,0.058528334086262075,2
78,4,14,interior,61,3,13,interior,4,0.04998540464911977,0.05838778804944745,2
143,8,15,edge,143,8,15,edge,4,0.049668038812161905,0.05473216462317338,0
135,8,7,interior,135,8,7,interior,4,0.04189401480336359,0.053598711464870906,0
163,10,3,interior,131,8,3,interior,4,0.04414020870376384,0.05312680431790792,2
138,8,10,interior,170,10,10,interior,4,0.045808097360141825,0.05000814600950047,2
96,6,0,edge,80,5,0,edge,3,0.21786796126898278,0.2876907326967536,1
225,14,1,interior,241,15,1,edge,3,0.22668064132993004,0.2770616118334998,1
210,13,2,interior,194,12,2,interior,3,0.18014410746853673,0.22987050303018186,1
74,4,10,interior,58,3,10,interior,3,0.13394280667608746,0.16920854217433692,1
0,0,0,corner,32,2,0,edge,3,0.16158583053618433,0.16645904862668673,2
252,15,12,edge,220,13,12,interior,3,0.13081543791787778,0.16371739601982077,2
181,11,5,interior,165,10,5,interior,3,0.13070609284618265,0.1623513410411736,1
58,3,10,interior,74,4,10,interior,3,0.1327573554927917,0.15584658903540927,1
54,3,6,interior,70,4,6,interior,3,0.13257228710529748,0.15564938524385208,1
46,2,14,interior,62,3,14,interior,3,0.13315236554579377,0.14912041226147024,1
44,2,12,interior,28,1,12,interior,3,0.12727117377265804,0.14231763746516723,1
94,5,14,interior,110,6,14,interior,3,0.10908714546748192,0.13701292005562082,1
183,11,7,interior,167,10,7,interior,3,0.09233057865144251,0.12832338363458404,1
124,7,12,interior,108,6,12,interior,3,0.09550160670369061,0.1266494951476566,1
252,15,12,edge,252,15,12,edge,3,0.10535093068457933,0.12488513743427335,0
199,12,7,interior,183,11,7,interior,3,0.09493389715935156,0.12350736853674882,1
253,15,13,edge,221,13,13,interior,3,0.10352835694239283,0.12340455437943414,2
186,11,10,interior,170,10,10,interior,3,0.10398265815353601,0.11705404002557258,1
224,14,0,edge,224,14,0,edge,3,0.06697636619699994,0.1160811420101251,0
209,13,1,interior,209,13,1,interior,3,0.08600380953022611,0.11406294723475327,0
76,4,12,interior,60,3,12,interior,3,0.10836836419828764,0.1133580686683938,1
175,10,15,edge,191,11,15,edge,3,0.09810218514073438,0.1111844226941741,1
54,3,6,interior,86,5,6,interior,3,0.08412259870090137,0.10721924540690299,2
84,5,4,interior,100,6,4,interior,3,0.10493111817749147,0.10547753661462042,1
199,12,7,interior,215,13,7,interior,3,0.07555983738922324,0.1021852266688534,1
248,15,8,edge,216,13,8,interior,3,0.08002357763991495,0.1003523716923305,2
159,9,15,edge,159,9,15,edge,3,0.08079646118278656,0.09821005581981815,0
78,4,14,interior,46,2,14,interior,3,0.09112492232341984,0.09803971562322542,2
69,4,5,interior,37,2,5,interior,3,0.08970957828295995,0.0965632060462743,2
53,3,5,interior,37,2,5,interior,3,0.08076173219251126,0.09530456788160212,1
58,3,10,interior,42,2,10,interior,3,0.09063054226224158,0.0947559985193512,1
178,11,2,interior,162,10,2,interior,3,0.07685170139634233,0.0917617303669496,1
225,14,1,interior,225,14,1,interior,3,0.06717862897978677,0.09100255924475063,0
39,2,7,interior,7,0,7,edge,3,0.07615677094157838,0.09001029004215066,2
187,11,11,interior,171,10,11,interior,3,0.07859748422607771,0.08883341439461112,1
43,2,11,interior,43,2,11,interior,3,0.06729054060951165,0.0887115178823952,0
0,0,0,corner,48,3,0,edge,3,0.08383078046895957,0.08772816084157581,3
175,10,15,edge,207,12,15,edge,3,0.0716692544411487,0.0870251874797359,2
154,9,10,interior,170,10,10,interior,3,0.07744577231703322,0.08624652342374658,1
79,4,15,edge,111,6,15,edge,3,0.07741588772236972,0.08568972077982565,2
113,7,1,interior,81,5,1,interior,3,0.06317376666658531,0.08550991167245232,2
79,4,15,edge,79,4,15,edge,3,0.07426165064942321,0.08369476198088058,0
163,10,3,interior,179,11,3,interior,3,0.07982415171871841,0.08365985467857656,1
84,5,4,interior,68,4,4,interior,3,0.08233841058820583,0.08354891504176257,1
46,2,14,interior,77,4,13,interior,3,0.06703611466772412,0.08027010309732814,3
168,10,8,interior,136,8,8,interior,3,0.07199682140641246,0.07970735093889568,2
208,13,0,edge,176,11,0,edge,3,0.07802372804864699,0.07821259658841288,2
43,2,11,interior,75,4,11,interior,3,0.06715742695357436,0.07684652066437951,2
45,2,13,interior,13,0,13,edge,3,0.07017147707111569,0.07370532588862748,2
253,15,13,edge,255,15,15,corner,3,0.06691111790551424,0.07238915071259872,2
189,11,13,interior,157,9,13,interior,3,0.061134429042301645,0.07057804662782904,2
134,8,6,interior,102,6,6,interior,3,0.052361164644085634,0.06928827350561496,2
41,2,9,interior,73,4,9,interior,3,0.05461570976357225,0.06925178650088368,2
110,6,14,interior,78,4,14,interior,3,0.061727523878549996,0.06904659534519969,2
53,3,5,interior,21,1,5,interior,3,0.05562349010952295,0.06758963008103838,2
2,0,2,edge,4,0,4,edge,3,0.06620217234631808,0.06747157077337512,2
251,15,11,edge,248,15,8,edge,3,0.05074801593970851,0.06690078846703099,3
96,6,0,edge,81,5,1,interior,3,0.060126152396027,0.0662705957310965,2
220,13,12,interior,188,11,12,interior,3,0.05700493570952023,0.06410284950761079,2
217,13,9,interior,185,11,9,interior,3,0.05918632170950533,0.0614278799911332,2
142,8,14,interior,174,10,14,interior,3,0.04634929724499315,0.06132949788759668,2
199,12,7,interior,167,10,7,interior,3,0.054110889341943726,0.06083585128294268,2
74,4,10,interior,42,2,10,interior,3,0.04834004838623917,0.057681103636536904,2
124,7,12,interior,92,5,12,interior,3,0.05567132364090982,0.05700952753310332,2
52,3,4,interior,52,3,4,interior,3,0.05510880116068314,0.05639731975220674,0
251,15,11,edge,219,13,11,interior,3,0.04998122671081006,0.05614502245024589,2
78,4,14,interior,78,4,14,interior,3,0.05230062666865768,0.05584275229800294,0
90,5,10,interior,58,3,10,interior,3,0.04564235978862019,0.05451962237433603,2
44,2,12,interior,76,4,12,interior,3,0.052201012473723364,0.05443174714770367,2
10,0,10,edge,12,0,12,edge,3,0.04951470715697031,0.05341090250343952,2
189,11,13,interior,172,10,12,interior,3,0.047308692987683386,0.052516390105635254,2
110,6,14,interior,110,6,14,interior,3,0.049209024780120854,0.04987885183034258,0
205,12,13,interior,188,11,12,interior,3,0.04385201814670229,0.0494511065705026,2
220,13,12,interior,220,13,12,interior,3,0.046212439460479086,0.049278873435649476,0
82,5,2,interior,67,4,3,interior,3,0.04205978407302526,0.04594968211422554,2
201,12,9,interior,233,14,9,interior,3,0.04418801561310015,0.0451885954161007,2
75,4,11,interior,58,3,10,interior,3,0.03658864235361519,0.0447373438104248,2
163,10,3,interior,163,10,3,interior,3,0.03997896151256456,0.043493672964065096,0
110,6,14,interior,125,7,13,interior,3,0.04172414273612868,0.04297124808266899,2
142,8,14,interior,142,8,14,interior,3,0.04147267045359188,0.042061961682035964,0
69,4,5,interior,21,1,5,interior,3,0.03933246257887133,0.04101349240299871,3
76,4,12,interior,76,4,12,interior,3,0.03943846227527376,0.04069710611877585,0
191,11,15,edge,175,10,15,edge,2,0.16944005055973005,0.23871346309613253,1
2,0,2,edge,18,1,2,interior,2,0.23366093877025879,0.23472676522525437,1
61,3,13,interior,77,4,13,interior,2,0.1852695602804111,0.2150964130885812,1
158,9,14,interior,174,10,14,interior,2,0.1785347899672146,0.19663272801280107,1
80,5,0,edge,96,6,0,edge,2,0.19472574796412306,0.19489305668406184,1
239,14,15,edge,255,15,15,corner,2,0.12867747669799334,0.19430215294739817,1
60,3,12,interior,76,4,12,interior,2,0.13125039645005718,0.18933528893809826,1
247,15,7,edge,247,15,7,edge,2,0.12475210964562158,0.18471060931624192,0
128,8,0,edge,112,7,0,edge,2,0.17995224470455054,0.18240846259453,1
28,1,12,interior,12,0,12,edge,2,0.16885272411828772,0.17819733117325096,1
191,11,15,edge,207,12,15,edge,2,0.1477320079111119,0.17325395901773252,1
111,6,15,edge,127,7,15,edge,2,0.14662007874445557,0.16314881377579457,1
51,3,3,interior,35,2,3,interior,2,0.14431118964327644,0.16095087993143334,1
151,9,7,interior,135,8,7,interior,2,0.12094924188430703,0.15967754555401845,1
220,13,12,interior,204,12,12,interior,2,0.15846874908028333,0.1595086350049595,1
114,7,2,interior,130,8,2,interior,2,0.11722383334253295,0.1576118685615493,1
239,14,15,edge,223,13,15,edge,2,0.11863134928771783,0.15524367766297495,1
155,9,11,interior,139,8,11,interior,2,0.12145765866807784,0.15050068900402655,1
213,13,5,interior,197,12,5,interior,2,0.11235652347928193,0.15020659583261797,1
164,10,4,interior,180,11,4,interior,2,0.09977183342614028,0.1499400883280646,1
79,4,15,edge,95,5,15,edge,2,0.1485027729034078,0.14886981659444937,1
81,5,1,interior,65,4,1,interior,2,0.12222054296525758,0.1485631312214642,1
77,4,13,interior,61,3,13,interior,2,0.10611128662084851,0.14704769204945445,1
139,8,11,interior,155,9,11,interior,2,0.10918919578134587,0.14680600892974396,1
106,6,10,interior,122,7,10,interior,2,0.12062263062769227,0.1439826087960695,1
95,5,15,edge,111,6,15,edge,2,0.12041477488934285,0.1404692754780465,1
217,13,9,interior,201,12,9,interior,2,0.1391573369751877,0.14039081476857782,1
234,14,10,interior,218,13,10,interior,2,0.1403019693567152,0.1403770975104509,1
174,10,14,interior,158,9,14,interior,2,0.1309705867674979,0.140343777274201,1
190,11,14,interior,206,12,14,interior,2,0.11963660033118237,0.13789426782542075,1
210,13,2,interior,210,13,2,interior,2,0.09799615585204217,0.13716672519227047,0
14,0,14,edge,14,0,14,edge,2,0.1043532894169163,0.135705300334879,0
57,3,9,interior,73,4,9,interior,2,0.11124572958984756,0.13535303011469565,1
239,14,15,edge,239,14,15,edge,2,0.09937632007646974,0.1350908016672279,0
190,11,14,interior,174,10,14,interior,2,0.11838114853140162,0.1343858050932393,1
25,1,9,interior,9,0,9,edge,2,0.13295456180645188,0.1335097386881735,1
238,14,14,interior,222,13,14,interior,2,0.1010463983721003,0.13257324098342102,1
178,11,2,interior,194,12,2,interior,2,0.12507839011232302,0.12711775415854284,1
247,15,7,edge,215,13,7,interior,2,0.0977420817224777,0.12482399913164471,2
215,13,7,interior,231,14,7,interior,2,0.12386191657513895,0.12445203924680938,1
36,2,4,interior,52,3,4,interior,2,0.10122984690935,0.1239320051388929,1
196,12,4,interior,212,13,4,interior,2,0.11911060133138925,0.12059955065459735,1
95,5,15,edge,79,4,15,edge,2,0.1151005268166071,0.12046859489522091,1
197,12,5,interior,181,11,5,interior,2,0.11943204628147798,0.12018449135573873,1
238,14,14,interior,254,15,14,edge,2,0.10986045899564002,0.11903411330989856,1
174,10,14,interior,190,11,14,interior,2,0.1039735263878046,0.11876476860664847,1
111,6,15,edge,95,5,15,edge,2,0.11171651542825813,0.11873340640529845,1
110,6,14,interior,126,7,14,interior,2,0.10729784828027339,0.11726309325895999,1
109,6,13,interior,93,5,13,interior,2,0.10681984178297099,0.11670396870842088,1
100,6,4,interior,84,5,4,interior,2,0.11500685510713997,0.11639810286750137,1
113,7,1,interior,97,6,1,interior,2,0.10666244238250852,0.11614227045789235,1
8,0,8,edge,40,2,8,interior,2,0.09485289193076532,0.11550027964917227,2
155,9,11,interior,171,10,11,interior,2,0.11128553335579569,0.11427131212434692,1
139,8,11,interior,123,7,11,interior,2,0.09600095825040277,0.11280491089462777,1
164,10,4,interior,148,9,4,interior,2,0.08786730506752624,0.1123831055818091,1
208,13,0,edge,208,13,0,edge,2,0.08704513337543107,0.11066895451417597,0
134,8,6,interior,118,7,6,interior,2,0.08629492158631984,0.11049424110352034,1
127,7,15,edge,159,9,15,edge,2,0.10981466722302573,0.11035617404210218,2
170,10,10,interior,186,11,10,interior,2,0.10919774845950661,0.11005339587614824,1
74,4,10,interior,90,5,10,interior,2,0.10797636186180823,0.10962128710102663,1
96,6,0,edge,96,6,0,edge,2,0.10689475842317575,0.10833246346227479,0
131,8,3,interior,147,9,3,interior,2,0.09116849016952212,0.10779966354883103,1
31,1,15,edge,63,3,15,edge,2,0.08662604163076101,0.10779484008024204,2
0,0,0,corner,0,0,0,corner,2,0.10592195658928197,0.10666666118438911,0
77,4,13,interior,93,5,13,interior,2,0.09527229203158166,0.10527386441592153,1
251,15,11,edge,235,14,11,interior,2,0.10465659448339035,0.1048515653696077,1
169,10,9,interior,153,9,9,interior,2,0.10443917732088549,0.1047588173732428,1
86,5,6,interior,102,6,6,interior,2,0.08659322849515409,0.10458887711722621,1
26,1,10,interior,42,2,10,interior,2,0.10360740493170303,0.10408063103836172,1
104,6,8,interior,120,7,8,interior,2,0.08014626732796239,0.10366895389564798,1
209,13,1,interior,241,15,1,edge,2,0.08081482105302071,0.10333281289567132,2
42,2,10,interior,26,1,10,interior,2,0.0978064761409003,0.09840174342081413,1
86,5,6,interior,70,4,6,interior,2,0.08352828258865325,0.09825981735894489,1
214,13,6,interior,182,11,6,interior,2,0.09784802312561292,0.09804231584826475,2
141,8,13,interior,125,7,13,interior,2,0.09682499022873915,0.09777254432539224,1
51,3,3,interior,83,5,3,interior,2,0.06815079688014207,0.09557333103226046,2
33,2,1,interior,1,0,1,edge,2,0.07420639825171954,0.09504816931824034,2
231,14,7,interior,215,13,7,interior,2,0.07544973233605118,0.09491388726977137,1
42,2,10,interior,58,3,10,interior,2,0.09383977213175468,0.094409098138132,1
61,3,13,interior,61,3,13,interior,2,0.0834075244849953,0.09439366221278736,0
191,11,15,edge,191,11,15,edge,2,0.08504446035239066,0.09344648903481259,0
9,0,9,edge,25,1,9,interior,2,0.09065985524526543,0.09143781862636136,1
215,13,7,interior,247,15,7,edge,2,0.0771576983583718,0.08911418054719006,2
225,14,1,interior,193,12,1,interior,2,0.08542345594867892,0.08900853580795236,2
57,3,9,interior,41,2,9,interior,2,0.07936324882728571,0.08793108940641686,1
169,10,9,interior,185,11,9,interior,2,0.08781420527173711,0.08783500160303377,1
46,2,14,interior,30,1,14,interior,2,0.08741979974314548,0.08749587958092832,1
137,8,9,interior,121,7,9,interior,2,0.08745823076246187,0.08746056761400094,1
71,4,7,interior,39,2,7,interior,2,0.06757913361386568,0.08732454406914493,2
34,2,2,interior,2,0,2,edge,2,0.07993450414392922,0.0866488124831922,2
26,1,10,interior,26,1,10,interior,2,0.06659397067562184,0.08649375166174529,0
156,9,12,interior,140,8,12,interior,2,0.08552985892839474,0.08610257064305735,1
217,13,9,interior,249,15,9,edge,2,0.08277188778361183,0.08523905790819117,2
105,6,9,interior,121,7,9,interior,2,0.07912139911624452,0.08446234680668299,1
141,8,13,interior,141,8,13,interior,2,0.0835662773766046,0.0843232395524718,0
141,8,13,interior,157,9,13,interior,2,0.08284641763156039,0.08392456786320276,1
187,11,11,interior,203,12,11,interior,2,0.0836847823884713,0.08369531367837289,1
1,0,1,edge,33,2,1,interior,2,0.08212254170834732,0.08240901591004442,2
60,3,12,interior,60,3,12,interior,2,0.06304386466677969,0.08154651822709605,0
10,0,10,edge,42,2,10,interior,2,0.07994165550798385,0.0799766662151896,2
80,5,0,edge,80,5,0,edge,2,0.0796236345977687,0.07969202635799998,0
205,12,13,interior,221,13,13,interior,2,0.0792588519898676,0.07938214483343452,1
136,8,8,interior,152,9,8,interior,2,0.06901092457921622,0.07935231668376556,1
165,10,5,interior,149,9,5,interior,2,0.0779021851791957,0.07801378566093367,1
122,7,10,interior,138,8,10,interior,2,0.0728399191089598,0.07765823681090238,1
41,2,9,interior,9,0,9,edge,2,0.07644443743042251,0.07669009478480278,2
187,11,11,interior,219,13,11,interior,2,0.06466749757606159,0.07656505922553643,2
201,12,9,interior,169,10,9,interior,2,0.06695954605601631,0.07597741587882934,2
114,7,2,interior,98,6,2,interior,2,0.07051700652253512,0.07583169629454391,1
244,15,4,edge,212,13,4,interior,2,0.06557387658342348,0.0755879985815148,2
236,14,12,interior,220,13,12,interior,2,0.07456272097953773,0.07480687650669662,1
151,9,7,interior,119,7,7,interior,2,0.05832559518271506,0.07452530091727748,2
252,15,12,edge,250,15,10,edge,2,0.07348479115351184,0.07384201201514726,2
253,15,13,edge,251,15,11,edge,2,0.07126848303355904,0.0736319314499784,2
28,1,12,interior,28,1,12,interior,2,0.07199232177656939,0.0733606617921544,0
1,0,1,edge,1,0,1,edge,2,0.07211509537300892,0.07317349663745844,0
13,0,13,edge,61,3,13,interior,2,0.05668367722345037,0.07313632943887466,3
120,7,8,interior,136,8,8,interior,2,0.07169105321933965,0.07212752751102894,1
212,13,4,interior,244,15,4,edge,2,0.06846972033467336,0.07198371094079174,2
125,7,13,interior,125,7,13,interior,2,0.058158868437280575,0.07191824126116558,0
175,10,15,edge,143,8,15,edge,2,0.06778155134517833,0.07159387298775777,2
14,0,14,edge,46,2,14,interior,2,0.06688093341155872,0.07083041096240304,2
1,0,1,edge,3,0,3,edge,2,0.0705453929891462,0.07056718903776571,2
128,8,0,edge,113,7,1,interior,2,0.06937585189009418,0.07036185935362298,2
234,14,10,interior,202,12,10,interior,2,0.06815850836313309,0.06987296534007144,2
218,13,10,interior,186,11,10,interior,2,0.05543195495507548,0.06958035927250598,2
81,5,1,interior,49,3,1,interior,2,0.05960866454734104,0.06882294772023217,2
94,5,14,interior,78,4,14,interior,2,0.06815650406843984,0.06856790813807083,1
120,7,8,interior,104,6,8,interior,2,0.0672189306750795,0.06737166044897601,1
213,13,5,interior,213,13,5,interior,2,0.06182257117579415,0.06682021586243418,0
46,2,14,interior,95,5,15,edge,2,0.06491048985451636,0.06649622313262575,4
43,2,11,interior,28,1,12,interior,2,0.05987647407933759,0.06582813982909652,2
2,0,2,edge,5,0,5,edge,2,0.06505303663407894,0.06576596694461546,3
136,8,8,interior,120,7,8,interior,2,0.06432329266330752,0.0657534224776189,1
224,14,0,edge,192,12,0,edge,2,0.06546048626437893,0.065481831137875,2
190,11,14,interior,190,11,14,interior,2,0.060035402298938306,0.06499455061661341,0
86,5,6,interior,54,3,6,interior,2,0.05015954112133031,0.0648683150031925,2
114,7,2,interior,82,5,2,interior,2,0.05610333328971023,0.06473426503857974,2
205,12,13,interior,173,10,13,interior,2,0.06358530935968983,0.06445778333873858,2
80,5,0,edge,48,3,0,edge,2,0.06367827050138801,0.06374533838094135,2
250,15,10,edge,252,15,12,edge,2,0.048789030288246375,0.0636981112480417,2
133,8,5,interior,117,7,5,interior,2,0.0614239990879579,0.06364650468313843,1
143,8,15,edge,158,9,14,interior,2,0.06300989850498576,0.06343135709725081,2
4,0,4,edge,52,3,4,interior,2,0.04971202399016125,0.06298873140213496,3
190,11,14,interior,222,13,14,interior,2,0.05544556345294175,0.06298382249514399,2
46,2,14,interior,60,3,12,interior,2,0.06276945658615747,0.06283335576551201,3
170,10,10,interior,138,8,10,interior,2,0.06220561848252819,0.06277329475641365,2
154,9,10,interior,122,7,10,interior,2,0.06222777673870142,0.06245414290660691,2
77,4,13,interior,109,6,13,interior,2,0.055234211264911945,0.06230398565953898,2
151,9,7,interior,167,10,7,interior,2,0.05995441071942705,0.061358606973725374,1
210,13,2,interior,242,15,2,edge,2,0.0587978414783282,0.06132825347981639,2
68,4,4,interior,100,6,4,interior,2,0.0603198219825495,0.06059548867187776,2
218,13,10,interior,250,15,10,edge,2,0.05611418383375319,0.06055061214942747,2
238,14,14,interior,221,13,13,interior,2,0.05159012641639726,0.060532936409419986,2
158,9,14,interior,190,11,14,interior,2,0.05739640180706925,0.05931091218209422,2
209,13,1,interior,195,12,3,interior,2,0.049603398291105556,0.05806945722960563,3
45,2,13,interior,62,3,14,interior,2,0.05634510219163645,0.05804852519714187,2
100,6,4,interior,68,4,4,interior,2,0.05773599077645126,0.05777559681667733,2
231,14,7,interior,183,11,7,interior,2,0.05727614341538331,0.05763966149549279,3
106,6,10,interior,138,8,10,interior,2,0.050882662696483665,0.05755786266249037,2
131,8,3,interior,163,10,3,interior,2,0.046821650913828436,0.05678699671772493,2
64,4,0,edge,32,2,0,edge,2,0.056646033069316606,0.05666369550530419,2
156,9,12,interior,188,11,12,interior,2,0.056141335048587135,0.05663738749929021,2
231,14,7,interior,216,13,8,interior,2,0.05610296144726043,0.05643131530876639,2
244,15,4,edge,242,15,2,edge,2,0.049124427347909616,0.05608590235105582,2
212,13,4,interior,181,11,5,interior,2,0.05517718749301084,0.055942361575693454,3
74,4,10,interior,107,6,11,interior,2,0.054877391066316755,0.055716665987929716,3
84,5,4,interior,84,5,4,interior,2,0.05490012767300144,0.055092493000457224,0
214,13,6,interior,214,13,6,interior,2,0.054318691289126184,0.054490396231460174,0
113,7,1,interior,82,5,2,interior,2,0.05317195820870835,0.05361620836139397,3
128,8,0,edge,161,10,1,interior,2,0.05265609106613684,0.0533281233215856,3
26,1,10,interior,58,3,10,interior,2,0.05234561777783353,0.05237790049949409,2
71,4,7,interior,54,3,6,interior,2,0.046334932864592906,0.052357511808745545,2
133,8,5,interior,165,10,5,interior,2,0.05183451361346965,0.05204680553244969,2
123,7,11,interior,91,5,11,interior,2,0.04640707458258043,0.051725336307338825,2
196,12,4,interior,164,10,4,interior,2,0.051465866644631895,0.05162109768908188,2
108,6,12,interior,92,5,12,interior,2,0.051213210374564166,0.05153917331773117,1
54,3,6,interior,69,4,5,interior,2,0.050945502950448016,0.0513157227785099,2
52,3,4,interior,37,2,5,interior,2,0.05065706810853515,0.050895175475794634,2
169,10,9,interior,201,12,9,interior,2,0.0505132551606861,0.050843784753441416,2
105,6,9,interior,137,8,9,interior,2,0.044270040840404444,0.05083734560529175,2
183,11,7,interior,151,9,7,interior,2,0.05008435983610346,0.05054233763614473,2
94,5,14,interior,62,3,14,interior,2,0.04404948814658268,0.05002984513204322,2
189,11,13,interior,204,12,12,interior,2,0.04560565377259096,0.049864557143661135,2
42,2,10,interior,74,4,10,interior,2,0.04956907729056735,0.04979172036860842,2
143,8,15,edge,157,9,13,interior,2,0.0494090431274149,0.04973291358788666,3
52,3,4,interior,84,5,4,interior,2,0.049354914338785985,0.04966974570368903,2
108,6,12,interior,76,4,12,interior,2,0.04915406397353888,0.04931315806152318,2
236,14,12,interior,188,11,12,interior,2,0.04909850519195635,0.04916792769699841,3
156,9,12,interior,124,7,12,interior,2,0.04862041597576591,0.04887426480643385,2
110,6,14,interior,111,6,15,edge,2,0.04858424183929748,0.04885046803718807,1
224,14,0,edge,209,13,1,interior,2,0.048573884675599616,0.048600821669235766,2
46,2,14,interior,63,3,15,edge,2,0.04712840263181062,0.04728071569126088,2
155,9,11,interior,123,7,11,interior,2,0.04528872987052248,0.04536397479585465,2
25,1,9,interior,57,3,9,interior,2,0.04444133330412474,0.04477663377125186,2
44,2,12,interior,12,0,12,edge,2,0.04370090340133308,0.04395219742516288,2
183,11,7,interior,135,8,7,interior,2,0.043749603253742074,0.04387360834623818,3
53,3,5,interior,68,4,4,interior,2,0.04373479161137825,0.04376806274581532,2
39,2,7,interior,73,4,9,interior,2,0.043587907624297,0.043615721473698826,4
133,8,5,interior,118,7,6,interior,2,0.043392656873416646,0.043436160542995074,2
110,6,14,interior,109,6,13,interior,2,0.042900633120808024,0.04319438710243933,1
82,5,2,interior,100,6,4,interior,2,0.04306685266339854,0.04319216029710383,3
221,13,13,interior,204,12,12,interior,2,0.041486967856786065,0.04295338754343585,2
94,5,14,interior,127,7,15,edge,2,0.04223806939984378,0.042915399300751465,3
66,4,2,interior,34,2,2,interior,2,0.04245517282051893,0.04270161543384706,2
196,12,4,interior,179,11,3,interior,2,0.042341674402753125,0.042470471802043476,2
66,4,2,interior,98,6,2,interior,2,0.042106672126493924,0.04240209112282559,2
212,13,4,interior,165,10,5,interior,2,0.04203961317773999,0.042255108743438075,4
53,3,5,interior,53,3,5,interior,2,0.04180408436272449,0.04197830624270827,0
154,9,10,interior,186,11,10,interior,2,0.04168934203940134,0.041697798100458476,2
247,15,7,edge,244,15,4,edge,2,0.03969989598076368,0.04142952071919484,3
217,13,9,interior,217,13,9,interior,2,0.040115346340585153,0.0406015746282178,0
82,5,2,interior,50,3,2,interior,2,0.040240882525774804,0.04041841452439467,2
164,10,4,interior,196,12,4,interior,2,0.039590876848924865,0.040203004486111,2
113,7,1,interior,163,10,3,interior,2,0.039714025703861566,0.04002295352323888,5
197,12,5,interior,197,12,5,interior,2,0.03961406794625866,0.03998460479810699,0
109,6,13,interior,141,8,13,interior,2,0.03935167602460947,0.039764126396483065,2
137,8,9,interior,105,6,9,interior,2,0.038978175476810144,0.03920574035086784,2
186,11,10,interior,154,9,10,interior,2,0.038238556735495075,0.038783234517093326,2
76,4,12,interior,61,3,13,interior,2,0.03861301297889129,0.03866794312726232,2
66,4,2,interior,51,3,3,interior,2,0.03816745089809904,0.03858352242547398,2
168,10,8,interior,135,8,7,interior,2,0.0382313587682738,0.03823859908968966,3
13,0,13,edge,28,1,12,interior,2,0.03794485873389964,0.03803451566835796,2
122,7,10,interior,90,5,10,interior,2,0.037308442265026096,0.03774021900452917,2
170,10,10,interior,170,10,10,interior,2,0.03732465649618001,0.037485904909823155,0
200,12,8,interior,167,10,7,interior,2,0.03649875349707406,0.036812120441038584,3
100,6,4,interior,115,7,3,interior,2,0.03668219965487648,0.036796859799403336,2
137,8,9,interior,169,10,9,interior,2,0.0363989762008347,0.0367069089155987,2
197,12,5,interior,165,10,5,interior,2,0.03602052424277653,0.036572979605135114,2
74,4,10,interior,73,4,9,interior,2,0.03372928447240837,0.036523347492689505,1
10,0,10,edge,7,0,7,edge,2,0.035141071272490235,0.03561505835285868,3
90,5,10,interior,90,5,10,interior,2,0.03469112334252651,0.03512537510396468,0
13,0,13,edge,44,2,12,interior,2,0.035110718989910014,0.03511137809812603,3
25,1,9,interior,44,2,12,interior,2,0.034362273369350244,0.03456341992261755,4
168,10,8,interior,185,11,9,interior,2,0.032347551567385516,0.03413605870409922,2
9,0,9,edge,12,0,12,edge,2,0.03370247548128297,0.033864721479326766,3
58,3,10,interior,73,4,9,interior,2,0.03374567691629263,0.03385122807564155,2
234,14,10,interior,203,12,11,interior,2,0.032959796800742236,0.03305028845183942,3
124,7,12,interior,124,7,12,interior,2,0.032371276502963835,0.03250985568968398,0
41,2,9,interior,42,2,10,interior,2,0.0317861094143469,0.032269096799020736,1
9,0,9,edge,11,0,11,edge,2,0.03192118893272358,0.032108598608837975,2
120,7,8,interior,88,5,8,interior,2,0.031637116585180564,0.031646089212747155,2
186,11,10,interior,217,13,9,interior,2,0.03036925952380936,0.030400494552724387,3
181,11,5,interior,181,11,5,interior,2,0.02898546153790697,0.03021553878083728,0
75,4,11,interior,90,5,10,interior,2,0.029478650017906373,0.02989692372886574,2
165,10,5,interior,165,10,5,interior,2,0.029407721292021044,0.029436940590781956,0
75,4,11,interior,89,5,9,interior,2,0.024869160349104608,0.02493469578197821,3
48,3,0,edge,32,2,0,edge,1,0.2409256073564903,0.2409256073564903,1
31,1,15,edge,15,0,15,corner,1,0.23873530275568272,0.23873530275568272,1
195,12,3,interior,211,13,3,interior,1,0.22369375829948895,0.22369375829948895,1
194,12,2,interior,178,11,2,interior,1,0.21317073700833147,0.21317073700833147,1
222,13,14,interior,206,12,14,interior,1,0.21087455522495674,0.21087455522495674,1
63,3,15,edge,79,4,15,edge,1,0.19669557246942945,0.19669557246942945,1
14,0,14,edge,30,1,14,interior,1,0.19613598292510911,0.19613598292510911,1
223,13,15,edge,207,12,15,edge,1,0.19289991166227224,0.19289991166227224,1
28,1,12,interior,44,2,12,interior,1,0.1928591208698811,0.1928591208698811,1
211,13,3,interior,195,12,3,interior,1,0.1916024946298161,0.1916024946298161,1
65,4,1,interior,81,5,1,interior,1,0.18494750834952994,0.18494750834952994,1
66,4,2,interior,50,3,2,interior,1,0.17745687196614685,0.17745687196614685,1
83,5,3,interior,99,6,3,interior,1,0.17711857711568638,0.17711857711568638,1
180,11,4,interior,196,12,4,interior,1,0.17683515782349804,0.17683515782349804,1
15,0,15,corner,31,1,15,edge,1,0.17237419401864787,0.17237419401864787,1
32,2,0,edge,16,1,0,edge,1,0.1715798949084052,0.1715798949084052,1
75,4,11,interior,91,5,11,interior,1,0.16761754204084323,0.16761754204084323,1
68,4,4,interior,52,3,4,interior,1,0.16598358240628575,0.16598358240628575,1
12,0,12,edge,28,1,12,interior,1,0.16384608861537095,0.16384608861537095,1
207,12,15,edge,223,13,15,edge,1,0.15996607589042286,0.15996607589042286,1
41,2,9,interior,57,3,9,interior,1,0.1593370470090305,0.1593370470090305,1
64,4,0,edge,48,3,0,edge,1,0.15894705766189202,0.15894705766189202,1
48,3,0,edge,48,3,0,edge,1,0.15874581769724158,0.15874581769724158,0
51,3,3,interior,67,4,3,interior,1,0.1578871940446809,0.1578871940446809,1
223,13,15,edge,223,13,15,edge,1,0.15281445270498833,0.15281445270498833,0
212,13,4,interior,196,12,4,interior,1,0.15079963391169926,0.15079963391169926,1
221,13,13,interior,237,14,13,interior,1,0.14837378590579012,0.14837378590579012,1
184,11,8,interior,168,10,8,interior,1,0.14823511739194867,0.14823511739194867,1
34,2,2,interior,18,1,2,interior,1,0.1479920163097269,0.1479920163097269,1
252,15,12,edge,236,14,12,interior,1,0.14654171895007972,0.14654171895007972,1
167,10,7,interior,183,11,7,interior,1,0.1463647647889453,0.1463647647889453,1
40,2,8,interior,24,1,8,interior,1,0.14274490183957225,0.14274490183957225,1
4,0,4,edge,20,1,4,interior,1,0.14201010068292072,0.14201010068292072,1
146,9,2,interior,162,10,2,interior,1,0.1406850349563076,0.1406850349563076,1
97,6,1,interior,113,7,1,interior,1,0.14000092183087195,0.14000092183087195,1
167,10,7,interior,151,9,7,interior,1,0.13954038901910135,0.13954038901910135,1
97,6,1,interior,81,5,1,interior,1,0.1386626039137191,0.1386626039137191,1
102,6,6,interior,86,5,6,interior,1,0.1364372636042156,0.1364372636042156,1
8,0,8,edge,24,1,8,interior,1,0.13624931389616945,0.13624931389616945,1
10,0,10,edge,10,0,10,edge,1,0.13509775035558283,0.13509775035558283,0
129,8,1,interior,145,9,1,interior,1,0.13507687742014887,0.13507687742014887,1
30,1,14,interior,46,2,14,interior,1,0.13469092005941274,0.13469092005941274,1
79,4,15,edge,63,3,15,edge,1,0.13389926243725347,0.13389926243725347,1
204,12,12,interior,188,11,12,interior,1,0.13332669099859693,0.13332669099859693,1
207,12,15,edge,207,12,15,edge,1,0.13271550845904478,0.13271550845904478,0
113,7,1,interior,129,8,1,interior,1,0.12935527229182053,0.12935527229182053,1
49,3,1,interior,33,2,1,interior,1,0.12802277684037588,0.12802277684037588,1
189,11,13,interior,173,10,13,interior,1,0.12734953325135473,0.12734953325135473,1
99,6,3,interior,115,7,3,interior,1,0.12690221268163673,0.12690221268163673,1
27,1,11,interior,11,0,11,edge,1,0.12582089222870926,0.12582089222870926,1
43,2,11,interior,59,3,11,interior,1,0.12460047871519685,0.12460047871519685,1
39,2,7,interior,55,3,7,interior,1,0.12436238541317678,0.12436238541317678,1
205,12,13,interior,189,11,13,interior,1,0.12419423432677212,0.12419423432677212,1
244,15,4,edge,228,14,4,interior,1,0.12380563158378656,0.12380563158378656,1
2,0,2,edge,2,0,2,edge,1,0.12342163709147409,0.12342163709147409,0
191,11,15,edge,159,9,15,edge,1,0.1230537812675247,0.1230537812675247,2
142,8,14,interior,126,7,14,interior,1,0.12191023094298264,0.12191023094298264,1
126,7,14,interior,142,8,14,interior,1,0.12170260505742593,0.12170260505742593,1
18,1,2,interior,2,0,2,edge,1,0.1216488863646792,0.1216488863646792,1
38,2,6,interior,22,1,6,interior,1,0.12071059877915583,0.12071059877915583,1
250,15,10,edge,234,14,10,interior,1,0.11883905857287054,0.11883905857287054,1
182,11,6,interior,166,10,6,interior,1,0.11882383770743965,0.11882383770743965,1
218,13,10,interior,234,14,10,interior,1,0.11678782245859093,0.11678782245859093,1
159,9,15,edge,175,10,15,edge,1,0.11655124833673004,0.11655124833673004,1
198,12,6,interior,214,13,6,interior,1,0.11597826627358744,0.11597826627358744,1
107,6,11,interior,123,7,11,interior,1,0.11523480219973183,0.11523480219973183,1
195,12,3,interior,195,12,3,interior,1,0.11501153267131135,0.11501153267131135,0
146,9,2,interior,130,8,2,interior,1,0.11477172178948888,0.11477172178948888,1
65,4,1,interior,49,3,1,interior,1,0.11468953179549998,0.11468953179549998,1
37,2,5,interior,53,3,5,interior,1,0.11459830994417856,0.11459830994417856,1
170,10,10,interior,154,9,10,interior,1,0.1122419330326784,0.1122419330326784,1
184,11,8,interior,200,12,8,interior,1,0.11161150402905795,0.11161150402905795,1
20,1,4,interior,4,0,4,edge,1,0.1109852366044419,0.1109852366044419,1
125,7,13,interior,109,6,13,interior,1,0.10991131401198109,0.10991131401198109,1
60,3,12,interior,44,2,12,interior,1,0.10887943602633496,0.10887943602633496,1
194,12,2,interior,162,10,2,interior,1,0.10838156791990046,0.10838156791990046,2
82,5,2,interior,98,6,2,interior,1,0.10797068472418495,0.10797068472418495,1
224,14,0,edge,240,15,0,corner,1,0.10630200185287597,0.10630200185287597,1
3,0,3,edge,3,0,3,edge,1,0.10611127145555133,0.10611127145555133,0
72,4,8,interior,56,3,8,interior,1,0.10525919063460897,0.10525919063460897,1
227,14,3,interior,211,13,3,interior,1,0.10449137633805404,0.10449137633805404,1
124,7,12,interior,140,8,12,interior,1,0.1041592918714053,0.1041592918714053,1
11,0,11,edge,43,2,11,interior,1,0.10333460409792268,0.10333460409792268,2
52,3,4,interior,68,4,4,interior,1,0.1024791462585771,0.1024791462585771,1
129,8,1,interior,129,8,1,interior,1,0.1014616941924801,0.1014616941924801,0
116,7,4,interior,100,6,4,interior,1,0.10140080223505034,0.10140080223505034,1
30,1,14,interior,14,0,14,edge,1,0.09992530425937651,0.09992530425937651,1
4,0,4,edge,36,2,4,interior,1,0.09883552030778354,0.09883552030778354,2
243,15,3,edge,241,15,1,edge,1,0.0986959931859471,0.0986959931859471,2
34,2,2,interior,50,3,2,interior,1,0.09853833527982311,0.09853833527982311,1
64,4,0,edge,80,5,0,edge,1,0.09751812538985657,0.09751812538985657,1
147,9,3,interior,163,10,3,interior,1,0.0968565941545163,0.0968565941545163,1
126,7,14,interior,110,6,14,interior,1,0.09667013753534098,0.09667013753534098,1
29,1,13,interior,61,3,13,interior,1,0.09661166588566053,0.09661166588566053,2
224,14,0,edge,208,13,0,edge,1,0.09633674219372064,0.09633674219372064,1
33,2,1,interior,33,2,1,interior,1,0.09607448533828057,0.09607448533828057,0
241,15,1,edge,209,13,1,interior,1,0.0960622893976811,0.0960622893976811,2
48,3,0,edge,80,5,0,edge,1,0.09577519726410404,0.09577519726410404,2
225,14,1,interior,209,13,1,interior,1,0.09545293671535394,0.09545293671535394,1
4,0,4,edge,2,0,2,edge,1,0.0950976606129529,0.0950976606129529,2
125,7,13,interior,141,8,13,interior,1,0.09468283956067232,0.09468283956067232,1
173,10,13,interior,157,9,13,interior,1,0.09439465738290746,0.09439465738290746,1
222,13,14,interior,190,11,14,interior,1,0.09319335152920444,0.09319335152920444,2
72,4,8,interior,88,5,8,interior,1,0.0931336064506367,0.0931336064506367,1
49,3,1,interior,65,4,1,interior,1,0.09273955766149186,0.09273955766149186,1
33,2,1,interior,49,3,1,interior,1,0.09182118431505021,0.09182118431505021,1
159,9,15,edge,143,8,15,edge,1,0.09176306497444571,0.09176306497444571,1
147,9,3,interior,131,8,3,interior,1,0.09162763132693076,0.09162763132693076,1
61,3,13,interior,45,2,13,interior,1,0.09085933934123558,0.09085933934123558,1
52,3,4,interior,36,2,4,interior,1,0.08990668999842576,0.08990668999842576,1
227,14,3,interior,227,14,3,interior,1,0.08958516473716503,0.08958516473716503,0
253,15,13,edge,237,14,13,interior,1,0.08955170604651981,0.08955170604651981,1
242,15,2,edge,242,15,2,edge,1,0.08900843572656497,0.08900843572656497,0
177,11,1,interior,161,10,1,interior,1,0.08825184681110824,0.08825184681110824,1
250,15,10,edge,248,15,8,edge,1,0.08762584021905273,0.08762584021905273,2
20,1,4,interior,36,2,4,interior,1,0.08644854349108207,0.08644854349108207,1
44,2,12,interior,60,3,12,interior,1,0.08643234937397118,0.08643234937397118,1
222,13,14,interior,222,13,14,interior,1,0.0858007729685583,0.0858007729685583,0
105,6,9,interior,89,5,9,interior,1,0.08563516594268457,0.08563516594268457,1
37,2,5,interior,37,2,5,interior,1,0.08520915453476946,0.08520915453476946,0
88,5,8,interior,72,4,8,interior,1,0.08453045680721541,0.08453045680721541,1
212,13,4,interior,228,14,4,interior,1,0.0840633860974548,0.0840633860974548,1
27,1,11,interior,59,3,11,interior,1,0.0839666762098349,0.0839666762098349,2
215,13,7,interior,199,12,7,interior,1,0.08383167844183688,0.08383167844183688,1
158,9,14,interior,158,9,14,interior,1,0.0837434105099987,0.0837434105099987,0
110,6,14,interior,94,5,14,interior,1,0.08366418484372978,0.08366418484372978,1
103,6,7,interior,119,7,7,interior,1,0.0832350896871425,0.0832350896871425,1
81,5,1,interior,113,7,1,interior,1,0.08311413193917282,0.08311413193917282,2
242,15,2,edge,240,15,0,corner,1,0.0831031083477668,0.0831031083477668,2
121,7,9,interior,153,9,9,interior,1,0.08290657060828589,0.08290657060828589,2
230,14,6,interior,246,15,6,edge,1,0.08272220878562463,0.08272220878562463,1
60,3,12,interior,28,1,12,interior,1,0.08246948628356901,0.08246948628356901,2
175,10,15,edge,175,10,15,edge,1,0.08243845086926684,0.08243845086926684,0
131,8,3,interior,115,7,3,interior,1,0.0823920166664245,0.0823920166664245,1
227,14,3,interior,243,15,3,edge,1,0.08191174750981565,0.08191174750981565,1
99,6,3,interior,83,5,3,interior,1,0.08129712476384615,0.08129712476384615,1
247,15,7,edge,245,15,5,edge,1,0.08113585599417636,0.08113585599417636,2
221,13,13,interior,221,13,13,interior,1,0.08068996670741531,0.08068996670741531,0
154,9,10,interior,138,8,10,interior,1,0.08022254473926536,0.08022254473926536,1
211,13,3,interior,179,11,3,interior,1,0.07997562820162296,0.07997562820162296,2
33,2,1,interior,50,3,2,interior,1,0.07967297899176128,0.07967297899176128,2
109,6,13,interior,125,7,13,interior,1,0.07905658577442479,0.07905658577442479,1
10,0,10,edge,8,0,8,edge,1,0.07899756011320735,0.07899756011320735,2
251,15,11,edge,251,15,11,edge,1,0.07779109464105727,0.07779109464105727,0
12,0,12,edge,44,2,12,interior,1,0.07777349399429018,0.07777349399429018,2
204,12,12,interior,220,13,12,interior,1,0.07736476103742027,0.07736476103742027,1
2,0,2,edge,0,0,0,corner,1,0.0765092884513601,0.0765092884513601,2
159,9,15,edge,174,10,14,interior,1,0.07647905737644245,0.07647905737644245,2
159,9,15,edge,191,11,15,edge,1,0.07590970085770278,0.07590970085770278,2
111,6,15,edge,111,6,15,edge,1,0.07583741385696922,0.07583741385696922,0
163,10,3,interior,147,9,3,interior,1,0.07576889413596523,0.07576889413596523,1
32,2,0,edge,17,1,1,interior,1,0.07561852069280758,0.07561852069280758,2
104,6,8,interior,88,5,8,interior,1,0.0754087737646941,0.0754087737646941,1
129,8,1,interior,96,6,0,edge,1,0.07536376837878736,0.07536376837878736,3
241,15,1,edge,244,15,4,edge,1,0.07528466142159543,0.07528466142159543,3
218,13,10,interior,202,12,10,interior,1,0.07523559055100869,0.07523559055100869,1
222,13,14,interior,254,15,14,edge,1,0.07481641581048841,0.07481641581048841,2
204,12,12,interior,172,10,12,interior,1,0.07471722134613155,0.07471722134613155,2
157,9,13,interior,189,11,13,interior,1,0.07445947611238281,0.07445947611238281,2
59,3,11,interior,91,5,11,interior,1,0.07385887729642768,0.07385887729642768,2
119,7,7,interior,103,6,7,interior,1,0.0738128110606013,0.0738128110606013,1
127,7,15,edge,111,6,15,edge,1,0.07375818295526902,0.07375818295526902,1
65,4,1,interior,65,4,1,interior,1,0.0736656287592386,0.0736656287592386,0
253,15,13,edge,205,12,13,interior,1,0.07357311842576239,0.07357311842576239,3
70,4,6,interior,38,2,6,interior,1,0.07193478040835444,0.07193478040835444,2
41,2,9,interior,41,2,9,interior,1,0.0714203350221396,0.0714203350221396,0
119,7,7,interior,135,8,7,interior,1,0.07140028625122692,0.07140028625122692,1
243,15,3,edge,211,13,3,interior,1,0.07131210638869133,0.07131210638869133,2
63,3,15,edge,63,3,15,edge,1,0.07125765225765514,0.07125765225765514,0
112,7,0,edge,96,6,0,edge,1,0.07117525632782848,0.07117525632782848,1
191,11,15,edge,157,9,13,interior,1,0.07042495178455133,0.07042495178455133,4
60,3,12,interior,92,5,12,interior,1,0.06994693568985828,0.06994693568985828,2
222,13,14,interior,205,12,13,interior,1,0.0699366407460757,0.0699366407460757,2
3,0,3,edge,1,0,1,edge,1,0.0694373621854032,0.0694373621854032,2
106,6,10,interior,90,5,10,interior,1,0.0691381444492739,0.0691381444492739,1
250,15,10,edge,253,15,13,edge,1,0.06887261070548253,0.06887261070548253,3
191,11,15,edge,206,12,14,interior,1,0.06885486308240057,0.06885486308240057,2
66,4,2,interior,66,4,2,interior,1,0.06875170007385736,0.06875170007385736,0
51,3,3,interior,51,3,3,interior,1,0.06798713438193164,0.06798713438193164,0
7,0,7,edge,39,2,7,interior,1,0.06794856358289923,0.06794856358289923,2
63,3,15,edge,31,1,15,edge,1,0.06794523623323094,0.06794523623323094,2
32,2,0,edge,80,5,0,edge,1,0.06788276951512547,0.06788276951512547,3
177,11,1,interior,177,11,1,interior,1,0.06769270902020041,0.06769270902020041,0
231,14,7,interior,199,12,7,interior,1,0.06758194186991087,0.06758194186991087,2
184,11,8,interior,152,9,8,interior,1,0.0673197514652763,0.0673197514652763,2
74,4,10,interior,106,6,10,interior,1,0.06718195225951157,0.06718195225951157,2
209,13,1,interior,194,12,2,interior,1,0.06693439838154114,0.06693439838154114,2
243,15,3,edge,245,15,5,edge,1,0.06649084244280026,0.06649084244280026,2
3,0,3,edge,0,0,0,corner,1,0.06601109712292032,0.06601109712292032,3
75,4,11,interior,59,3,11,interior,1,0.06538778839943328,0.06538778839943328,1
202,12,10,interior,202,12,10,interior,1,0.06531778183249806,0.06531778183249806,0
64,4,0,edge,96,6,0,edge,1,0.06505557362948128,0.06505557362948128,2
31,1,15,edge,31,1,15,edge,1,0.06504397877732393,0.06504397877732393,0
0,0,0,corner,2,0,2,edge,1,0.06498687541861294,0.06498687541861294,2
158,9,14,interior,142,8,14,interior,1,0.06490789017401878,0.06490789017401878,1
116,7,4,interior,116,7,4,interior,1,0.06452284802789995,0.06452284802789995,0
107,6,11,interior,75,4,11,interior,1,0.06440832766186032,0.06440832766186032,2
173,10,13,interior,205,12,13,interior,1,0.0643420201448963,0.0643420201448963,2
14,0,14,edge,10,0,10,edge,1,0.0636041763339475,0.0636041763339475,4
135,8,7,interior,103,6,7,interior,1,0.06321938698245201,0.06321938698245201,2
219,13,11,interior,251,15,11,edge,1,0.06308006216890572,0.06308006216890572,2
210,13,2,interior,195,12,3,interior,1,0.06302584351937127,0.06302584351937127,2
173,10,13,interior,141,8,13,interior,1,0.06294252190477873,0.06294252190477873,2
38,2,6,interior,54,3,6,interior,1,0.06285260427084013,0.06285260427084013,1
159,9,15,edge,127,7,15,edge,1,0.06283293892589434,0.06283293892589434,2
147,9,3,interior,99,6,3,interior,1,0.06281132254186104,0.06281132254186104,3
220,13,12,interior,252,15,12,edge,1,0.06251685398249937,0.06251685398249937,2
149,9,5,interior,165,10,5,interior,1,0.0624547065936197,0.0624547065936197,1
202,12,10,interior,169,10,9,interior,1,0.061928526602353706,0.061928526602353706,3
183,11,7,interior,183,11,7,interior,1,0.06190774744460163,0.06190774744460163,0
78,4,14,interior,110,6,14,interior,1,0.061606352625405134,0.061606352625405134,2
37,2,5,interior,69,4,5,interior,1,0.06154874473616846,0.06154874473616846,2
64,4,0,edge,49,3,1,interior,1,0.061467943368300616,0.061467943368300616,2
64,4,0,edge,64,4,0,edge,1,0.06144400389717153,0.06144400389717153,0
82,5,2,interior,66,4,2,interior,1,0.061312531905644355,0.061312531905644355,1
66,4,2,interior,35,2,3,interior,1,0.0610836422016498,0.0610836422016498,3
147,9,3,interior,147,9,3,interior,1,0.06015760891863094,0.06015760891863094,0
246,15,6,edge,248,15,8,edge,1,0.05979232339343937,0.05979232339343937,2
51,3,3,interior,19,1,3,interior,1,0.05931482767199938,0.05931482767199938,2
72,4,8,interior,72,4,8,interior,1,0.05931186185027004,0.05931186185027004,0
139,8,11,interior,171,10,11,interior,1,0.05928903830908964,0.05928903830908964,2
247,15,7,edge,246,15,6,edge,1,0.059277623559855996,0.059277623559855996,1
155,9,11,interior,187,11,11,interior,1,0.05912638767815925,0.05912638767815925,2
241,15,1,edge,245,15,5,edge,1,0.059063554837570864,0.059063554837570864,4
35,2,3,interior,3,0,3,edge,1,0.058842526152745316,0.058842526152745316,2
178,11,2,interior,146,9,2,interior,1,0.05870224680312436,0.05870224680312436,2
190,11,14,interior,238,14,14,interior,1,0.058689576485618955,0.058689576485618955,3
213,13,5,interior,181,11,5,interior,1,0.058645922068869816,0.058645922068869816,2
94,5,14,interior,126,7,14,interior,1,0.05815305913432558,0.05815305913432558,2
111,6,15,edge,143,8,15,edge,1,0.05805725368792029,0.05805725368792029,2
95,5,15,edge,126,7,14,interior,1,0.05804228007198918,0.05804228007198918,3
88,5,8,interior,104,6,8,interior,1,0.05786667332245658,0.05786667332245658,1
208,13,0,edge,209,13,1,interior,1,0.05786591286910315,0.05786591286910315,1
246,15,6,edge,249,15,9,edge,1,0.05777823884643195,0.05777823884643195,3
33,2,1,interior,51,3,3,interior,1,0.05766238406549783,0.05766238406549783,3
15,0,15,corner,12,0,12,edge,1,0.05755922088910032,0.05755922088910032,3
71,4,7,interior,40,2,8,interior,1,0.05744415391756777,0.05744415391756777,3
75,4,11,interior,107,6,11,interior,1,0.05715125384346116,0.05715125384346116,2
116,7,4,interior,99,6,3,interior,1,0.0571289161944812,0.0571289161944812,2
4,0,4,edge,19,1,3,interior,1,0.05685318268858095,0.05685318268858095,2
134,8,6,interior,150,9,6,interior,1,0.056842206374588415,0.056842206374588415,1
96,6,0,edge,112,7,0,edge,1,0.056689903449612354,0.056689903449612354,1
253,15,13,edge,250,15,10,edge,1,0.056676052458117306,0.056676052458117306,3
81,5,1,interior,81,5,1,interior,1,0.05651111158739102,0.05651111158739102,0
183,11,7,interior,215,13,7,interior,1,0.05642288188263194,0.05642288188263194,2
246,15,6,edge,246,15,6,edge,1,0.056360784793021174,0.056360784793021174,0
211,13,3,interior,243,15,3,edge,1,0.05620461852479167,0.05620461852479167,2
59,3,11,interior,74,4,10,interior,1,0.05620027483660277,0.05620027483660277,2
195,12,3,interior,212,13,4,interior,1,0.05617098775474898,0.05617098775474898,2
155,9,11,interior,170,10,10,interior,1,0.05599130265552453,0.05599130265552453,2
160,10,0,edge,177,11,1,interior,1,0.05584263519526712,0.05584263519526712,2
191,11,15,edge,158,9,14,interior,1,0.055809095888834884,0.055809095888834884,3
43,2,11,interior,58,3,10,interior,1,0.05561604000537942,0.05561604000537942,2
242,15,2,edge,245,15,5,edge,1,0.05542169746176243,0.05542169746176243,3
33,2,1,interior,0,0,0,corner,1,0.05527923105013728,0.05527923105013728,3
59,3,11,interior,42,2,10,interior,1,0.05519104526498211,0.05519104526498211,2
198,12,6,interior,198,12,6,interior,1,0.05457233361478814,0.05457233361478814,0
244,15,4,edge,196,12,4,interior,1,0.05444716316134354,0.05444716316134354,3
205,12,13,interior,205,12,13,interior,1,0.0543760120211502,0.0543760120211502,0
68,4,4,interior,36,2,4,interior,1,0.05435371822606718,0.05435371822606718,2
247,15,7,edge,214,13,6,interior,1,0.054347589902827856,0.054347589902827856,3
107,6,11,interior,139,8,11,interior,1,0.054237193781765294,0.054237193781765294,2
15,0,15,corner,46,2,14,interior,1,0.054218271853004804,0.054218271853004804,3
64,4,0,edge,97,6,1,interior,1,0.054115934121129826,0.054115934121129826,3
68,4,4,interior,116,7,4,interior,1,0.05409142427014596,0.05409142427014596,3
207,12,15,edge,174,10,14,interior,1,0.05386871447299852,0.05386871447299852,3
84,5,4,interior,116,7,4,interior,1,0.05382232108892543,0.05382232108892543,2
66,4,2,interior,81,5,1,interior,1,0.05372237352730269,0.05372237352730269,2
29,1,13,interior,29,1,13,interior,1,0.053605887039431005,0.053605887039431005,0
66,4,2,interior,99,6,3,interior,1,0.053580188720680745,0.053580188720680745,3
102,6,6,interior,70,4,6,interior,1,0.05343722938491094,0.05343722938491094,2
99,6,3,interior,82,5,2,interior,1,0.053304662963128635,0.053304662963128635,2
123,7,11,interior,155,9,11,interior,1,0.053275025824262044,0.053275025824262044,2
33,2,1,interior,67,4,3,interior,1,0.052859877790745045,0.052859877790745045,4
170,10,10,interior,140,8,12,interior,1,0.05280392635341835,0.05280392635341835,4
127,7,15,edge,142,8,14,interior,1,0.05280141842859447,0.05280141842859447,2
178,11,2,interior,210,13,2,interior,1,0.05256940658953322,0.05256940658953322,2
164,10,4,interior,132,8,4,interior,1,0.05250664575988678,0.05250664575988678,2
78,4,14,interior,109,6,13,interior,1,0.05245563954830909,0.05245563954830909,3
95,5,15,edge,110,6,14,interior,1,0.05230153278248468,0.05230153278248468,2
245,15,5,edge,245,15,5,edge,1,0.052246207006155225,0.052246207006155225,0
189,11,13,interior,174,10,14,interior,1,0.05213533884116557,0.05213533884116557,2
127,7,15,edge,110,6,14,interior,1,0.05195989333062345,0.05195989333062345,2
36,2,4,interior,36,2,4,interior,1,0.05193020946449934,0.05193020946449934,0
31,1,15,edge,79,4,15,edge,1,0.05191811404412001,0.05191811404412001,3
58,3,10,interior,58,3,10,interior,1,0.05188971747904755,0.05188971747904755,0
146,9,2,interior,146,9,2,interior,1,0.05183983515370411,0.05183983515370411,0
222,13,14,interior,204,12,12,interior,1,0.051837082784599774,0.051837082784599774,3
64,4,0,edge,65,4,1,interior,1,0.05161509532959218,0.05161509532959218,1
43,2,11,interior,76,4,12,interior,1,0.05161135264531091,0.05161135264531091,3
174,10,14,interior,174,10,14,interior,1,0.05158990598815096,0.05158990598815096,0
154,9,10,interior,154,9,10,interior,1,0.05144431799043482,0.05144431799043482,0
112,7,0,edge,146,9,2,interior,1,0.05137512107437054,0.05137512107437054,4
142,8,14,interior,110,6,14,interior,1,0.05110860599062291,0.05110860599062291,2
148,9,4,interior,180,11,4,interior,1,0.05110106076803668,0.05110106076803668,2
76,4,12,interior,108,6,12,interior,1,0.05106715795658651,0.05106715795658651,2
32,2,0,edge,18,1,2,interior,1,0.05092722820499329,0.05092722820499329,3
68,4,4,interior,68,4,4,interior,1,0.050886463325057626,0.050886463325057626,0
18,1,2,interior,1,0,1,edge,1,0.05086330725869521,0.05086330725869521,2
194,12,2,interior,194,12,2,interior,1,0.050771392701011525,0.050771392701011525,0
82,5,2,interior,99,6,3,interior,1,0.05075902365547329,0.05075902365547329,2
43,2,11,interior,60,3,12,interior,1,0.050561232057507115,0.050561232057507115,2
11,0,11,edge,9,0,9,edge,1,0.0503586571059101,0.0503586571059101,2
39,2,7,interior,70,4,6,interior,1,0.05030614559354986,0.05030614559354986,3
34,2,2,interior,34,2,2,interior,1,0.050293250213038515,0.050293250213038515,0
88,5,8,interior,88,5,8,interior,1,0.05015904274943373,0.05015904274943373,0
70,4,6,interior,37,2,5,interior,1,0.04999341530820542,0.04999341530820542,3
190,11,14,interior,158,9,14,interior,1,0.049866569706739444,0.049866569706739444,2
75,4,11,interior,42,2,10,interior,1,0.049770677331830646,0.049770677331830646,3
104,6,8,interior,104,6,8,interior,1,0.04976709829348178,0.04976709829348178,0
202,12,10,interior,218,13,10,interior,1,0.04972394317968187,0.04972394317968187,1
180,11,4,interior,180,11,4,interior,1,0.049686617262300406,0.049686617262300406,0
198,12,6,interior,230,14,6,interior,1,0.04961143783106804,0.04961143783106804,2
217,13,9,interior,248,15,8,edge,1,0.04951916549957841,0.04951916549957841,3
191,11,15,edge,143,8,15,edge,1,0.049504581945740804,0.049504581945740804,3
28,1,12,interior,59,3,11,interior,1,0.049498960393348244,0.049498960393348244,3
34,2,2,interior,66,4,2,interior,1,0.049294269567442386,0.049294269567442386,2
34,2,2,interior,1,0,1,edge,1,0.04924118700181386,0.04924118700181386,3
36,2,4,interior,4,0,4,edge,1,0.04920875238997519,0.04920875238997519,2
159,9,15,edge,140,8,12,interior,1,0.04909466495535839,0.04909466495535839,4
210,13,2,interior,178,11,2,interior,1,0.04904734978141398,0.04904734978141398,2
40,2,8,interior,40,2,8,interior,1,0.048916798222340685,0.048916798222340685,0
38,2,6,interior,70,4,6,interior,1,0.04886686623824542,0.04886686623824542,2
131,8,3,interior,116,7,4,interior,1,0.048836231610417266,0.048836231610417266,2
32,2,0,edge,65,4,1,interior,1,0.04880435706042469,0.04880435706042469,3
214,13,6,interior,246,15,6,edge,1,0.0486968944953024,0.0486968944953024,2
136,8,8,interior,168,10,8,interior,1,0.04867391735450637,0.04867391735450637,2
51,3,3,interior,36,2,4,interior,1,0.04860790413053162,0.04860790413053162,2
12,0,12,edge,10,0,10,edge,1,0.04845662114891775,0.04845662114891775,2
189,11,13,interior,189,11,13,interior,1,0.04839347153147624,0.04839347153147624,0
242,15,2,edge,194,12,2,interior,1,0.04839151213903124,0.04839151213903124,3
214,13,6,interior,181,11,5,interior,1,0.04837345465482612,0.04837345465482612,3
24,1,8,interior,56,3,8,interior,1,0.04823292207694584,0.04823292207694584,2
31,1,15,edge,62,3,14,interior,1,0.048166627698390176,0.048166627698390176,3
253,15,13,edge,253,15,13,edge,1,0.048120724477847515,0.048120724477847515,0
177,11,1,interior,145,9,1,interior,1,0.047782134912867924,0.047782134912867924,2
191,11,15,edge,190,11,14,interior,1,0.047661771132660104,0.047661771132660104,1
125,7,13,interior,142,8,14,interior,1,0.0475159338068603,0.0475159338068603,2
74,4,10,interior,91,5,11,interior,1,0.04733153975605524,0.04733153975605524,2
121,7,9,interior,136,8,8,interior,1,0.04727892476713237,0.04727892476713237,2
213,13,5,interior,198,12,6,interior,1,0.04712146586672161,0.04712146586672161,2
186,11,10,interior,186,11,10,interior,1,0.04703782429810492,0.04703782429810492,0
248,15,8,edge,252,15,12,edge,1,0.04698480807013823,0.04698480807013823,4
126,7,14,interior,158,9,14,interior,1,0.046949725158861665,0.046949725158861665,2
109,6,13,interior,126,7,14,interior,1,0.04688817645290028,0.04688817645290028,2
37,2,5,interior,20,1,4,interior,1,0.04686951720597017,0.04686951720597017,2
60,3,12,interior,108,6,12,interior,1,0.04676828786854654,0.04676828786854654,3
190,11,14,interior,173,10,13,interior,1,0.046694133725262925,0.046694133725262925,2
231,14,7,interior,230,14,6,interior,1,0.04662552518241677,0.04662552518241677,1
221,13,13,interior,253,15,13,edge,1,0.04662062328335955,0.04662062328335955,2
213,13,5,interior,180,11,4,interior,1,0.046464793999761944,0.046464793999761944,3
13,0,13,edge,11,0,11,edge,1,0.04638516385390701,0.04638516385390701,2
37,2,5,interior,5,0,5,edge,1,0.04638419042729258,0.04638419042729258,2
190,11,14,interior,157,9,13,interior,1,0.0462487795749588,0.0462487795749588,3
217,13,9,interior,169,10,9,interior,1,0.04621980450724708,0.04621980450724708,3
36,2,4,interior,68,4,4,interior,1,0.046052552634388906,0.046052552634388906,2
8,0,8,edge,39,2,7,interior,1,0.045941909855605374,0.045941909855605374,3
245,15,5,edge,212,13,4,interior,1,0.04593990455954812,0.04593990455954812,3
168,10,8,interior,153,9,9,interior,1,0.04593050674332065,0.04593050674332065,2
122,7,10,interior,154,9,10,interior,1,0.04590186850452732,0.04590186850452732,2
29,1,13,interior,44,2,12,interior,1,0.0459003264956348,0.0459003264956348,2
66,4,2,interior,83,5,3,interior,1,0.04586721410284108,0.04586721410284108,2
103,6,7,interior,103,6,7,interior,1,0.045858712938119495,0.045858712938119495,0
219,13,11,interior,202,12,10,interior,1,0.04585543191978727,0.04585543191978727,2
104,6,8,interior,72,4,8,interior,1,0.04581336676710934,0.04581336676710934,2
248,15,8,edge,246,15,6,edge,1,0.04578816990732811,0.04578816990732811,2
70,4,6,interior,118,7,6,interior,1,0.04567959636569435,0.04567959636569435,3
82,5,2,interior,35,2,3,interior,1,0.045437724832762795,0.045437724832762795,4
217,13,9,interior,250,15,10,edge,1,0.04538687991869897,0.04538687991869897,3
36,2,4,interior,69,4,5,interior,1,0.04537798121601915,0.04537798121601915,3
248,15,8,edge,250,15,10,edge,1,0.04535064344259162,0.04535064344259162,2
148,9,4,interior,148,9,4,interior,1,0.04530835403023338,0.04530835403023338,0
35,2,3,interior,35,2,3,interior,1,0.04514249068169147,0.04514249068169147,0
223,13,15,edge,222,13,14,interior,1,0.044983254200200086,0.044983254200200086,1
123,7,11,interior,123,7,11,interior,1,0.04491845838974125,0.04491845838974125,0
200,12,8,interior,200,12,8,interior,1,0.044826802239083204,0.044826802239083204,0
11,0,11,edge,13,0,13,edge,1,0.044623770151723384,0.044623770151723384,2
94,5,14,interior,124,7,12,interior,1,0.04459264968475722,0.04459264968475722,4
138,8,10,interior,106,6,10,interior,1,0.044484305344186986,0.044484305344186986,2
110,6,14,interior,95,5,15,edge,1,0.0443942355922131,0.0443942355922131,2
121,7,9,interior,154,9,10,interior,1,0.04429953681681904,0.04429953681681904,3
104,6,8,interior,136,8,8,interior,1,0.044187148549802074,0.044187148549802074,2
73,4,9,interior,41,2,9,interior,1,0.04417502254214189,0.04417502254214189,2
248,15,8,edge,218,13,10,interior,1,0.04415909826418486,0.04415909826418486,4
112,7,0,edge,82,5,2,interior,1,0.04412598104711185,0.04412598104711185,4
147,9,3,interior,194,12,2,interior,1,0.0440260779929978,0.0440260779929978,4
213,13,5,interior,230,14,6,interior,1,0.04400682895583436,0.04400682895583436,2
54,3,6,interior,38,2,6,interior,1,0.04399429935217284,0.04399429935217284,1
99,6,3,interior,131,8,3,interior,1,0.04382352207268977,0.04382352207268977,2
95,5,15,edge,77,4,13,interior,1,0.043811037252028444,0.043811037252028444,3
8,0,8,edge,10,0,10,edge,1,0.043644496560425024,0.043644496560425024,2
125,7,13,interior,157,9,13,interior,1,0.04358978841883442,0.04358978841883442,2
102,6,6,interior,102,6,6,interior,1,0.043523880075143025,0.043523880075143025,0
94,5,14,interior,111,6,15,edge,1,0.04342156638253227,0.04342156638253227,2
160,10,0,edge,178,11,2,interior,1,0.04342085331634665,0.04342085331634665,3
157,9,13,interior,140,8,12,interior,1,0.04341845604488313,0.04341845604488313,2
180,11,4,interior,148,9,4,interior,1,0.04341409868033895,0.04341409868033895,2
230,14,6,interior,196,12,4,interior,1,0.0432327009396845,0.0432327009396845,4
168,10,8,interior,168,10,8,interior,1,0.043127788889638384,0.043127788889638384,0
189,11,13,interior,206,12,14,interior,1,0.042944552223449985,0.042944552223449985,2
155,9,11,interior,155,9,11,interior,1,0.042896025341734575,0.042896025341734575,0
218,13,10,interior,251,15,11,edge,1,0.04274847082844751,0.04274847082844751,3
221,13,13,interior,252,15,12,edge,1,0.042453592792580916,0.042453592792580916,3
170,10,10,interior,139,8,11,interior,1,0.04222697919175997,0.04222697919175997,3
75,4,11,interior,124,7,12,interior,1,0.04188456297867049,0.04188456297867049,4
8,0,8,edge,6,0,6,edge,1,0.04177053774064057,0.04177053774064057,2
242,15,2,edge,248,15,8,edge,1,0.041676291284597856,0.041676291284597856,6
123,7,11,interior,156,9,12,interior,1,0.04152960325216034,0.04152960325216034,3
35,2,3,interior,4,0,4,edge,1,0.04136067183200802,0.04136067183200802,3
219,13,11,interior,187,11,11,interior,1,0.04120730592669695,0.04120730592669695,2
73,4,9,interior,73,4,9,interior,1,0.04109551758584238,0.04109551758584238,0
99,6,3,interior,81,5,1,interior,1,0.04102983057769355,0.04102983057769355,3
134,8,6,interior,166,10,6,interior,1,0.04091493436159548,0.04091493436159548,2
245,15,5,edge,197,12,5,interior,1,0.040705601182535446,0.040705601182535446,3
75,4,11,interior,46,2,14,interior,1,0.040596620628685215,0.040596620628685215,5
83,5,3,interior,35,2,3,interior,1,0.04055306063184256,0.04055306063184256,3
24,1,8,interior,8,0,8,edge,1,0.04050822045484254,0.04050822045484254,1
24,1,8,interior,55,3,7,interior,1,0.04028364672916729,0.04028364672916729,3
109,6,13,interior,77,4,13,interior,1,0.04024226063389502,0.04024226063389502,2
209,13,1,interior,224,14,0,edge,1,0.04023808631928851,0.04023808631928851,2
242,15,2,edge,211,13,3,interior,1,0.040103374681689834,0.040103374681689834,3
13,0,13,edge,15,0,15,corner,1,0.0400089713001664,0.0400089713001664,2
75,4,11,interior,77,4,13,interior,1,0.040003147465032855,0.040003147465032855,2
182,11,6,interior,182,11,6,interior,1,0.039689848246070095,0.039689848246070095,0
33,2,1,interior,18,1,2,interior,1,0.03960518014840188,0.03960518014840188,2
90,5,10,interior,105,6,9,interior,1,0.03960225838321223,0.03960225838321223,2
75,4,11,interior,108,6,12,interior,1,0.039564498932023885,0.039564498932023885,3
18,1,2,interior,65,4,1,interior,1,0.03922375481876477,0.03922375481876477,4
58,3,10,interior,90,5,10,interior,1,0.039193721662590136,0.039193721662590136,2
53,3,5,interior,70,4,6,interior,1,0.03905994214751874,0.03905994214751874,2
20,1,4,interior,35,2,3,interior,1,0.039004421933168616,0.039004421933168616,2
58,3,10,interior,26,1,10,interior,1,0.03882055585257879,0.03882055585257879,2
109,6,13,interior,109,6,13,interior,1,0.03878354878389992,0.03878354878389992,0
178,11,2,interior,178,11,2,interior,1,0.038769064922078246,0.038769064922078246,0
71,4,7,interior,56,3,8,interior,1,0.038731759683984526,0.038731759683984526,2
178,11,2,interior,147,9,3,interior,1,0.038570294672081326,0.038570294672081326,3
136,8,8,interior,136,8,8,interior,1,0.03826452428762747,0.03826452428762747,0
40,2,8,interior,39,2,7,interior,1,0.03798758774060096,0.03798758774060096,1
69,4,5,interior,69,4,5,interior,1,0.037964700339682016,0.037964700339682016,0
37,2,5,interior,52,3,4,interior,1,0.0379251278894101,0.0379251278894101,2
248,15,8,edge,217,13,9,interior,1,0.0378199512306199,0.0378199512306199,3
69,4,5,interior,54,3,6,interior,1,0.0377906265594125,0.0377906265594125,2
168,10,8,interior,137,8,9,interior,1,0.037749079327477446,0.037749079327477446,3
34,2,2,interior,33,2,1,interior,1,0.03768773691192814,0.03768773691192814,1
147,9,3,interior,96,6,0,edge,1,0.037601952562334805,0.037601952562334805,6
57,3,9,interior,57,3,9,interior,1,0.03746974664011548,0.03746974664011548,0
103,6,7,interior,135,8,7,interior,1,0.03743556638010856,0.03743556638010856,2
133,8,5,interior,133,8,5,interior,1,0.03742818966787642,0.03742818966787642,0
133,8,5,interior,101,6,5,interior,1,0.03738231500475724,0.03738231500475724,2
149,9,5,interior,149,9,5,interior,1,0.03735881837403211,0.03735881837403211,0
215,13,7,interior,167,10,7,interior,1,0.0372155079975076,0.0372155079975076,3
49,3,1,interior,81,5,1,interior,1,0.03712362910800297,0.03712362910800297,2
164,10,4,interior,147,9,3,interior,1,0.037071767172941826,0.037071767172941826,2
51,3,3,interior,52,3,4,interior,1,0.037049087583732994,0.037049087583732994,1
148,9,4,interior,133,8,5,interior,1,0.036844331607722394,0.036844331607722394,2
74,4,10,interior,74,4,10,interior,1,0.03673424708108352,0.03673424708108352,0
122,7,10,interior,137,8,9,interior,1,0.03663667466493826,0.03663667466493826,2
182,11,6,interior,165,10,5,interior,1,0.03662398961699583,0.03662398961699583,2
34,2,2,interior,81,5,1,interior,1,0.03644197595221851,0.03644197595221851,4
218,13,10,interior,201,12,9,interior,1,0.03633459407957223,0.03633459407957223,2
186,11,10,interior,155,9,11,interior,1,0.03626062114242224,0.03626062114242224,3
30,1,14,interior,45,2,13,interior,1,0.03583601901793681,0.03583601901793681,2
82,5,2,interior,114,7,2,interior,1,0.03566869024797233,0.03566869024797233,2
250,15,10,edge,250,15,10,edge,1,0.03553356841210723,0.03553356841210723,0
200,12,8,interior,232,14,8,interior,1,0.035401795499920674,0.035401795499920674,2
164,10,4,interior,134,8,6,interior,1,0.035170675441742655,0.035170675441742655,4
69,4,5,interior,118,7,6,interior,1,0.03506015661468966,0.03506015661468966,4
83,5,3,interior,83,5,3,interior,1,0.03487349548326079,0.03487349548326079,0
75,4,11,interior,60,3,12,interior,1,0.03476270689102252,0.03476270689102252,2
157,9,13,interior,172,10,12,interior,1,0.03466387524224039,0.03466387524224039,2
160,10,0,edge,128,8,0,edge,1,0.034303561894745135,0.034303561894745135,2
181,11,5,interior,214,13,6,interior,1,0.034197210294244385,0.034197210294244385,3
109,6,13,interior,79,4,15,edge,1,0.0340356263674912,0.0340356263674912,4
53,3,5,interior,85,5,5,interior,1,0.033730781504900574,0.033730781504900574,2
119,7,7,interior,151,9,7,interior,1,0.033662169655718596,0.033662169655718596,2
27,1,11,interior,12,0,12,edge,1,0.03356592948065173,0.03356592948065173,2
7,0,7,edge,9,0,9,edge,1,0.033546271090717415,0.033546271090717415,2
60,3,12,interior,58,3,10,interior,1,0.033389172780995784,0.033389172780995784,2
163,10,3,interior,195,12,3,interior,1,0.03332726145925706,0.03332726145925706,2
213,13,5,interior,179,11,3,interior,1,0.033091770940830406,0.033091770940830406,4
218,13,10,interior,185,11,9,interior,1,0.03288987196675125,0.03288987196675125,3
99,6,3,interior,80,5,0,edge,1,0.03242052871380257,0.03242052871380257,4
139,8,11,interior,107,6,11,interior,1,0.032399373142835024,0.032399373142835024,2
230,14,6,interior,197,12,5,interior,1,0.03234363836224385,0.03234363836224385,3
181,11,5,interior,196,12,4,interior,1,0.0323418922219741,0.0323418922219741,2
174,10,14,interior,141,8,13,interior,1,0.032207735706711586,0.032207735706711586,3
167,10,7,interior,167,10,7,interior,1,0.03196936996344322,0.03196936996344322,0
61,3,13,interior,78,4,14,interior,1,0.031594182836613346,0.031594182836613346,2
187,11,11,interior,170,10,10,interior,1,0.031012668525267992,0.031012668525267992,2
123,7,11,interior,108,6,12,interior,1,0.031007071348979728,0.031007071348979728,2
134,8,6,interior,151,9,7,interior,1,0.030720114761929707,0.030720114761929707,2
149,9,5,interior,117,7,5,interior,1,0.030555662321932697,0.030555662321932697,2
181,11,5,interior,150,9,6,interior,1,0.030100039199485472,0.030100039199485472,3
7,0,7,edge,40,2,8,interior,1,0.029984686489387555,0.029984686489387555,3
134,8,6,interior,119,7,7,interior,1,0.029803128188806025,0.029803128188806025,2
106,6,10,interior,137,8,9,interior,1,0.0293906438493462,0.0293906438493462,3
90,5,10,interior,75,4,11,interior,1,0.028394425249806014,0.028394425249806014,2
57,3,9,interior,25,1,9,interior,1,0.02833035969114375,0.02833035969114375,2
165,10,5,interior,150,9,6,interior,1,0.027896918395009004,0.027896918395009004,2
165,10,5,interior,133,8,5,interior,1,0.0278053778231249,0.0278053778231249,2
97,6,1,interior,132,8,4,interior,1,0.02774073313072285,0.02774073313072285,5
90,5,10,interior,121,7,9,interior,1,0.027378081086019516,0.027378081086019516,3
58,3,10,interior,43,2,11,interior,1,0.026423364672119337,0.026423364672119337,2
105,6,9,interior,73,4,9,interior,1,0.025218518358425722,0.025218518358425722,2
73,4,9,interior,105,6,9,interior,1,0.025217757832929445,0.025217757832929445,2
