candidate_index,sample_index,sample_id,k,ratio,large_scan,min_target_separation_deg,selected_config,baseline_combined_worst_active_rl_db,baseline_combined_total_rl_db,optimized_combined_worst_active_rl_db,optimized_combined_total_rl_db,optimized_combined_active_gate,optimized_all_tasks_significant_worst_active_rl_db,optimized_all_tasks_significant_gate,optimized_all_tasks_strict_worst_active_rl_db,optimized_all_tasks_strict_gate,target_response_error_max,nearest_bound_ratio_max,local_bound_ratio_max,constraint_pass,baseline_psll_db,optimized_psll_db,baseline_nearest_iso_db,optimized_nearest_iso_db,baseline_local_iso_db,optimized_local_iso_db,baseline_weakest_target_gain_db,optimized_weakest_target_gain_db,optimized_target_spread_db,optimized_pointing_error_deg,equal_weakest_gain_power_ratio,gate15,strict_gate20,mainlobe_gate,robust_active_RL_gate,strict_engineering_gate
0,0,tv000_s000_k1_r0.5,1,0.5,0,180.0,balanced30,5.895073248568892,9.725157635109543,10.061497197317362,10.243006042113903,1,10.061497197317362,1,10.061497197317362,1,1.9620285752838875e-16,0.0,0.0,1,-11.824291568521701,-11.679611206054688,300.0,300.0,300.0,300.0,85.65301166276235,85.5812759399414,0.0,0.14562266994235282,1.0166549330275847,1,1,1,1,1
1,1,tv001_s001_k1_r0.5,1,0.5,1,180.0,combined20,5.459161397813799,11.221211290649553,10.078393326118906,11.51574846826473,1,10.078393326118906,1,10.078393326118906,1,8.132505860822234e-18,0.0,0.0,1,-7.466716324791776,-7.4051971435546875,300.0,300.0,300.0,300.0,83.33787609672571,83.21532440185547,0.0,0.8980526058080087,1.0286204860219872,1,1,1,1,1
2,2,tv002_s002_k1_r0.5,1,0.5,1,180.0,combined20,-2.6693149144262005,10.830778273750802,10.103363092805404,10.85501261582582,1,10.103363092805404,1,10.103363092805404,1,4.187077965696222e-18,0.0,0.0,1,-2.777242633666802,-2.6602859497070312,300.0,300.0,300.0,300.0,81.07061930130956,80.56433868408203,0.0,2.5496217584821763,1.1236422526061784,1,1,0,1,0
3,3,tv003_s003_k1_r0.6,1,0.6000000238418579,0,180.0,balanced30,6.75573049278699,10.537986438615023,10.10054500263007,11.223417114805603,1,10.10054500263007,1,10.10054500263007,1,2.8312764936359217e-18,0.0,0.0,1,-13.35173056118441,-12.876640319824219,300.0,300.0,300.0,300.0,86.33725169245274,86.16903686523438,0.0,0.5496264301824973,1.0394927932145455,1,1,1,1,1
4,4,tv004_s004_k1_r0.6,1,0.6000000238418579,1,180.0,balanced30,0.5841035804435301,12.152237089762988,10.089262467787004,12.67110471673065,1,10.089262467787004,1,10.089262467787004,1,7.347127628504058e-18,0.0,0.0,1,-7.528183865480415,-7.5146484375,300.0,300.0,300.0,300.0,84.1417239799572,84.10028076171875,0.0,1.0252361621203891,1.0095883299469277,1,1,1,1,1
5,5,tv005_s005_k1_r0.6,1,0.6000000238418579,1,180.0,balanced30,2.2384708141051157,13.07455387847459,10.131025848927194,12.905898796653396,1,10.131025848927194,1,10.131025848927194,1,1.3064735606011277e-16,0.0,0.0,1,-4.643337791877599,-4.629386901855469,300.0,300.0,300.0,300.0,83.48717688506875,83.44575500488281,0.0,1.9142127638097035,1.0095833695809127,1,1,0,1,0
6,6,tv006_s006_k1_r0.7,1,0.699999988079071,0,180.0,balanced30,5.098433641562316,10.95275162331845,10.074475662118909,11.394870001582147,1,10.074475662118909,1,10.074475662118909,1,3.286385416635e-16,0.0,0.0,1,-14.749999577815956,-14.683189392089844,300.0,300.0,300.0,300.0,87.1933482536713,87.15186309814453,0.0,0.20697620061100674,1.0095980790004067,1,1,1,1,1
7,7,tv007_s007_k1_r0.7,1,0.699999988079071,1,180.0,combined20,2.7154852149874413,12.110175178672023,10.157066477780308,12.883909723855327,1,10.157066477780308,1,10.157066477780308,1,5.665507278959794e-18,0.0,0.0,1,-6.708469849689607,-6.491523742675781,300.0,300.0,300.0,300.0,84.54420353303449,84.41511535644531,0.0,1.3845858306192576,1.0301698083300708,1,1,1,1,1
8,8,tv008_s008_k1_r0.7,1,0.699999988079071,1,180.0,balanced30,-6.763538780669952,10.229337655393936,10.10297282195397,10.414138064554306,1,10.10297282195397,1,10.10297282195397,1,3.208000353650879e-16,0.0,0.0,1,-2.3241193133783185,-1.845428466796875,300.0,300.0,300.0,300.0,81.76570519434088,81.23843383789062,0.0,2.5428462981266486,1.1290862943088231,1,1,0,1,0
9,9,tv009_s009_k1_r0.8,1,0.800000011920929,0,180.0,robust20,5.182711089996516,10.715060525487488,10.007942460199537,11.267053631323883,1,10.007942460199537,1,10.007942460199537,1,0.0,0.0,0.0,1,-15.785791685779074,-15.440147399902344,300.0,300.0,300.0,300.0,88.06515802515042,87.90528106689453,0.0,0.07042196553748933,1.037499021592943,1,1,1,1,1
10,10,tv010_s010_k1_r0.8,1,0.800000011920929,1,180.0,combined20,3.4957898756278327,14.666932686961257,10.111661970280043,14.51552893675787,1,10.111661970280043,1,10.111661970280043,1,6.904701470454154e-18,0.0,0.0,1,-4.232789907271638,-4.334510803222656,300.0,300.0,300.0,300.0,84.99420361788071,84.94378662109375,0.0,2.0118263814711503,1.0116765878067493,1,1,0,1,0
11,11,tv011_s011_k1_r0.8,1,0.800000011920929,1,180.0,balanced30,1.7418531919664804,11.753983942550652,10.212641246552167,11.786694519569934,1,10.212641246552167,1,10.212641246552167,1,1.4443965712581726e-16,0.0,0.0,1,-2.534210466617637,-2.5298080444335938,300.0,300.0,300.0,300.0,83.05474616755136,82.71930694580078,0.0,2.760445706738533,1.080298870892677,1,1,0,1,0
12,12,tv012_s012_k1_r0.9,1,0.8999999761581421,0,180.0,robust20,5.297698102702989,11.361276807277834,9.951956364199813,11.80799966616588,0,9.951956364199813,0,9.951956364199813,0,1.420351482034784e-16,0.0,0.0,1,-14.827850542759364,-14.651405334472656,300.0,300.0,300.0,300.0,88.45257940490386,88.37477111816406,0.0,0.37057660312128415,1.0180774747712449,1,1,1,0,0
13,13,tv013_s013_k1_r0.9,1,0.8999999761581421,1,180.0,combined20,8.111745837479447,15.292588042126184,10.138277990475913,15.46706526090794,1,10.138277990475913,1,10.138277990475913,1,2.0319201625979167e-16,0.0,0.0,1,-5.48972103331846,-5.514610290527344,300.0,300.0,300.0,300.0,85.57461845239841,85.5787353515625,0.0,1.8233174671618,0.9990524980992117,1,1,0,1,0
14,14,tv014_s014_k1_r0.9,1,0.8999999761581421,1,180.0,robust20,-11.412160173583905,11.497087815677533,10.024556524545376,12.019420540470914,1,10.024556524545376,1,10.024556524545376,1,4.926441244087167e-18,0.0,0.0,1,-3.546319055518566,-3.2667160034179688,300.0,300.0,300.0,300.0,84.04316856078304,83.42499542236328,0.0,3.2897878953569832,1.152968159254551,1,1,0,1,0
15,15,tv015_s015_k1_r1.0,1,1.0,0,180.0,robust20,8.738883107874873,13.354143443328985,10.298470276635914,13.398742462919834,1,10.298470276635914,1,10.298470276635914,1,1.0740616734795629e-18,0.0,0.0,1,-16.050019843268316,-16.07929229736328,300.0,300.0,300.0,300.0,88.73571208344437,88.69061279296875,0.0,0.49065293878195976,1.0104386013933278,1,1,1,1,1
16,16,tv016_s016_k1_r1.0,1,1.0,1,180.0,combined20,8.42950250775957,17.384884227070117,11.152163669248178,17.17328669066783,1,11.152163669248178,1,11.152163669248178,1,2.851299651406572e-18,0.0,0.0,1,-6.878419620201569,-6.832008361816406,300.0,300.0,300.0,300.0,86.43624403133458,86.4084701538086,0.0,0.9547866084431431,1.0064156644083688,1,1,1,1,1
17,17,tv017_s017_k1_r1.0,1,1.0,1,180.0,balanced30,-22.48519573894321,10.69865431960044,9.98487394376695,12.286339607103598,0,9.98487394376695,0,9.98487394376695,0,8.938550318960537e-18,0.0,0.0,1,1.7908505590922772,3.2074356079101562,300.0,300.0,300.0,300.0,82.93021551300012,80.95340728759766,0.0,1.851360657265757,1.5764522566553434,0,0,0,0,0
18,18,tv018_s018_k2_r0.5,2,0.5,0,30.836536407470703,balanced30,4.830076344589008,10.684794526027668,10.205918356736454,11.261061206162552,1,10.037147676334918,1,10.037147676334918,1,4.590381108437307e-16,0.9406477100852875,1.000887329228138,1,-11.693332541222375,-11.364334106445312,33.41475408324651,26.202392578125,18.324492243515266,17.497970581054688,81.73504360251576,81.61688232421875,0.879058837890625,0.6236221555346833,1.0275811473547443,1,0,1,1,0
19,19,tv019_s019_k2_r0.5,2,0.5,1,53.63685989379883,balanced30,-0.1826392583841754,10.435817792569903,10.126672277896647,10.848514864027992,1,10.019653218049058,1,10.019653218049058,1,2.8220600285110447e-16,0.8540770664216237,0.9657423874259871,1,-7.812351053317272,-6.695732116699219,26.999857984399867,28.039398193359375,14.076333361310802,12.660575866699219,79.70222681238218,79.39802551269531,2.7294235229492188,0.8411287694562455,1.0725563784876146,0,0,1,1,0
20,20,tv020_s020_k2_r0.5,2,0.5,1,54.766170501708984,balanced30,2.648378248616651,10.48663173383635,10.145728746905485,11.346172752062575,1,10.022956516944607,1,10.022956516944607,1,3.8617580487702616e-16,0.9924664558182044,0.9695491781439667,1,-6.595932507824045,-6.474021911621094,23.83257048168882,25.74481201171875,18.17206609854012,17.852920532226562,79.62276364644353,79.8974838256836,2.6151962280273438,0.7989188925666157,0.9387025163698063,1,0,1,1,0
21,21,tv021_s021_k2_r0.6,2,0.6000000238418579,0,33.27549362182617,combined20,3.027341192182043,9.975416076941016,10.263478348191619,11.08918848429703,1,10.02923120176293,1,10.02923120176293,1,1.5509075762680375e-16,0.9648866639289922,1.0004057029948228,1,-12.354307347497738,-10.538597106933594,33.45302324298039,28.269268035888672,14.204463084770879,13.13970947265625,82.6731516121633,82.45571899414062,1.0743179321289062,0.7111897233648972,1.0513401781939917,0,0,1,1,0
22,22,tv022_s022_k2_r0.6,2,0.6000000238418579,1,28.5905818939209,balanced30,3.3576312307373217,12.237241166857,10.293429862327518,12.251445570635664,1,10.010414600094224,1,10.010414600094224,1,4.988275171118016e-16,1.0003352745500287,1.0000407769968822,1,-5.248096364109415,-5.684730529785156,21.40518193652997,26.226341247558594,19.56073588344851,21.137786865234375,80.14918107710554,79.94617462158203,1.3451385498046875,1.8942304360002395,1.0478536862832493,1,1,0,1,0
23,23,tv023_s023_k2_r0.6,2,0.6000000238418579,1,70.64033508300781,balanced30,1.8153115329664389,10.202756418040128,10.13372077247956,10.805825519366364,1,10.058695129353985,1,10.058695129353985,1,2.5716379343139247e-16,0.9978814278859917,1.000021654897045,1,-5.195956648762291,-5.300682067871094,29.163708332340136,27.435012817382812,17.613957203346757,18.39215087890625,80.80062743394448,80.7401123046875,2.524169921875,1.290335458576411,1.0140316558338733,1,0,1,1,0
24,24,tv024_s024_k2_r0.7,2,0.699999988079071,0,25.092235565185547,balanced30,5.479853178942281,10.35874974021728,10.216638926823347,11.14367337296798,1,9.519047206467897,0,9.519047206467897,0,1.2446278483462749e-16,0.33307508968431715,1.0000717002699493,1,-11.532748852472139,-11.714523315429688,35.40755931675162,37.55023193359375,15.914342684658749,17.87067413330078,83.52160199409484,83.42876434326172,0.26092529296875,0.8003882685084812,1.0216067766543684,1,0,1,0,0
25,25,tv025_s025_k2_r0.7,2,0.699999988079071,1,80.07714080810547,robust20,2.0359830853053897,9.762577643368402,10.136191296043824,11.142211339470599,1,10.02571050330824,1,10.02571050330824,1,3.6331621636278783e-16,0.9705712287871759,0.9726248166575064,1,-6.3401548525392855,-6.388450622558594,22.69472957372996,26.106712341308594,18.662848317426977,18.853553771972656,80.8206362008298,80.91080474853516,2.7741012573242188,0.9141719072705323,0.9794519725872527,1,0,1,1,0
26,26,tv026_s026_k2_r0.7,2,0.699999988079071,1,55.273494720458984,balanced30,4.551442231127677,11.110267305779074,10.146897410838122,11.081157459811916,1,10.072741846525101,1,10.072741846525101,1,1.2760983396712092e-16,0.5843479182291246,0.9399451383372956,1,-5.375051911680075,-5.718498229980469,21.87642913859301,30.799213409423828,18.307999754306678,20.528060913085938,79.80655136556213,79.64741516113281,3.3627548217773438,2.4851305324312665,1.037322075796062,1,1,0,1,0
27,27,tv027_s027_k2_r0.8,2,0.800000011920929,0,14.186053276062012,balanced30,5.547773275203845,10.655775002284965,10.254212354436342,11.749588040834656,1,8.144359135758393,0,8.144359135758393,0,2.1570572519155304e-16,0.4726819019559205,1.0001851011332037,1,-14.113926432951402,-13.521507263183594,27.591721553509764,33.51367950439453,14.466945181265999,15.537063598632812,84.58119076629005,84.38912963867188,0.119842529296875,0.7521484878180047,1.0452161529334671,1,0,1,0,0
28,28,tv028_s028_k2_r0.8,2,0.800000011920929,1,55.8316764831543,combined20,1.419326421961041,11.402616995176801,10.12079248108671,11.935504691362507,1,10.01353278195962,1,10.01353278195962,1,4.71885786248289e-16,0.9980589903874593,0.8223725025392751,1,-5.931903958877442,-6.2293243408203125,22.413544294609366,27.221908569335938,21.068914196409594,22.061870574951172,81.61979853645389,81.48130798339844,2.3656997680664062,1.9707308196750868,1.0324025184770829,1,1,0,1,0
29,29,tv029_s029_k2_r0.8,2,0.800000011920929,1,82.30632781982422,robust20,0.7779012159303611,11.361858390438433,10.370183649245334,12.230119802895514,1,10.079239015209243,1,10.079239015209243,1,2.9843950385150965e-16,1.000058680754158,0.9638205126925483,1,-5.045859319688333,-5.069221496582031,27.355190388943967,27.507896423339844,23.1811527466298,22.146827697753906,81.7133225406482,81.8178939819336,0.01662445068359375,1.597575792829073,0.976209109299954,1,1,0,1,0
30,30,tv030_s030_k2_r0.9,2,0.8999999761581421,0,31.914785385131836,robust20,7.509883058703918,11.71421296151708,10.065734416448409,12.179421889920025,1,9.816605050289118,0,9.816605050289118,0,6.174521852774977e-16,0.9944589809001052,1.0000105386753944,1,-15.260789897703035,-15.037315368652344,28.056505800385544,28.053985595703125,18.399038147577755,18.433433532714844,85.4520164129789,85.41035461425781,0.03437042236328125,0.6538713550498017,1.0096391438225434,1,0,1,0,0
31,31,tv031_s031_k2_r0.9,2,0.8999999761581421,1,35.052467346191406,robust20,2.5385972627657876,13.929623268057094,10.386598407380864,14.24070637818598,1,10.031072260164539,1,10.031072260164539,1,1.2128049794532128e-16,0.7367904748689491,1.0000043477725098,1,-3.1742641716225535,-3.3123626708984375,23.221371889896147,30.49837875366211,19.626333707449476,20.98712158203125,82.11128838725932,81.9700927734375,1.7291107177734375,2.877363310332569,1.0330457643813156,1,1,0,1,0
32,32,tv032_s032_k2_r0.9,2,0.8999999761581421,1,19.151371002197266,robust20,2.4484443738627597,11.31443461237421,10.103795247326339,12.377192181613825,1,9.884548516446948,0,9.884548516446948,0,3.087540936652897e-16,0.9867106645136625,1.000537425966249,1,-3.9286051216170677,-3.2397003173828125,28.212860194418624,28.12091827392578,14.75382439563623,18.791770935058594,82.01466993535783,81.99241638183594,1.9668655395507812,2.979667590576027,1.0051372205593228,1,0,0,0,0
33,33,tv033_s033_k2_r1.0,2,1.0,0,39.66925811767578,balanced30,1.6605689937769545,12.838774907771704,10.239922146012375,13.042371567946635,1,10.02827869512948,1,10.02827869512948,1,3.854621605507411e-16,0.33285622507330753,0.36421484549052524,1,-14.803960297957573,-13.898452758789062,32.548334744742355,36.88571548461914,30.83925485578723,30.72249984741211,85.48983336562416,85.51856994628906,0.0578765869140625,0.4677607853623416,0.9934050008702675,1,1,1,1,1
34,34,tv034_s034_k2_r1.0,2,1.0,1,57.99696350097656,balanced30,-0.3452236803080924,14.205165202553943,10.142797727754543,15.18764366058041,1,10.054201989846309,1,10.054201989846309,1,3.6164026408914126e-17,0.9999971225690947,0.8556234744861841,1,-6.374471346324725,-6.40948486328125,26.613991075082744,27.292831420898438,21.6359952367269,22.370742797851562,83.24681882205869,83.0831298828125,0.8674163818359375,2.5174806211155727,1.0384100768610351,1,1,0,1,0
35,35,tv035_s035_k2_r1.0,2,1.0,1,51.33946228027344,robust20,0.43870057083778363,11.713338286053627,9.140416653027323,12.373435674812562,0,9.109059103536053,0,-11.268772979261033,0,4.4383749714651704e-16,1.0000000000064648,1.0000000000175084,1,-2.7520053599896244,-1.02313232421875,22.317475425614617,26.80835723876953,16.819396814843557,18.357040405273438,80.67032072809518,80.41838073730469,2.9050140380859375,3.1214658169817042,1.0597269988651672,1,0,0,0,0
36,36,tv036_s036_k4_r0.5,4,0.5,0,21.625534057617188,robust20,4.456890716968662,10.38976954375812,10.191635926152859,11.160795094499667,1,10.003516247005692,1,10.003516247005692,1,6.104577449845117e-16,0.9999939581670451,1.0000125146317191,1,-6.661358587299233,-5.523590087890625,25.266443166959967,26.624496459960938,17.37186972611717,16.64501190185547,78.0315966353246,77.85176849365234,1.2245864868164062,1.2970200492789796,1.042276183788391,1,0,1,1,0
37,37,tv037_s037_k4_r0.5,4,0.5,1,21.323556900024414,combined20,4.727526762189419,10.140731415212791,10.098408573181349,11.311771069581873,1,10.039146967541623,1,10.039146967541623,1,2.0679079607435751e-16,1.000119469744617,1.0000794247025808,1,-4.695358052534189,-4.457725524902344,23.516929282185934,26.229015350341797,15.419537362126846,15.156974792480469,76.31593345703537,76.30221557617188,3.1083450317382812,1.3035024464225893,1.003163652617617,1,0,0,1,0
38,38,tv038_s038_k4_r0.5,4,0.5,1,13.506495475769043,balanced30,1.7689813095061164,10.008682911617788,10.630020969025153,10.888552746765118,1,10.065855570155826,1,10.065855570155826,1,2.1896477852354016e-16,0.9231152242828967,1.0101341167304128,1,-1.8775868510202827,-2.2770462036132812,21.45586050203442,27.028480529785156,14.04799283993691,12.769401550292969,74.42449913062,74.30035400390625,3.8401031494140625,2.1649483832744005,1.0289979573979076,0,0,0,1,0
39,39,tv039_s039_k4_r0.6,4,0.6000000238418579,0,15.059062004089355,balanced30,-2.4825167830984816,9.809274446618115,10.420822267420867,10.984898734946684,1,10.031765821924324,1,10.031765821924324,1,3.758443231631635e-16,1.000072874697382,0.9972766742656797,1,-8.624082163189314,-8.101737976074219,25.760131057607737,25.862266540527344,17.539132280588603,17.59833526611328,79.95451403626237,79.57303619384766,1.1472702026367188,1.2551908139937036,1.0918118012859193,1,0,1,1,0
40,40,tv040_s040_k4_r0.6,4,0.6000000238418579,1,13.3247652053833,balanced30,-1.8902581854796736,9.793569751251662,10.194650756860359,11.006893365191315,1,10.05014799320949,1,10.05014799320949,1,2.1122639164899934e-17,1.0027238775027776,1.000118410838938,1,-4.1791567969171695,-2.7686309814453125,23.045345224700952,27.00052261352539,16.755065342981027,15.534614562988281,77.56120308491691,77.66383361816406,2.263671875,2.992590094908055,0.9766454849936852,1,0,0,1,0
41,41,tv041_s041_k4_r0.6,4,0.6000000238418579,1,24.257118225097656,combined20,1.5340367440232443,10.897638753725332,10.128039472718456,11.694451306446483,1,10.034330092871599,1,10.034330092871599,1,3.960351067800054e-16,1.0000849568075665,1.0000945777537733,1,-4.895189503627847,-4.3640594482421875,22.11521156507633,26.56047821044922,18.408147116274833,18.398094177246094,77.2496654672929,77.45124053955078,2.88116455078125,1.8596673313743595,0.9546462980392924,1,0,0,1,0
42,42,tv042_s042_k4_r0.7,4,0.699999988079071,1,23.54428482055664,combined20,2.80251306726707,10.326897852829628,10.08968633704501,11.424282005431435,1,10.023058810179498,1,10.023058810179498,1,3.4243054386264793e-16,0.9925045405269364,1.0000002558712222,1,-8.695882118016556,-7.7635955810546875,24.67746425867523,27.15276336669922,18.181388327941534,17.55571746826172,78.71586957414667,78.77835083007812,2.1805419921875,1.4114732699568016,0.9857161552239091,1,0,1,1,0
43,43,tv043_s043_k4_r0.7,4,0.699999988079071,1,31.78203010559082,robust20,4.177466575470671,10.309778931195527,10.193744250598096,11.297062630570432,1,10.011883163045459,1,10.011883163045459,1,2.0302402781437254e-16,1.0000004542002152,1.0000034993608422,1,-4.64079123797984,-4.195716857910156,23.520249437985342,25.275924682617188,16.215057170314196,15.729652404785156,77.49087184840099,77.49665832519531,3.6512222290039062,2.0030697772704658,0.9986685017107421,1,0,0,1,0
44,44,tv044_s044_k4_r0.7,4,0.699999988079071,1,25.887489318847656,combined20,4.68880452410876,10.987669704886436,10.165133677469544,11.265232293174456,1,10.15242956797531,1,7.009802471288472,0,5.808177030525258e-16,0.9955196097886313,1.0009530574257022,1,-4.480455715735474,-3.7693557739257812,24.753928796202388,26.123779296875,15.992276823044193,15.223312377929688,76.21323166206872,75.78254699707031,4.0577239990234375,2.00176867397502,1.1042526915531896,1,0,0,1,0
45,45,tv045_s045_k4_r0.8,4,0.800000011920929,1,17.196489334106445,balanced30,2.855169832741135,11.154235679080973,10.202411732807121,11.941920528900248,1,10.021194561407427,1,10.021194561407427,1,6.945175893348241e-16,0.9883704595327419,1.0000034711779766,1,-5.517826249284354,-5.853263854980469,23.8232654284051,26.968551635742188,16.605921276383,16.691375732421875,79.26077275895727,79.44502258300781,2.2800140380859375,1.2409181692031352,0.9584622614079519,1,0,1,1,0
46,46,tv046_s046_k4_r0.8,4,0.800000011920929,1,11.813552856445312,balanced30,3.896753012803631,11.972728740538795,10.17952817964767,12.526881152505487,1,10.006018371595431,1,10.006018371595431,1,2.2821068721676283e-16,0.9998976229671431,1.00000026441582,1,-5.6298079344979755,-5.107940673828125,25.169045957289136,26.022457122802734,14.921870161027869,14.477912902832031,78.0970925280478,78.25777435302734,2.9765701293945312,1.730243722984443,0.963677718196791,0,0,0,1,0
47,47,tv047_s047_k4_r0.8,4,0.800000011920929,1,39.343414306640625,combined20,5.187397375206774,12.314444591716851,10.580015416853023,13.399665111535583,1,10.0257803119352,1,10.0257803119352,1,4.0610455397665024e-16,0.9991459689816771,0.9999159229315691,1,-4.930288132170588,-4.126312255859375,26.839128735728366,25.88896942138672,19.715406027838142,19.49500274658203,78.31335915393132,78.6697998046875,1.3849868774414062,2.8268360708288816,0.9212042542392659,1,0,0,1,0
48,48,tv048_s048_k4_r0.9,4,0.8999999761581421,0,13.632284164428711,robust20,5.377950066929472,11.916958705621074,10.203832293908055,12.288390044167887,1,10.001615517616695,1,10.001615517616695,1,1.7280366070342443e-16,1.0000044864917286,0.9999865773119411,1,-10.501397935852594,-9.683868408203125,24.815133884755795,25.836284637451172,17.428076301274416,17.359634399414062,80.82247303253469,80.71208953857422,1.471221923828125,1.1703168677400844,1.0257424981334557,1,0,1,1,0
49,49,tv049_s049_k4_r0.9,4,0.8999999761581421,1,30.004592895507812,combined20,2.1747006938220856,13.10633426161406,10.267382744901326,13.880847540949548,1,10.030436509289931,1,10.030436509289931,1,8.355240242327641e-16,0.9991794985950682,0.999167001832652,1,-5.9075741857508035,-6.010063171386719,25.800515237972007,26.141742706298828,20.274022794044697,21.520477294921875,79.40848644970248,79.29544830322266,1.9349441528320312,1.3188517201753525,1.0263696813955927,1,1,1,1,1
50,50,tv050_s050_k4_r0.9,4,0.8999999761581421,1,16.084293365478516,combined20,3.5366034302654707,12.074771921545773,10.251748177364966,12.43470499023492,1,10.021441288946482,1,10.021441288946482,1,3.2271661139035494e-16,1.00009910390764,1.0000077340691476,1,-4.216205965626102,-4.1566314697265625,26.990466879444014,27.291980743408203,16.81676817319729,17.044448852539062,78.14317954364122,78.27981567382812,2.9124221801757812,2.904077063761827,0.9690281357479796,1,0,0,1,0
51,51,tv051_s051_k4_r1.0,4,1.0,0,19.107898712158203,robust20,3.8740632382060083,12.095163141720208,10.122152021921341,12.22370857891903,1,9.79727194711883,0,9.79727194711883,0,6.670003489263713e-16,0.9729961807830003,0.9726946739623881,1,-11.517920151017236,-11.941978454589844,24.714227706687325,25.745140075683594,16.87736143891827,16.819496154785156,82.10483418161283,82.15707397460938,0.40753936767578125,1.1279257230437434,0.9880433982334151,1,0,1,0,0
52,52,tv052_s052_k4_r1.0,4,1.0,1,28.844627380371094,robust20,2.873151476238642,13.46909911145355,10.178721003251837,14.003529411928588,1,9.671972945875119,0,9.671972945875119,0,6.550395244516796e-16,1.0000000000000002,0.9058683601222215,1,-6.6990532494430965,-6.145263671875,24.44869860320587,26.49142837524414,19.156308701530463,20.489822387695312,80.23668608029945,80.0868148803711,2.3082656860351562,2.1312306992707266,1.0351114675998587,1,1,0,0,0
53,53,tv053_s053_k4_r1.0,4,1.0,1,40.21367263793945,robust20,1.1069586410864514,12.228925308514697,10.017495238606532,13.305447736691123,1,8.21907170820095,0,8.21907170820095,0,3.9851600678142334e-16,0.9807464658504244,0.9939270216594798,1,-4.419468006615915,-3.5520477294921875,26.41148413689119,27.999279022216797,18.34417524993438,19.027847290039062,79.66900730268686,79.58289337158203,2.535491943359375,2.8423492746787966,1.0200263552126125,1,0,0,0,0
54,54,tv054_s054_k6_r0.5,6,0.5,1,27.88064956665039,balanced30,0.5370806391036165,10.47952697856255,10.143900496865834,11.308076459081827,1,10.006491625187138,1,10.006491625187138,1,6.502199166803856e-16,1.010320090534609,1.0038302418635416,1,-3.6342093975465133,-3.6708221435546875,22.979385434442165,25.401206970214844,12.160737106653528,13.32373046875,74.42822778652364,74.33011627197266,3.3246383666992188,2.5594857694099975,1.0228481204463011,0,0,0,1,0
55,55,tv055_s055_k6_r0.5,6,0.5,1,17.667423248291016,robust20,3.312386883770038,10.793017358521592,10.402774594699927,11.80737122133924,1,10.018652372557305,1,10.018652372557305,1,3.187693013196414e-16,1.0000021191782664,1.0000443137222699,1,-1.4804866832751031,-0.6715011596679688,21.759227193779623,25.298038482666016,14.621628731530706,15.031745910644531,75.08993289848856,75.02790069580078,3.1569976806640625,4.031996014416079,1.0143859383006724,1,0,0,1,0
56,56,tv056_s056_k6_r0.5,6,0.5,1,12.149877548217773,robust20,3.8976627613153165,10.619776426698506,10.19140538632599,11.160611381996176,1,10.022737235972228,1,10.022737235972228,1,7.472644142568736e-16,0.9990076130929895,1.0000022256952117,1,-1.863733666136767,-1.63714599609375,21.594419812533005,25.09362030029297,11.866480632115,10.242385864257812,72.32301006691092,72.56890106201172,4.7716064453125,1.8691117143513132,0.9449545064385853,0,0,0,1,0
57,57,tv057_s057_k6_r0.6,6,0.6000000238418579,1,15.85890007019043,combined20,1.6155034422697985,10.171216591425358,10.372591018978305,11.453695468920785,1,10.037734656217921,1,10.037734656217921,1,3.4645371764538407e-16,1.000014294556817,1.000039719346838,1,-5.811442170098772,-5.325904846191406,23.0359931917804,25.82311248779297,11.145336229906661,11.663246154785156,75.5826696892674,75.74362182617188,3.638336181640625,1.1415191353078666,0.9636177392002204,0,0,0,1,0
58,58,tv058_s058_k6_r0.6,6,0.6000000238418579,1,14.846776962280273,combined20,3.8110856121609267,9.563963709289336,10.56535399843488,11.045603213495328,1,10.014066058146229,1,10.014066058146229,1,3.359626982921397e-16,0.9993619487772593,1.0000057143929404,1,-4.52811806849877,-3.5195999145507812,23.014037158006218,25.100242614746094,14.34931613048758,15.665435791015625,75.30848966256463,75.58234405517578,3.2960128784179688,1.57567047658619,0.9388896698188709,1,0,0,1,0
59,59,tv059_s059_k6_r0.6,6,0.6000000238418579,1,18.34391975402832,robust20,-0.21236123959324743,10.343417647299242,10.306848090145444,11.05160905942248,1,10.013168167189834,1,10.013168167189834,1,4.646582848812018e-16,1.013810893103361,1.0005491470077572,1,-2.76767763716407,-2.8503341674804688,22.065733371579,25.71691131591797,16.792111744856086,16.7022705078125,75.09162684496927,74.94302368164062,3.8546066284179688,3.9832250370243476,1.0348092837865726,1,0,0,1,0
60,60,tv060_s060_k6_r0.7,6,0.699999988079071,1,20.716144561767578,combined20,3.4851635967059478,10.171021285476293,10.272187752319494,11.12190614179534,1,10.009217834567977,1,10.009217834567977,1,3.226288826465577e-16,1.0000003808896334,1.000171921590335,1,-6.414911273326226,-6.0379791259765625,23.456689906787076,25.268173217773438,15.954609153942215,16.47075653076172,76.3676823997439,76.61929321289062,2.9836959838867188,0.9352186527245646,0.9437107857939709,1,0,1,1,0
61,61,tv061_s061_k6_r0.7,6,0.699999988079071,1,12.227208137512207,robust20,-6.773218572341763,11.013946688776455,10.134808790599742,11.684908669918379,1,10.021652857480422,1,10.021652857480422,1,2.940165606354471e-16,1.0039761855692868,1.0002931178067314,1,-2.5612286779457776,-2.8366851806640625,22.60273440623886,26.336708068847656,17.642191767642686,15.77154541015625,75.70546257465115,75.81989288330078,2.9258499145507812,3.418172525808353,0.9739955420621361,1,0,0,1,0
62,62,tv062_s062_k6_r0.7,6,0.699999988079071,1,20.797767639160156,balanced30,1.134431884886485,10.930824400156506,10.223512307653436,11.667311613519933,1,10.024489244791488,1,10.024489244791488,1,6.560955942019987e-16,0.9999549667667779,1.0000797487834983,1,-3.260211386889125,-3.2179641723632812,24.846560479313666,26.09333038330078,17.466045191942726,17.611404418945312,75.78310083706924,76.43120574951172,2.789520263671875,2.077243150458262,0.8613695374321578,1,0,0,1,0
63,63,tv063_s063_k6_r0.8,6,0.800000011920929,1,24.461172103881836,balanced30,-0.5689346624334831,11.46564013853844,10.236992634259147,12.653280235701912,1,10.022524870700265,1,10.022524870700265,1,2.8778284527444756e-16,1.000001423683601,1.00000121782521,1,-5.39994784370991,-5.376800537109375,23.422720232045748,25.111366271972656,18.216973365787965,19.028282165527344,76.6754930688619,76.99879455566406,2.6730728149414062,0.9461882109125506,0.9282604591339927,1,0,1,1,0
64,64,tv064_s064_k6_r0.8,6,0.800000011920929,1,12.309439659118652,combined20,-1.1872101959451784,12.269868986024196,10.241592268528741,12.821017116234215,1,10.026480320410649,1,10.026480320410649,1,4.790449571912817e-16,1.0083492256515432,1.016505484235614,1,-3.7440960095174347,-2.096771240234375,23.474582487962323,26.708938598632812,17.133352523496754,16.88616180419922,76.70487251929288,76.49317169189453,2.4614410400390625,3.04817891770032,1.049953541430839,1,0,0,1,0
65,65,tv065_s065_k6_r0.8,6,0.800000011920929,1,13.17031192779541,balanced30,2.960914086820327,10.757637368157608,10.240970423521249,11.747191336449092,1,9.934489843265828,0,9.934489843265828,0,6.110678824756663e-16,1.000008612137185,1.0000002819122111,1,-4.026932171449616,-3.430633544921875,24.760397912313906,25.969989776611328,14.046927470150877,13.557754516601562,76.64144000917675,77.0455093383789,2.5844802856445312,3.692111113736753,0.9111566875506245,0,0,0,0,0
66,66,tv066_s066_k6_r0.9,6,0.8999999761581421,1,13.747703552246094,combined20,0.1798658840346808,11.997393499482143,10.121715587228612,12.958933223134485,1,10.005391617905591,1,10.005391617905591,1,6.926575046644099e-16,1.0000007187459807,1.0000141206360054,1,-8.628462811826935,-8.433662414550781,26.54231899665544,26.49333953857422,14.171391398248943,14.59393310546875,78.9778806548031,78.6099853515625,1.1283721923828125,1.2362831554207767,1.0884024991602608,0,0,1,1,0
67,67,tv067_s067_k6_r0.9,6,0.8999999761581421,1,16.97910499572754,balanced30,5.414816820772284,11.193711304791865,10.16693193750786,11.962537235980209,1,10.006116612013097,1,10.006116612013097,1,4.1870342800134167e-16,1.000011664255167,1.0000115514841255,1,-2.440349290169337,-2.22613525390625,25.15802847661284,25.2147216796875,17.390803349060803,16.661582946777344,77.00680405078923,76.9585952758789,3.449462890625,2.9917055133508477,1.0111623195834447,1,0,0,1,0
68,68,tv068_s068_k6_r0.9,6,0.8999999761581421,1,10.474303245544434,robust20,0.8585433643941611,10.315196449732856,10.279862679126143,11.17466954805537,1,10.039702697075708,1,10.039702697075708,1,2.9480366473130703e-16,0.9973398007644307,1.0000022982695862,1,-4.435240265914729,-4.146522521972656,22.16771351948597,26.0032958984375,8.89679265136921,8.576301574707031,76.87008611178369,76.335205078125,4.566810607910156,2.2818364630183376,1.1310664055932578,0,0,0,1,0
69,69,tv069_s069_k6_r1.0,6,1.0,1,10.33251953125,balanced30,-1.0860411826675147,12.047985138951592,10.01649732553119,12.425650552768593,1,8.384145461056477,0,8.384145461056477,0,5.004554528935552e-16,1.009768415893839,1.029544805656676,1,-6.09065099582331,-4.674797058105469,24.771761292177786,27.7347412109375,7.94907879539663,7.92083740234375,77.73302187183707,77.35478973388672,4.726417541503906,2.9113015457941405,1.090996139397111,0,0,0,0,0
70,70,tv070_s070_k6_r1.0,6,1.0,1,11.964655876159668,robust20,1.974794109785378,13.05885519453146,10.194974178445136,13.735094531722174,1,9.640334546613083,0,9.640334546613083,0,5.261719012704018e-16,1.0071311147234916,1.0001853179757076,1,-2.0523113485785416,-0.5439987182617188,20.650535982238992,26.00925064086914,13.873218918315416,11.324668884277344,77.13429333505823,76.87013244628906,3.266204833984375,3.503032084595942,1.0627132339563647,0,0,0,0,0
71,71,tv071_s071_k6_r1.0,6,1.0,1,19.30621910095215,robust20,-1.4312893204892312,12.69656854966265,10.104165558242581,13.528970733089558,1,9.221150042734385,0,9.221150042734385,0,7.967677906695601e-16,1.000397064977978,1.0000042586024003,1,-3.843599110967048,-3.7947006225585938,25.53257896258996,27.041259765625,18.57212662448339,20.778732299804688,77.38358827845475,76.65489959716797,4.353584289550781,2.763125930763282,1.1826843993691718,1,1,0,0,0
72,72,tv072_s072_k6_r0.5,6,0.5,0,7.932348728179932,robust20,-0.7212163331924009,10.984640869265823,10.10189991932693,12.229918718954291,1,10.032663726287023,1,10.032663726287023,1,5.283881721837391e-16,0.9947324664956946,1.0091077536001931,1,1.3904170145058856,5.5560150146484375,29.381302501339817,25.525291442871094,4.21192967707961,9.303550720214844,76.4128824426503,74.63159942626953,6.227783203125,3.453986902855923,1.5070522219929734,0,0,0,1,0
73,72,tv073_s072_k6_r0.6,6,0.6000000238418579,0,7.932348728179932,robust20,-6.007033549527772,10.754661228287677,10.01980408633727,12.28750697708271,1,10.007513752975939,1,10.007513752975939,1,5.450911343941528e-16,1.0005368825404655,1.017449576500337,1,-0.1534898701850551,5.228538513183594,31.15264511893234,25.730335235595703,3.848039862420194,9.52166748046875,77.29840198840782,75.11711120605469,6.220619201660156,3.453986902855923,1.6524528567469563,0,0,0,1,0
74,72,tv074_s072_k6_r0.7,6,0.699999988079071,0,7.932348728179932,robust20,-4.561639300909143,11.59412673835928,10.018069163699227,12.527138397191786,1,10.018959403931065,1,10.018959403931065,1,6.080293504369528e-16,0.9996683359742418,1.0242333967618102,1,-1.2750530105621607,5.063117980957031,29.472004249536383,25.854206085205078,3.640058513158749,10.181976318359375,77.89516703848727,75.46131896972656,6.107513427734375,3.453986902855923,1.7513978283845972,0,0,0,1,0
75,72,tv075_s072_k6_r0.8,6,0.800000011920929,0,7.932348728179932,robust20,-7.833792371238023,12.909575926702068,10.008939298369208,12.921778794722334,1,9.484353216669298,0,9.484353216669298,0,5.279943558178882e-16,0.9718361506674134,1.0139404561235472,1,-2.7010895184265706,4.3894805908203125,29.270633523526094,26.036998748779297,3.566304205483945,10.839973449707031,78.80149220815737,76.19850158691406,5.8751983642578125,3.4270878226121595,1.8209543652599074,0,0,0,0,0
76,72,tv076_s072_k6_r0.9,6,0.8999999761581421,0,7.932348728179932,robust20,-11.301038297057575,12.817420929126648,10.047927336798816,13.041902162824922,1,9.346573889102416,0,9.346573889102416,0,6.138046431227478e-16,0.9905976282906046,1.017039938099563,1,-6.302006850203597,3.0086517333984375,29.081548442370966,26.27637481689453,3.5804003180904402,12.1466064453125,79.53990329469364,76.45860290527344,6.2611236572265625,3.4270878226121595,2.0329656420319915,0,0,0,0,0
77,72,tv077_s072_k6_r1.0,6,1.0,0,7.932348728179932,robust20,-10.8290811173341,13.894638807615925,10.088703503213596,13.17768274749641,1,9.430821824409119,0,9.430821824409119,0,8.874933621428493e-16,0.9754443531247874,1.0217936044374383,1,-8.935873352724073,0.7596893310546875,29.40447085488301,26.509132385253906,3.676796320753951,13.831535339355469,80.24991789777316,76.9484634399414,6.2277984619140625,3.4270878226121595,2.1386782156777318,0,0,0,0,0
78,73,tv078_s073_k6_r0.5,6,0.5,0,9.35646915435791,robust20,-5.587726393185392,11.725899001021162,10.33232464950938,12.61921527999167,1,10.01229815563389,1,-16.906595959862905,0,2.7782556574445043e-16,1.002838930297339,1.0290462953792219,1,1.2474977719395923,1.7072601318359375,32.77179674694402,25.55352020263672,6.131978907713133,5.519004821777344,76.86659105775936,75.9849853515625,3.2426300048828125,2.6560172291730035,1.2250690572814296,0,0,0,1,0
79,73,tv079_s073_k6_r0.6,6,0.6000000238418579,0,9.35646915435791,robust20,-5.741442268213609,11.65813208458977,10.109467108293277,12.759964725591594,1,9.299198536868845,0,-7.662176754359203,0,3.037033007916984e-16,1.0042975594569008,1.048833490193717,1,0.47896856855594194,1.4596328735351562,33.44438397220479,26.38330841064453,7.018385896709532,7.128013610839844,77.43115622741858,76.341796875,3.6444244384765625,2.6560172291730035,1.28509707543483,0,0,0,0,0
80,73,tv080_s073_k6_r0.7,6,0.699999988079071,0,9.35646915435791,robust20,-1.7816790667715252,12.592961869676124,10.236992954646482,13.327212590958709,1,9.531846386665894,0,3.3562486258360744,0,6.063040548638561e-16,1.0000747183578116,1.0335019574265014,1,-0.06862804125988475,1.62890625,37.14919981179941,26.68543243408203,6.48095288899043,8.169265747070312,78.21115096125587,77.03178405761719,3.797393798828125,2.6560172291730035,1.3120086259389798,0,0,0,0,0
81,73,tv081_s073_k6_r0.8,6,0.800000011920929,0,9.35646915435791,robust20,-2.1932351218001793,12.623707321163849,10.228021669264354,13.262406184726602,1,9.506123195708248,0,-0.5802969326753362,0,2.748970853517442e-16,1.000001272369093,1.042831222371483,1,-1.7680250681150653,0.5755157470703125,35.512666159109806,25.181304931640625,6.0753395133242805,9.391281127929688,78.8718846374313,77.64523315429688,3.675140380859375,2.6560172291730035,1.3263713985317693,0,0,0,0,0
82,73,tv082_s073_k6_r0.9,6,0.8999999761581421,0,9.35646915435791,robust20,-9.137904598150268,12.810845601500287,10.052299832125533,13.258670303081022,1,8.91394303736466,0,-2.1262292663463085,0,3.0272468084046825e-16,1.0003656702784183,1.0365072443669996,1,-3.6998289078126163,0.275787353515625,34.58728446855861,25.043807983398438,5.959184192235043,10.745941162109375,79.388331593711,77.76644134521484,4.149833679199219,2.6560172291730035,1.4527437806349561,0,0,0,0,0
83,73,tv083_s073_k6_r1.0,6,1.0,0,9.35646915435791,robust20,-0.814550894364165,13.514773304925402,10.194097427149849,13.512419376470284,1,9.20657676117599,0,7.694517601529711,0,3.40765428008767e-16,0.997776970365337,1.0456287932553823,1,-7.962711833569287,-1.139556884765625,35.35546306221806,25.08507537841797,6.093327319073609,11.304092407226562,80.20546827722553,78.56300354003906,4.197235107421875,3.076876315557972,1.4596424113102144,0,0,0,0,0
84,74,tv084_s074_k6_r0.5,6,0.5,1,9.55578899383545,robust20,0.7411526647769691,10.131344415794434,10.428042681132938,12.085472041751915,1,9.491467465699156,0,9.491467465699156,0,5.363693294505798e-16,1.0000012352064633,1.003129769537778,1,5.972039836061256,7.748466491699219,30.254477196627647,27.275001525878906,4.645030267738463,7.3280792236328125,72.68265270982637,71.05986785888672,8.347572326660156,4.402158364967071,1.4530430618955674,0,0,0,0,0
85,74,tv085_s074_k6_r0.6,6,0.6000000238418579,1,9.55578899383545,robust20,-1.016131246261925,10.464831126030676,10.020898774001342,12.217436492744497,1,8.340667039627514,0,6.185994298216945,0,5.417890847201107e-16,1.0000001393632636,1.0048453755053692,1,5.327003147183802,7.364234924316406,32.03768521427705,26.596290588378906,5.9498702148809315,7.682060241699219,73.20663902828099,71.57449340820312,8.196456909179688,4.402158364967071,1.4561783238382855,0,0,0,0,0
86,74,tv086_s074_k6_r0.7,6,0.699999988079071,1,9.55578899383545,robust20,-1.745946885909203,10.346126972923031,10.058771616415545,12.416456679988805,1,9.158142154706164,0,-1.644206136208968,0,5.240300067499984e-16,1.0002776366204127,1.0050332931087076,1,4.154814063484764,6.7630767822265625,34.4032853120825,26.498130798339844,7.154321515238152,8.106765747070312,73.62732068738458,72.06495666503906,8.213890075683594,4.402158364967071,1.4329677032985617,0,0,0,0,0
87,74,tv087_s074_k6_r0.8,6,0.800000011920929,1,9.55578899383545,robust20,-1.9228051211467823,9.992897743038792,10.13838714346851,12.145243262224145,1,8.030974364832291,0,3.8857329833740604,0,5.387209402085076e-16,1.000000000185792,1.0102856334151133,1,3.904379471971737,5.518272399902344,35.00179158702632,26.463878631591797,7.692504396603738,9.404487609863281,74.38389208059999,73.2288589477539,7.646659851074219,4.402158364967071,1.3046779221460283,0,0,0,0,0
88,74,tv088_s074_k6_r0.9,6,0.8999999761581421,1,9.55578899383545,robust20,-3.0937799059255218,9.998382130345622,9.912050504117676,12.294370629060914,0,8.82663896396578,0,1.809633451844819,0,4.166685206190843e-16,1.0000010263180164,1.0049826188931124,1,2.519185620251875,5.255653381347656,35.210811453830935,26.46369171142578,7.294226383735705,11.522987365722656,75.10266346516933,73.41966247558594,8.050132751464844,4.402158364967071,1.4733302269449868,0,0,0,0,0
89,74,tv089_s074_k6_r1.0,6,1.0,1,9.55578899383545,combined20,-2.6356524655664932,10.018233375261786,8.708146037246356,12.37731431327573,0,8.306429421867698,0,-7.673998172652778,0,6.570371984988872e-16,1.0084033532104282,1.0456035907019976,1,-1.6506303157208038,1.3673171997070312,36.298659730443454,26.525253295898438,7.141865836910739,13.336174011230469,76.00937126474332,74.33299255371094,7.580047607421875,4.402158364967071,1.471085351961783,0,0,0,0,0
90,75,tv090_s075_k6_r0.5,6,0.5,1,5.827727317810059,robust20,-12.34915392319474,8.17490767224056,9.88100551486715,11.229810466778694,0,9.37485183078348,0,4.316659095335847,0,6.495243639250022e-16,9.45337708554164,12.14311568613574,0,2.1110792996527863,12.606376647949219,11.42765253344399,6.185817718505859,1.170371771255418,1.17919921875,73.00189692380977,64.8896484375,6.049568176269531,4.910383300107722,6.47477749652446,0,0,0,0,0
91,75,tv091_s075_k6_r0.6,6,0.6000000238418579,1,5.827727317810059,robust20,-20.50837035093982,8.100240810588588,9.66546102310353,11.357917175344918,0,9.0721951024356,0,-5.783505936556729,0,4.754466052069898e-16,9.493775685493665,11.964217458922507,0,0.14919052797108634,10.5767822265625,11.404580912673424,5.934196472167969,1.2634573060357042,1.1705780029296875,74.46983088544036,66.5254135131836,5.689567565917969,2.5099929705954445,6.229335721725156,0,0,0,0,0
92,75,tv092_s075_k6_r0.7,6,0.699999988079071,1,5.827727317810059,combined20,-15.452451933696258,8.165207256014751,8.574269816346877,11.412630297273695,0,8.418488352713533,0,-14.40116047536411,0,1.1321153007740609e-15,10.356216821193462,11.643061574212092,0,-0.060124502306507566,7.571907043457031,11.357160161605435,4.954521179199219,1.4511749797341196,0.8514328002929688,75.29629747895447,68.9171142578125,6.0003662109375,3.468360008008721,4.344285133949847,0,0,0,0,0
93,75,tv093_s075_k6_r0.8,6,0.800000011920929,1,5.827727317810059,robust20,-15.999958896066735,8.323149350274827,8.864243492555353,11.437751366264804,0,8.565069681470742,0,-10.356835633910233,0,6.759602857883336e-16,9.332702061006916,11.705436449992161,0,-0.39967243952727927,11.098831176757812,11.368723854090646,5.811439514160156,1.6722967490763523,1.334503173828125,75.78807049957264,67.10823059082031,6.5646514892578125,4.626011968602133,7.378770297301782,0,0,0,0,0
94,75,tv094_s075_k6_r0.9,6,0.8999999761581421,1,5.827727317810059,robust20,-14.408129150634384,8.529853167574377,9.324848877594597,11.56581824548438,0,8.673328713712333,0,-5.803985344659779,0,6.417804238412336e-16,9.423387653068486,11.551602380799732,0,-1.618570923165393,9.160835266113281,11.327152139514482,5.655006408691406,1.9418408053600018,1.3870620727539062,76.46614111120343,68.84249114990234,6.26458740234375,4.626011968602133,5.785821035745513,0,0,0,0,0
95,75,tv095_s075_k6_r1.0,6,1.0,1,5.827727317810059,robust20,-11.683116586221908,9.283584194781868,9.043833053907655,12.207594723457781,0,8.638665714973863,0,-11.46722923640419,0,5.210289450601568e-16,8.981223062597211,11.487406674015697,0,-2.0160017058172457,11.388725280761719,11.306572063883607,6.0572357177734375,2.272513790373779,1.67047119140625,77.39124743798443,69.49488067626953,5.070762634277344,4.626011968602133,6.160793840379401,0,0,0,0,0
