priority,role,candidate_index,sample_index,k,ratio,large_scan,min_target_separation_deg,combined_active_rl_db,task_significant_active_rl_db,psll_db,nearest_iso_db,local_iso_db,target_spread_db,pointing_error_deg,strict_engineering_gate
95.0,sparse_joint_positive,0,0,1,0.5,0,180.0,10.061497197317362,10.061497197317362,-11.679611206054688,300.0,300.0,0.0,0.14562266994235282,1
95.0,sparse_joint_positive,1,1,1,0.5,1,180.0,10.078393326118906,10.078393326118906,-7.4051971435546875,300.0,300.0,0.0,0.8980526058080087,1
93.99999976158142,sparse_joint_positive,3,3,1,0.6000000238418579,0,180.0,10.10054500263007,10.10054500263007,-12.876640319824219,300.0,300.0,0.0,0.5496264301824973,1
93.99999976158142,sparse_joint_positive,4,4,1,0.6000000238418579,1,180.0,10.089262467787004,10.089262467787004,-7.5146484375,300.0,300.0,0.0,1.0252361621203891,1
93.00000011920929,sparse_joint_positive,6,6,1,0.699999988079071,0,180.0,10.074475662118909,10.074475662118909,-14.683189392089844,300.0,300.0,0.0,0.20697620061100674,1
93.00000011920929,sparse_joint_positive,7,7,1,0.699999988079071,1,180.0,10.157066477780308,10.157066477780308,-6.491523742675781,300.0,300.0,0.0,1.3845858306192576,1
91.99999988079071,sparse_joint_positive,9,9,1,0.800000011920929,0,180.0,10.007942460199537,10.007942460199537,-15.440147399902344,300.0,300.0,0.0,0.07042196553748933,1
91.00000023841858,sparse_joint_positive,49,49,4,0.8999999761581421,1,30.004592895507812,10.267382744901326,10.030436509289931,-6.010063171386719,26.141742706298828,21.520477294921875,1.9349441528320312,1.3188517201753525,1
50.0,ratio1_control_positive,15,15,1,1.0,0,180.0,10.298470276635914,10.298470276635914,-16.07929229736328,300.0,300.0,0.0,0.49065293878195976,1
50.0,ratio1_control_positive,16,16,1,1.0,1,180.0,11.152163669248178,11.152163669248178,-6.832008361816406,300.0,300.0,0.0,0.9547866084431431,1
50.0,ratio1_control_positive,33,33,2,1.0,0,39.66925811767578,10.239922146012375,10.02827869512948,-13.898452758789062,36.88571548461914,30.72249984741211,0.0578765869140625,0.4677607853623416,1
41.902828216552734,k6_active_positive_direction_failure,63,63,6,0.800000011920929,1,24.461172103881836,10.236992634259147,10.022524870700265,-5.376800537109375,25.111366271972656,19.028282165527344,2.6730728149414062,0.9461882109125506,0
41.76114044189453,k6_active_positive_direction_failure,62,62,6,0.699999988079071,1,20.797767639160156,10.223512307653436,10.024489244791488,-3.2179641723632812,26.09333038330078,17.611404418945312,2.789520263671875,2.077243150458262,0
41.68861618041992,k6_active_positive_direction_failure,64,64,6,0.800000011920929,1,12.309439659118652,10.241592268528741,10.026480320410649,-2.096771240234375,26.708938598632812,16.88616180419922,2.4614410400390625,3.04817891770032,0
41.67022705078125,k6_active_positive_direction_failure,59,59,6,0.6000000238418579,1,18.34391975402832,10.306848090145444,10.013168167189834,-2.8503341674804688,25.71691131591797,16.7022705078125,3.8546066284179688,3.9832250370243476,0
41.666158294677736,k6_active_positive_direction_failure,67,67,6,0.8999999761581421,1,16.97910499572754,10.16693193750786,10.006116612013097,-2.22613525390625,25.2147216796875,16.661582946777344,3.449462890625,2.9917055133508477,0
41.64707565307617,k6_active_positive_direction_failure,60,60,6,0.699999988079071,1,20.716144561767578,10.272187752319494,10.009217834567977,-6.0379791259765625,25.268173217773438,16.47075653076172,2.9836959838867188,0.9352186527245646,0
41.577154541015624,k6_active_positive_direction_failure,61,61,6,0.699999988079071,1,12.227208137512207,10.134808790599742,10.021652857480422,-2.8366851806640625,26.336708068847656,15.77154541015625,2.9258499145507812,3.418172525808353,0
41.56654357910156,k6_active_positive_direction_failure,58,58,6,0.6000000238418579,1,14.846776962280273,10.56535399843488,10.014066058146229,-3.5195999145507812,25.100242614746094,15.665435791015625,3.2960128784179688,1.57567047658619,0
41.50317459106445,k6_active_positive_direction_failure,55,55,6,0.5,1,17.667423248291016,10.402774594699927,10.018652372557305,-0.6715011596679688,25.298038482666016,15.031745910644531,3.1569976806640625,4.031996014416079,0
41.45939331054687,k6_active_positive_direction_failure,66,66,6,0.8999999761581421,1,13.747703552246094,10.121715587228612,10.005391617905591,-8.433662414550781,26.49333953857422,14.59393310546875,1.1283721923828125,1.2362831554207767,0
41.332373046875,k6_active_positive_direction_failure,54,54,6,0.5,1,27.88064956665039,10.143900496865834,10.006491625187138,-3.6708221435546875,25.401206970214844,13.32373046875,3.3246383666992188,2.5594857694099975,0
41.166324615478516,k6_active_positive_direction_failure,57,57,6,0.6000000238418579,1,15.85890007019043,10.372591018978305,10.037734656217921,-5.325904846191406,25.82311248779297,11.663246154785156,3.638336181640625,1.1415191353078666,0
41.02423858642578,k6_active_positive_direction_failure,56,56,6,0.5,1,12.149877548217773,10.19140538632599,10.022737235972228,-1.63714599609375,25.09362030029297,10.242385864257812,4.7716064453125,1.8691117143513132,0
41.01819763183594,k6_active_positive_direction_failure,74,72,6,0.699999988079071,0,7.932348728179932,10.018069163699227,10.018959403931065,5.063117980957031,25.854206085205078,10.181976318359375,6.107513427734375,3.453986902855923,0
40.95216674804688,k6_active_positive_direction_failure,73,72,6,0.6000000238418579,0,7.932348728179932,10.01980408633727,10.007513752975939,5.228538513183594,25.730335235595703,9.52166748046875,6.220619201660156,3.453986902855923,0
40.930355072021484,k6_active_positive_direction_failure,72,72,6,0.5,0,7.932348728179932,10.10189991932693,10.032663726287023,5.5560150146484375,25.525291442871094,9.303550720214844,6.227783203125,3.453986902855923,0
40.8576301574707,k6_active_positive_direction_failure,68,68,6,0.8999999761581421,1,10.474303245544434,10.279862679126143,10.039702697075708,-4.146522521972656,26.0032958984375,8.576301574707031,4.566810607910156,2.2818364630183376,0
40.551900482177736,k6_active_positive_direction_failure,78,73,6,0.5,0,9.35646915435791,10.33232464950938,10.01229815563389,1.7072601318359375,25.55352020263672,5.519004821777344,3.2426300048828125,2.6560172291730035,0
29.94481506347656,active_positive_direction_boundary,43,43,4,0.699999988079071,1,31.78203010559082,10.193744250598096,10.011883163045459,-4.195716857910156,25.275924682617188,15.729652404785156,3.6512222290039062,2.0030697772704658,0
29.899000549316405,active_positive_direction_boundary,47,47,4,0.800000011920929,1,39.343414306640625,10.580015416853023,10.0257803119352,-4.126312255859375,25.88896942138672,19.49500274658203,1.3849868774414062,2.8268360708288816,0
29.894387817382814,active_positive_direction_boundary,26,26,2,0.699999988079071,1,55.273494720458984,10.146897410838122,10.072741846525101,-5.718498229980469,30.799213409423828,20.528060913085938,3.3627548217773438,2.4851305324312665,0
29.85103759765625,active_positive_direction_boundary,20,20,2,0.5,1,54.766170501708984,10.145728746905485,10.022956516944607,-6.474021911621094,25.74481201171875,17.852920532226562,2.6151962280273438,0.7989188925666157,0
29.832743072509764,active_positive_direction_boundary,48,48,4,0.8999999761581421,0,13.632284164428711,10.203832293908055,10.001615517616695,-9.683868408203125,25.836284637451172,17.359634399414062,1.471221923828125,1.1703168677400844,0
29.827546691894533,active_positive_direction_boundary,39,39,4,0.6000000238418579,0,15.059062004089355,10.420822267420867,10.031765821924324,-8.101737976074219,25.862266540527344,17.59833526611328,1.1472702026367188,1.2551908139937036,0
29.80257568359375,active_positive_direction_boundary,31,31,2,0.8999999761581421,1,35.052467346191406,10.386598407380864,10.031072260164539,-3.3123626708984375,30.49837875366211,20.98712158203125,1.7291107177734375,2.877363310332569,0
29.795508575439452,active_positive_direction_boundary,46,46,4,0.800000011920929,1,11.813552856445312,10.17952817964767,10.006018371595431,-5.107940673828125,26.022457122802734,14.477912902832031,2.9765701293945312,1.730243722984443,0
29.778657531738283,active_positive_direction_boundary,25,25,2,0.699999988079071,1,80.07714080810547,10.136191296043824,10.02571050330824,-6.388450622558594,26.106712341308594,18.853553771972656,2.7741012573242188,0.9141719072705323,0
29.775244140625,active_positive_direction_boundary,44,44,4,0.699999988079071,1,25.887489318847656,10.165133677469544,10.15242956797531,-3.7693557739257812,26.123779296875,15.223312377929688,4.0577239990234375,2.00176867397502,0
29.772442626953126,active_positive_direction_boundary,22,22,2,0.6000000238418579,1,28.5905818939209,10.293429862327518,10.010414600094224,-5.684730529785156,26.226341247558594,21.137786865234375,1.3451385498046875,1.8942304360002395,0
29.759521484375,active_positive_direction_boundary,18,18,2,0.5,0,30.836536407470703,10.205918356736454,10.037147676334918,-11.364334106445312,26.202392578125,17.497970581054688,0.879058837890625,0.6236221555346833,0
29.75419692993164,active_positive_direction_boundary,37,37,4,0.5,1,21.323556900024414,10.098408573181349,10.039146967541623,-4.457725524902344,26.229015350341797,15.156974792480469,3.1083450317382812,1.3035024464225893,0
29.687904357910156,active_positive_direction_boundary,41,41,4,0.6000000238418579,1,24.257118225097656,10.128039472718456,10.034330092871599,-4.3640594482421875,26.56047821044922,18.398094177246094,2.88116455078125,1.8596673313743595,0
29.67843017578125,active_positive_direction_boundary,23,23,2,0.6000000238418579,1,70.64033508300781,10.13372077247956,10.058695129353985,-5.300682067871094,27.435012817382812,18.39215087890625,2.524169921875,1.290335458576411,0
29.67510070800781,active_positive_direction_boundary,36,36,4,0.5,0,21.625534057617188,10.191635926152859,10.003516247005692,-5.523590087890625,26.624496459960938,16.64501190185547,1.2245864868164062,1.2970200492789796,0
29.606289672851563,active_positive_direction_boundary,45,45,4,0.800000011920929,1,17.196489334106445,10.202411732807121,10.021194561407427,-5.853263854980469,26.968551635742188,16.691375732421875,2.2800140380859375,1.2409181692031352,0
29.599895477294922,active_positive_direction_boundary,40,40,4,0.6000000238418579,1,13.3247652053833,10.194650756860359,10.05014799320949,-2.7686309814453125,27.00052261352539,15.534614562988281,2.263671875,2.992590094908055,0
29.59430389404297,active_positive_direction_boundary,38,38,4,0.5,1,13.506495475769043,10.630020969025153,10.065855570155826,-2.2770462036132812,27.028480529785156,12.769401550292969,3.8401031494140625,2.1649483832744005,0
29.587625885009764,active_positive_direction_boundary,28,28,2,0.800000011920929,1,55.8316764831543,10.12079248108671,10.01353278195962,-6.2293243408203125,27.221908569335938,22.061870574951172,2.3656997680664062,1.9707308196750868,0
29.57063446044922,active_positive_direction_boundary,29,29,2,0.800000011920929,1,82.30632781982422,10.370183649245334,10.079239015209243,-5.069221496582031,27.507896423339844,22.146827697753906,0.01662445068359375,1.597575792829073,0
29.569447326660157,active_positive_direction_boundary,42,42,4,0.699999988079071,1,23.54428482055664,10.08968633704501,10.023058810179498,-7.7635955810546875,27.15276336669922,17.55571746826172,2.1805419921875,1.4114732699568016,0
29.54160385131836,active_positive_direction_boundary,50,50,4,0.8999999761581421,1,16.084293365478516,10.251748177364966,10.021441288946482,-4.1566314697265625,27.291980743408203,17.044448852539062,2.9124221801757812,2.904077063761827,0
29.54143371582031,active_positive_direction_boundary,34,34,2,1.0,1,57.99696350097656,10.142797727754543,10.054201989846309,-6.40948486328125,27.292831420898438,22.370742797851562,0.8674163818359375,2.5174806211155727,0
29.392120361328125,active_positive_direction_boundary,19,19,2,0.5,1,53.63685989379883,10.126672277896647,10.019653218049058,-6.695732116699219,28.039398193359375,12.660575866699219,2.7294235229492188,0.8411287694562455,0
29.384857177734375,active_positive_direction_boundary,8,8,1,0.699999988079071,1,180.0,10.10297282195397,10.10297282195397,-1.845428466796875,300.0,300.0,0.0,2.5428462981266486,0
29.346146392822266,active_positive_direction_boundary,21,21,2,0.6000000238418579,0,33.27549362182617,10.263478348191619,10.02923120176293,-10.538597106933594,28.269268035888672,13.13970947265625,1.0743179321289062,0.7111897233648972,0
29.15673065185547,active_positive_direction_boundary,11,11,1,0.800000011920929,1,180.0,10.212641246552167,10.212641246552167,-2.5298080444335938,300.0,300.0,0.0,2.760445706738533,0
29.113238016764324,active_positive_direction_boundary,2,2,1,0.5,1,180.0,10.103363092805404,10.103363092805404,-2.6602859497070312,300.0,300.0,0.0,2.5496217584821763,0
28.911094665527344,active_positive_direction_boundary,14,14,1,0.8999999761581421,1,180.0,10.024556524545376,10.024556524545376,-3.2667160034179688,300.0,300.0,0.0,3.2897878953569832,0
28.55516306559245,active_positive_direction_boundary,10,10,1,0.800000011920929,1,180.0,10.111661970280043,10.111661970280043,-4.334510803222656,300.0,300.0,0.0,2.0118263814711503,0
28.456871032714844,active_positive_direction_boundary,5,5,1,0.6000000238418579,1,180.0,10.131025848927194,10.131025848927194,-4.629386901855469,300.0,300.0,0.0,1.9142127638097035,0
28.16179656982422,active_positive_direction_boundary,13,13,1,0.8999999761581421,1,180.0,10.138277990475913,10.138277990475913,-5.514610290527344,300.0,300.0,0.0,1.8233174671618,0
