stimulus_index,side,window_role,window_x0,window_y0,window_score,sample_index,scene_class,k_value,ratio,frequency_ghz,state_name,source_type,task_index,local_active_count,active_rl_db,total_rl_db,incident_power,accepted_power,radiated_power_from_eep,integrated_accepted_to_radiated_efficiency,integrated_transducer_efficiency
0,2,corner,14,14,0.4495838273688229,426105,near_boundary,2,0.800000011920929,9.96,frequency_low_identity,combined,-1,3,4.420696255801195,11.40652891252172,1.000000007836031,0.9276652366270205,0.8805202375279403,0.9491788662141757,0.8805202306281565
1,2,corner,14,14,0.4495838273688229,426105,near_boundary,2,0.800000011920929,9.96,frequency_low_identity,task,0,3,8.476846569207497,9.999257749689624,1.0000000596220833,0.8999829612532713,0.8646828326136458,0.9607768922753067,0.864682781059457
2,2,corner,14,14,0.4495838273688229,426105,near_boundary,2,0.800000011920929,9.96,frequency_low_identity,task,1,3,8.497499704607892,12.143470029771372,1.0000000201619896,0.9389546114493199,0.8918116165641075,0.9497920407329966,0.8918115985834113
3,2,corner,14,14,0.4495838273688229,426105,near_boundary,2,0.800000011920929,9.96,frequency_low_E2_source,combined,-1,3,4.392313525180557,11.493385583199833,1.000000059341298,0.9290975725798392,0.8817376668034147,0.9490259073167961,0.88173761447996
4,2,corner,14,14,0.4495838273688229,426105,near_boundary,2,0.800000011920929,9.96,frequency_low_E2_source,task,0,3,8.43674762451249,10.001223907681517,0.9999999924833718,0.9000281707800333,0.8646188164003823,0.9606575043657105,0.8646188228994005
5,2,corner,14,14,0.4495838273688229,426105,near_boundary,2,0.800000011920929,9.96,frequency_low_E2_source,task,1,3,8.517613479357466,12.061165850875533,0.9999999697782831,0.9377866463692279,0.8905941708846321,0.9496767461263091,0.8905941977999179
15,2,corner,14,14,0.4495838273688229,426109,near_boundary,2,0.6000000238418579,9.96,frequency_low_identity,combined,-1,2,11.290530158362182,10.415478546906717,1.0000000157702502,0.9091233986308715,0.8708301541822625,0.9578789364499053,0.8708301404490533
16,2,corner,14,14,0.4495838273688229,426109,near_boundary,2,0.6000000238418579,9.96,frequency_low_identity,task,0,2,9.90909335369826,11.880798629707737,0.9999999594031088,0.9351484454064228,0.8964319942702679,0.9585986039688827,0.8964320306626214
17,2,corner,14,14,0.4495838273688229,426109,near_boundary,2,0.6000000238418579,9.96,frequency_low_identity,task,1,2,12.44380931898011,12.089356591663273,0.9999999476633841,0.9381891542781727,0.8952040247241062,0.9541828752143926,0.8952040715760579
18,2,corner,14,14,0.4495838273688229,426109,near_boundary,2,0.6000000238418579,9.96,frequency_low_E2_source,combined,-1,2,11.27524204039518,10.485198607868876,0.9999999498713592,0.9105705909623855,0.8722853622530097,0.9579546834815827,0.8722854059794914
19,2,corner,14,14,0.4495838273688229,426109,near_boundary,2,0.6000000238418579,9.96,frequency_low_E2_source,task,0,2,9.911399118578263,11.939854115386279,1.0000000002717977,0.9360243677256541,0.8972537153048066,0.9585794411367172,0.8972537150609351
20,2,corner,14,14,0.4495838273688229,426109,near_boundary,2,0.6000000238418579,9.96,frequency_low_E2_source,task,1,2,12.420975932061411,12.125307412394427,1.0000000225421015,0.9386987812653984,0.8957891952652914,0.954288226578644,0.8957891750723209
30,2,corner,14,14,0.4495838273688229,426110,near_boundary,4,0.699999988079071,9.96,frequency_low_identity,combined,-1,3,8.902845903547492,11.370461570862393,0.9999999980044532,0.9270619994321315,0.885974712415323,0.95568010872846,0.8859747141833271
31,2,corner,14,14,0.4495838273688229,426110,near_boundary,4,0.699999988079071,9.96,frequency_low_identity,task,0,3,5.944617986949491,9.732939685761638,0.9999999781919056,0.8936576848436962,0.8575507154172982,0.959596420375758,0.8575507341188456
32,2,corner,14,14,0.4495838273688229,426110,near_boundary,4,0.699999988079071,9.96,frequency_low_identity,task,1,3,7.850796181558849,10.438708791958053,0.9999999986779697,0.90960818088037,0.873940027233674,0.9607873429500444,0.8739400283890492
33,2,corner,14,14,0.4495838273688229,426110,near_boundary,4,0.699999988079071,9.96,frequency_low_identity,task,2,3,8.01088789340927,11.22109686996681,0.9999999624993763,0.9245098110400737,0.880839615875215,0.9527639462087161,0.8808396489072512
34,2,corner,14,14,0.4495838273688229,426110,near_boundary,4,0.699999988079071,9.96,frequency_low_identity,task,3,3,6.0429125376175,10.383542787233417,0.9999999945790445,0.90845265690536,0.8742096265540773,0.9623062026501948,0.8742096312931288
35,2,corner,14,14,0.4495838273688229,426110,near_boundary,4,0.699999988079071,9.96,frequency_low_E2_source,combined,-1,3,9.011353793999094,11.343285924471784,0.9999999830460127,0.9266041506617599,0.8860252574463748,0.956206873035908,0.8860252724680361
36,2,corner,14,14,0.4495838273688229,426110,near_boundary,4,0.699999988079071,9.96,frequency_low_E2_source,task,0,3,5.866163613606179,9.746272737501544,0.9999999777015285,0.8939836597798843,0.8573499117560173,0.9590219042338124,0.8573499308736103
37,2,corner,14,14,0.4495838273688229,426110,near_boundary,4,0.699999988079071,9.96,frequency_low_E2_source,task,1,3,7.642990403452254,10.382588883418737,1.0000000032237293,0.9084325546835221,0.8730303765576056,0.9610293819355143,0.873030373743192
38,2,corner,14,14,0.4495838273688229,426110,near_boundary,4,0.699999988079071,9.96,frequency_low_E2_source,task,2,3,8.041989102651769,11.190204937637233,0.9999999673758949,0.9239709299535088,0.8809207578414846,0.9534074387879385,0.8809207865807369
39,2,corner,14,14,0.4495838273688229,426110,near_boundary,4,0.699999988079071,9.96,frequency_low_E2_source,task,3,3,5.893147596100326,10.313664935375595,1.0000000161948892,0.9069677685663396,0.8731028811520203,0.9626614212897001,0.8731028670122161
55,2,corner,14,14,0.4495838273688229,426102,stress,2,0.699999988079071,9.96,frequency_low_identity,combined,-1,2,10.241538505390208,11.39823572607411,0.9999999816286991,0.9275269515540279,0.8894303908553663,0.9589267345441203,0.88943040719536
56,2,corner,14,14,0.4495838273688229,426102,stress,2,0.699999988079071,9.96,frequency_low_identity,task,0,2,9.276108132399926,11.865801347403803,1.0000000145052983,0.9349241611900523,0.8949113132186091,0.9572020388043974,0.8949113002376538
57,2,corner,14,14,0.4495838273688229,426102,stress,2,0.699999988079071,9.96,frequency_low_identity,task,1,2,10.706273284230559,12.60648292743821,0.9999999877691665,0.9451278725282996,0.9052396958111073,0.9577960000158625,0.9052397068829434
58,2,corner,14,14,0.4495838273688229,426102,stress,2,0.699999988079071,9.96,frequency_low_E2_source,combined,-1,2,10.25128759350632,11.363513172324662,1.0000000003444358,0.9269452126610319,0.8888818565101169,0.9589367789692289,0.8888818562039541
59,2,corner,14,14,0.4495838273688229,426102,stress,2,0.699999988079071,9.96,frequency_low_E2_source,task,0,2,9.301467761784467,11.820055722290515,0.9999999752638948,0.934235036959671,0.8942529512045077,0.9572033972465012,0.8942529733248432
60,2,corner,14,14,0.4495838273688229,426102,stress,2,0.699999988079071,9.96,frequency_low_E2_source,task,1,2,10.712642754303022,12.580070251535211,1.0000000271653038,0.9447931747715205,0.9049392576561262,0.957817310518747,0.904939233073177
70,2,corner,14,14,0.4495838273688229,426113,stress,4,0.800000011920929,9.96,frequency_low_identity,combined,-1,3,4.249499800600157,10.660650923027983,1.0000000002675788,0.914111522072542,0.8701755394670674,0.9519358617142691,0.8701755392342269
71,2,corner,14,14,0.4495838273688229,426113,stress,4,0.800000011920929,9.96,frequency_low_identity,task,0,3,4.7048976321460785,8.977742841207835,1.0000000042132202,0.873460619703966,0.8386094480305271,0.9600998935873597,0.8386094444972808
72,2,corner,14,14,0.4495838273688229,426113,stress,4,0.800000011920929,9.96,frequency_low_identity,task,1,3,5.7363274645489115,10.143776649794319,1.000000005646057,0.9032563848723639,0.8664701006884483,0.9592737070005725,0.8664700957963088
73,2,corner,14,14,0.4495838273688229,426113,stress,4,0.800000011920929,9.96,frequency_low_identity,task,2,3,4.420917228791925,9.49340768076261,1.0000000140924048,0.8876277223490923,0.8486135254302427,0.9560466669341973,0.8486135134712376
74,2,corner,14,14,0.4495838273688229,426113,stress,4,0.800000011920929,9.96,frequency_low_identity,task,3,3,1.6432306665769842,9.642923224804692,1.0000000583160982,0.8914305920424811,0.8492287483705581,0.9526582954986675,0.8492286988468539
75,2,corner,14,14,0.4495838273688229,426113,stress,4,0.800000011920929,9.96,frequency_low_E2_source,combined,-1,3,4.03161725974015,10.747265008130979,0.9999999989816175,0.915807480922402,0.8715466567312893,0.9516701652769497,0.8715466576188572
76,2,corner,14,14,0.4495838273688229,426113,stress,4,0.800000011920929,9.96,frequency_low_E2_source,task,0,3,4.704047958733275,9.003859903352959,1.000000029621376,0.8742193252260688,0.8391478490862271,0.9598825201779057,0.8391478242295138
77,2,corner,14,14,0.4495838273688229,426113,stress,4,0.800000011920929,9.96,frequency_low_E2_source,task,1,3,5.725677033267323,10.198470828205455,0.9999999999994902,0.904467109727749,0.867572909014182,0.9592089084094253,0.8675729090146244
78,2,corner,14,14,0.4495838273688229,426113,stress,4,0.800000011920929,9.96,frequency_low_E2_source,task,2,3,4.51770719452252,9.56331138436165,1.0000000172721526,0.8894219820384387,0.8498047847979417,0.9554573666487313,0.8498047701199841
79,2,corner,14,14,0.4495838273688229,426113,stress,4,0.800000011920929,9.96,frequency_low_E2_source,task,3,3,1.6005626311990429,9.669338849867046,1.0000000028911433,0.8920889037125119,0.849895283240027,0.9527024489410281,0.849895280782858
95,2,edge,14,10,0.5826155150276308,426105,near_boundary,2,0.800000011920929,9.96,frequency_low_identity,combined,-1,4,7.424789564191134,9.733899952298831,1.0000000090576129,0.8936812231241956,0.8657396817347381,0.9687343309152481,0.8657396738932033
96,2,edge,14,10,0.5826155150276308,426105,near_boundary,2,0.800000011920929,9.96,frequency_low_identity,task,0,4,7.061309501847212,10.441980655719034,0.9999999899821335,0.9096762462124605,0.8803109534752454,0.9677189628073934,0.8803109622940831
97,2,edge,14,10,0.5826155150276308,426105,near_boundary,2,0.800000011920929,9.96,frequency_low_identity,task,1,4,6.968825486117164,9.899843406821383,0.9999999807053792,0.8976669937067355,0.8548711463851066,0.9523254752356305,0.8548711628795216
98,2,edge,14,10,0.5826155150276308,426105,near_boundary,2,0.800000011920929,9.96,frequency_low_E2_source,combined,-1,4,7.741333257704113,9.688312751847501,0.9999999663461072,0.8925592957844967,0.8651354652570654,0.9692750603159338,0.8651354943722426
99,2,edge,14,10,0.5826155150276308,426105,near_boundary,2,0.800000011920929,9.96,frequency_low_E2_source,task,0,4,6.6897721366522465,10.34573572827269,1.000000006430225,0.9076522327430703,0.8785150607338443,0.9678983084510587,0.8785150550847949
100,2,edge,14,10,0.5826155150276308,426105,near_boundary,2,0.800000011920929,9.96,frequency_low_E2_source,task,1,4,6.970923296803528,9.844206275661277,1.0000000030390794,0.8963476003140742,0.8543197381516157,0.953112093848712,0.8543197355552701
110,2,edge,14,10,0.5826155150276308,426109,near_boundary,2,0.6000000238418579,9.96,frequency_low_identity,combined,-1,2,12.601442081067695,10.294432925146316,1.000000022216154,0.9065548826233182,0.8603592721179593,0.9490426764106309,0.8603592530040856
111,2,edge,14,10,0.5826155150276308,426109,near_boundary,2,0.6000000238418579,9.96,frequency_low_identity,task,0,2,12.307662295421585,12.04318738436019,0.9999999938572641,0.9375285909528622,0.8950384898898788,0.9546786077000613,0.8950384953878638
112,2,edge,14,10,0.5826155150276308,426109,near_boundary,2,0.6000000238418579,9.96,frequency_low_identity,task,1,2,11.744990614378658,10.16083429521802,0.9999999882222649,0.9036356007164299,0.8637009480087541,0.9558066850442651,0.8637009581811952
113,2,edge,14,10,0.5826155150276308,426109,near_boundary,2,0.6000000238418579,9.96,frequency_low_E2_source,combined,-1,2,12.616461441883413,10.273708158082389,0.9999999615756155,0.9061078367429329,0.8595787332231436,0.9486494855987104,0.8595787662519285
114,2,edge,14,10,0.5826155150276308,426109,near_boundary,2,0.6000000238418579,9.96,frequency_low_E2_source,task,0,2,12.418058000870257,12.097787744220895,1.0000000071521071,0.9383090897466463,0.8954155980911767,0.9542863944043734,0.8954155916870684
115,2,edge,14,10,0.5826155150276308,426109,near_boundary,2,0.6000000238418579,9.96,frequency_low_E2_source,task,1,2,11.781945202642987,10.183244268805339,0.9999999713281917,0.9041315533566439,0.8640271889023823,0.9556432199436335,0.8640272136756049
125,2,edge,14,10,0.5826155150276308,426110,near_boundary,4,0.699999988079071,9.96,frequency_low_identity,combined,-1,4,8.28638906071127,10.539966104792045,0.9999999778115645,0.9116913005126075,0.881874208796334,0.9672947502082027,0.8818742283637435
126,2,edge,14,10,0.5826155150276308,426110,near_boundary,4,0.699999988079071,9.96,frequency_low_identity,task,0,4,8.889123375599846,9.842488241394868,1.0000000295515796,0.8963066119036505,0.8701221329247697,0.9707862481084816,0.8701221072112869
127,2,edge,14,10,0.5826155150276308,426110,near_boundary,4,0.699999988079071,9.96,frequency_low_identity,task,1,4,5.823036537646117,9.55095248050419,0.9999999856704088,0.8891068291264329,0.8588963288851639,0.9660215181667747,0.8588963411927973
128,2,edge,14,10,0.5826155150276308,426110,near_boundary,4,0.699999988079071,9.96,frequency_low_identity,task,2,4,8.554818678686777,9.803283009629709,1.0000000077196287,0.8953662789254917,0.860000440034942,0.960501261078325,0.860000433396058
129,2,edge,14,10,0.5826155150276308,426110,near_boundary,4,0.699999988079071,9.96,frequency_low_identity,task,3,4,6.512280797435666,9.886170125244547,1.000000016434663,0.8973443339600935,0.8641138749575928,0.9629679959577496,0.8641138607561728
130,2,edge,14,10,0.5826155150276308,426110,near_boundary,4,0.699999988079071,9.96,frequency_low_E2_source,combined,-1,4,8.167431740045973,10.424695262067738,0.999999951576783,0.9093159965752561,0.8792677121687352,0.9669550689532668,0.8792677547457085
131,2,edge,14,10,0.5826155150276308,426110,near_boundary,4,0.699999988079071,9.96,frequency_low_E2_source,task,0,4,8.78218716151904,9.854470463542487,0.9999999607279701,0.896592246927904,0.8703878778381152,0.9707733708610846,0.8703879120200153
132,2,edge,14,10,0.5826155150276308,426110,near_boundary,4,0.699999988079071,9.96,frequency_low_E2_source,task,1,4,5.866616346193703,9.545607918759892,0.9999999895954824,0.8889702800738757,0.8587561735497065,0.9660122422521725,0.8587561824846502
133,2,edge,14,10,0.5826155150276308,426110,near_boundary,4,0.699999988079071,9.96,frequency_low_E2_source,task,2,4,8.56909781922424,9.740413869462675,1.0000000194538026,0.8938405788231414,0.858107742567271,0.9600232557097403,0.8581077258738127
134,2,edge,14,10,0.5826155150276308,426110,near_boundary,4,0.699999988079071,9.96,frequency_low_E2_source,task,3,4,6.46968430717335,9.856124588839359,1.0000000374534292,0.8966316937831711,0.8637129396555159,0.9632862028457184,0.8637129073065056
150,2,edge,14,10,0.5826155150276308,426102,stress,2,0.699999988079071,9.96,frequency_low_identity,combined,-1,2,12.796240642717425,10.471066241007158,0.9999999876036433,0.9102791394312423,0.8598670077568749,0.9446190410274965,0.8598670184160931
151,2,edge,14,10,0.5826155150276308,426102,stress,2,0.699999988079071,9.96,frequency_low_identity,task,0,2,9.706472749409066,11.549592673673468,1.0000000141335144,0.9300092493934822,0.8911561125332297,0.9582228489817805,0.8911560999380621
152,2,edge,14,10,0.5826155150276308,426102,stress,2,0.699999988079071,9.96,frequency_low_identity,task,1,2,11.832101225431408,12.374209978061117,1.0000000263726445,0.9421132968361484,0.9007643093866381,0.9561103875846243,0.9007642856311018
153,2,edge,14,10,0.5826155150276308,426102,stress,2,0.699999988079071,9.96,frequency_low_E2_source,combined,-1,2,12.81048391274653,10.488930673428573,0.9999999981334876,0.9106474521134849,0.8602502259757073,0.9446578080015349,0.860250227581375
154,2,edge,14,10,0.5826155150276308,426102,stress,2,0.699999988079071,9.96,frequency_low_E2_source,task,0,2,9.662787259767407,11.598380596998314,1.0000000171289658,0.9307911169567289,0.8918431036809812,0.9581560109822596,0.8918430884046314
155,2,edge,14,10,0.5826155150276308,426102,stress,2,0.699999988079071,9.96,frequency_low_E2_source,task,1,2,11.766478406438727,12.39790780314516,0.9999999732378886,0.9424282527702296,0.9012062549454382,0.956259802585904,0.901206279063621
165,2,edge,14,10,0.5826155150276308,426113,stress,4,0.800000011920929,9.96,frequency_low_identity,combined,-1,2,19.86136122888718,17.286067606575184,1.0000000487074787,0.9813193437828927,0.9310600821011842,0.9487839896358674,0.9310600367515972
166,2,edge,14,10,0.5826155150276308,426113,stress,4,0.800000011920929,9.96,frequency_low_identity,task,0,2,9.538927977589434,11.282141616830042,0.999999947489487,0.9255634695867564,0.8851154841161463,0.9562990688378515,0.8851155305940169
167,2,edge,14,10,0.5826155150276308,426113,stress,4,0.800000011920929,9.96,frequency_low_identity,task,1,2,12.029633259850026,12.027264253956924,0.9999999749809734,0.937299105435161,0.8957112450722499,0.9556301076980084,0.895711267482074
168,2,edge,14,10,0.5826155150276308,426113,stress,4,0.800000011920929,9.96,frequency_low_identity,task,2,2,13.48247591033262,11.7841887912974,0.9999999470452605,0.9336896309938247,0.8806979520571436,0.943244867268927,0.8806979986942767
169,2,edge,14,10,0.5826155150276308,426113,stress,4,0.800000011920929,9.96,frequency_low_identity,task,3,2,14.12037583140296,13.506576029793884,0.9999999840730408,0.9553992106278636,0.9011710209153421,0.9432402820629461,0.9011710352682564
170,2,edge,14,10,0.5826155150276308,426113,stress,4,0.800000011920929,9.96,frequency_low_E2_source,combined,-1,2,21.366140164478256,17.287159601635274,1.0000000184375815,0.9813240105858607,0.9309993004585182,0.9487175391771998,0.9309992832931431
171,2,edge,14,10,0.5826155150276308,426113,stress,4,0.800000011920929,9.96,frequency_low_E2_source,task,0,2,9.58431680732419,11.21290661364503,0.9999999869225471,0.9243673342093337,0.8839547852617791,0.9562808556166452,0.8839547968216562
172,2,edge,14,10,0.5826155150276308,426113,stress,4,0.800000011920929,9.96,frequency_low_E2_source,task,1,2,12.014436560329042,11.951121388200058,0.9999999954023491,0.9361901254979771,0.8946984954377799,0.9556803378607235,0.8946984995512913
173,2,edge,14,10,0.5826155150276308,426113,stress,4,0.800000011920929,9.96,frequency_low_E2_source,task,2,2,13.455216457274204,11.713585801700187,0.9999999305755563,0.9326028026717236,0.8797518009169262,0.9433295700984495,0.8797518619932099
174,2,edge,14,10,0.5826155150276308,426113,stress,4,0.800000011920929,9.96,frequency_low_E2_source,task,3,2,14.081114470898061,13.423860860048197,0.9999999631408896,0.9545415890786633,0.9003071542167371,0.9431827429182275,0.9003071874012591
190,2,interior,9,6,0.9661688989903746,426105,near_boundary,2,0.800000011920929,9.96,frequency_low_identity,combined,-1,4,5.578522738210774,10.61175796139455,1.0000000211574307,0.9131391435372683,0.8653183201429157,0.9476302995739434,0.8653183018350037
191,2,interior,9,6,0.9661688989903746,426105,near_boundary,2,0.800000011920929,9.96,frequency_low_identity,task,0,4,6.641531706560092,11.062430301225227,0.9999999742107306,0.92170084021902,0.8944609641029362,0.9704460765061135,0.8944609871704315
192,2,interior,9,6,0.9661688989903746,426105,near_boundary,2,0.800000011920929,9.96,frequency_low_identity,task,1,4,6.519065232510961,9.976192569594183,0.9999999800785391,0.899450290447408,0.8595441631815328,0.9556327595980597,0.8595441803049086
193,2,interior,9,6,0.9661688989903746,426105,near_boundary,2,0.800000011920929,9.96,frequency_low_E2_source,combined,-1,4,5.5752307451317,10.57698281285794,1.0000000336121564,0.9124408440142475,0.8645089276414244,0.9474684669288274,0.8645088985834161
194,2,interior,9,6,0.9661688989903746,426105,near_boundary,2,0.800000011920929,9.96,frequency_low_E2_source,task,0,4,6.768592463050895,11.112545903539736,0.9999999916112308,0.9225991993618737,0.8949703994409467,0.9700533016503409,0.8949704069486469
195,2,interior,9,6,0.9661688989903746,426105,near_boundary,2,0.800000011920929,9.96,frequency_low_E2_source,task,1,4,6.5606780522366765,10.033130689702254,0.9999999787189046,0.9007599407436699,0.8604095638006398,0.9552040725637546,0.8604095821110983
205,2,interior,9,6,0.9661688989903746,426109,near_boundary,2,0.6000000238418579,9.96,frequency_low_identity,combined,-1,4,6.297459349637437,10.526706084430781,0.9999999818871066,0.9114212652655796,0.8811175970427804,0.9667511946696031,0.8811176130023698
206,2,interior,9,6,0.9661688989903746,426109,near_boundary,2,0.6000000238418579,9.96,frequency_low_identity,task,0,4,6.52899768221551,10.364532896888186,1.0000000012309072,0.9080510646503595,0.8794800700255327,0.9685359163850242,0.8794800689429745
207,2,interior,9,6,0.9661688989903746,426109,near_boundary,2,0.6000000238418579,9.96,frequency_low_identity,task,1,4,7.540183423294665,9.902982577134447,1.0000000324247307,0.8977409818097246,0.8650112042219481,0.963542070317657,0.8650111761741937
208,2,interior,9,6,0.9661688989903746,426109,near_boundary,2,0.6000000238418579,9.96,frequency_low_E2_source,combined,-1,4,6.011875363823495,10.550464233256633,0.9999999941898214,0.9119045247511934,0.8813727874928061,0.9665187128370509,0.8813727926137395
209,2,interior,9,6,0.9661688989903746,426109,near_boundary,2,0.6000000238418579,9.96,frequency_low_E2_source,task,0,4,6.346611447336024,10.368020437354035,0.9999999819357094,0.9081248557826166,0.8793976586346888,0.9683664674906725,0.879397674520384
210,2,interior,9,6,0.9661688989903746,426109,near_boundary,2,0.6000000238418579,9.96,frequency_low_E2_source,task,1,4,7.328925202263402,9.964843028860775,0.99999999547652,0.8991871912899497,0.8661619704656547,0.9632721405017814,0.8661619743837211
220,2,interior,9,6,0.9661688989903746,426110,near_boundary,4,0.699999988079071,9.96,frequency_low_identity,combined,-1,4,4.002066610070501,9.63083917944287,0.9999999965768023,0.8911280267844115,0.869716695323702,0.9759727774044195,0.8697166983009142
221,2,interior,9,6,0.9661688989903746,426110,near_boundary,4,0.699999988079071,9.96,frequency_low_identity,task,0,4,8.607716640760742,10.323797465085399,1.0000000181914661,0.9071845710176611,0.8775374514466099,0.9673196386730941,0.8775374354829174
222,2,interior,9,6,0.9661688989903746,426110,near_boundary,4,0.699999988079071,9.96,frequency_low_identity,task,1,4,7.586232053651321,9.398238924863499,0.999999993222801,0.8851380644901129,0.8543659841667158,0.9652347113315893,0.8543659899569241
223,2,interior,9,6,0.9661688989903746,426110,near_boundary,4,0.699999988079071,9.96,frequency_low_identity,task,2,4,8.703997923372544,11.069790644455697,0.9999999968334182,0.9218334486244566,0.8874954087268305,0.9627502777764632,0.8874954115371573
224,2,interior,9,6,0.9661688989903746,426110,near_boundary,4,0.699999988079071,9.96,frequency_low_identity,task,3,4,4.711538473774015,9.399454079553662,0.9999999932736321,0.8851701983734434,0.8579251874825571,0.9692205962865099,0.8579251932532775
225,2,interior,9,6,0.9661688989903746,426110,near_boundary,4,0.699999988079071,9.96,frequency_low_E2_source,combined,-1,4,4.010796138382366,9.618759251179355,0.9999999547542189,0.8908247399108924,0.8694999402143097,0.97606173387291,0.8694999795555154
226,2,interior,9,6,0.9661688989903746,426110,near_boundary,4,0.699999988079071,9.96,frequency_low_E2_source,task,0,4,8.689109400123655,10.288740951319802,1.0000000359956305,0.9064323432469994,0.8770999581863578,0.9676397413671627,0.8770999266145929
227,2,interior,9,6,0.9661688989903746,426110,near_boundary,4,0.699999988079071,9.96,frequency_low_E2_source,task,1,4,7.557693826134431,9.356849467912461,0.9999999872567706,0.8840381606445226,0.8536868310602606,0.9656673988347586,0.8536868419389878
228,2,interior,9,6,0.9661688989903746,426110,near_boundary,4,0.699999988079071,9.96,frequency_low_E2_source,task,2,4,8.652553863039925,10.997730979703315,1.0000000286093995,0.9205256914494104,0.8868458540706706,0.96341238740908,0.886845828698544
229,2,interior,9,6,0.9661688989903746,426110,near_boundary,4,0.699999988079071,9.96,frequency_low_E2_source,task,3,4,4.538058259345929,9.36898172310075,0.9999999710559893,0.8843616399979586,0.8574851706255241,0.9696091868339105,0.8574851954445848
245,2,interior,9,6,0.9661688989903746,426102,stress,2,0.699999988079071,9.96,frequency_low_identity,combined,-1,4,7.609867647978922,10.006344257790904,0.9999999945768386,0.9001459704047975,0.8741327271883435,0.9711010835223138,0.8741327319289063
246,2,interior,9,6,0.9661688989903746,426102,stress,2,0.699999988079071,9.96,frequency_low_identity,task,0,4,8.688381171171644,9.659174589277459,0.9999999777490023,0.8918360295723011,0.8660827975081629,0.9711233554036959,0.8660828167793696
247,2,interior,9,6,0.9661688989903746,426102,stress,2,0.699999988079071,9.96,frequency_low_identity,task,1,4,6.3598166516760655,9.849743977511515,0.9999999725334148,0.8964796562254627,0.8701618209498121,0.9706431316172203,0.8701618448501865
248,2,interior,9,6,0.9661688989903746,426102,stress,2,0.699999988079071,9.96,frequency_low_E2_source,combined,-1,4,7.487048611479152,10.037053416395377,0.9999999776359019,0.9008495369890682,0.8745682275684923,0.9708260832231578,0.8745682471274224
249,2,interior,9,6,0.9661688989903746,426102,stress,2,0.699999988079071,9.96,frequency_low_E2_source,task,0,4,8.517583851310008,9.682492849066463,1.0000000038114656,0.8924152533804041,0.8664706638968789,0.9709276714116563,0.8664706605943557
250,2,interior,9,6,0.9661688989903746,426102,stress,2,0.699999988079071,9.96,frequency_low_E2_source,task,1,4,6.274244168779715,9.891203893427042,1.0000000101462638,0.8974632442995691,0.870824750713802,0.9703180116233537,0.8708247418781845
260,2,interior,9,6,0.9661688989903746,426113,stress,4,0.800000011920929,9.96,frequency_low_identity,combined,-1,4,8.699306174110484,9.686241230621047,0.999999986704681,0.892508054100454,0.8637201912552666,0.967744982565785,0.8637202027387021
261,2,interior,9,6,0.9661688989903746,426113,stress,4,0.800000011920929,9.96,frequency_low_identity,task,0,4,6.441261794260939,10.369058590489654,0.9999999879882565,0.908146820814773,0.8804634824238604,0.969516670921035,0.880463492999762
262,2,interior,9,6,0.9661688989903746,426113,stress,4,0.800000011920929,9.96,frequency_low_identity,task,1,4,7.741170694184919,9.284612857875526,1.0000000391269073,0.8820932721224363,0.8495837855592916,0.9631450691320631,0.8495837523177069
263,2,interior,9,6,0.9661688989903746,426113,stress,4,0.800000011920929,9.96,frequency_low_identity,task,2,4,6.578366844550992,10.5827208197604,0.9999999713914087,0.912556396227642,0.8816885584327134,0.9661743231185151,0.8816885836565818
264,2,interior,9,6,0.9661688989903746,426113,stress,4,0.800000011920929,9.96,frequency_low_identity,task,3,4,4.67613260322244,9.468733127071818,1.0000000324301637,0.8869874754090856,0.8638604546628336,0.9739263277245424,0.8638604266476986
265,2,interior,9,6,0.9661688989903746,426113,stress,4,0.800000011920929,9.96,frequency_low_E2_source,combined,-1,4,8.69772809909903,9.669992853418432,0.9999999874669172,0.8921051390487551,0.8637034129855137,0.9681632524911514,0.8637034238103802
266,2,interior,9,6,0.9661688989903746,426113,stress,4,0.800000011920929,9.96,frequency_low_E2_source,task,0,4,6.382322962385154,10.384073587471239,1.000000005723795,0.9084638553782345,0.8809957885424646,0.969764271111993,0.8809957834998253
267,2,interior,9,6,0.9661688989903746,426113,stress,4,0.800000011920929,9.96,frequency_low_E2_source,task,1,4,7.730932250817309,9.252713331099573,1.000000007670711,0.8812240145904298,0.8490406770661129,0.9634788237820835,0.8490406705533673
268,2,interior,9,6,0.9661688989903746,426113,stress,4,0.800000011920929,9.96,frequency_low_E2_source,task,2,4,6.4778303994092745,10.493979258537268,0.9999999786347309,0.9107512445238828,0.8807940207208925,0.9671071283370564,0.8807940395392942
269,2,interior,9,6,0.9661688989903746,426113,stress,4,0.800000011920929,9.96,frequency_low_E2_source,task,3,4,4.64179663353381,9.42066200509416,0.9999999695891644,0.8857295594155595,0.8631503607089979,0.9745077958993935,0.8631503869581224
6,2,corner,14,14,0.4495838273688229,426105,near_boundary,2,0.800000011920929,10.0,nominal_identity,combined,-1,3,3.3715721192444454,10.860119687562717,1.000000007836031,0.9179671135424493,0.8705341353726241,0.9483282380489857,0.8705341285510918
7,2,corner,14,14,0.4495838273688229,426105,near_boundary,2,0.800000011920929,10.0,nominal_identity,task,0,3,7.1188911386881015,9.181292202593585,1.0000000596220833,0.8792546009369275,0.8437440633829196,0.9596129067551445,0.8437440130771439
8,2,corner,14,14,0.4495838273688229,426105,near_boundary,2,0.800000011920929,10.0,nominal_identity,task,1,3,9.454720531950269,11.560304868062037,1.0000000201619896,0.9301816796588942,0.8827604587780744,0.9490193992014446,0.8827604409798675
21,2,corner,14,14,0.4495838273688229,426109,near_boundary,2,0.6000000238418579,10.0,nominal_identity,combined,-1,2,12.929816238846046,11.625322516329192,1.0000000157702502,0.9312191314591766,0.8933826716681552,0.9593688977032362,0.8933826575792871
22,2,corner,14,14,0.4495838273688229,426109,near_boundary,2,0.6000000238418579,10.0,nominal_identity,task,0,2,11.347980787898706,12.931843781962016,0.9999999594031088,0.9490884932379577,0.9114442335642972,0.9603364070454257,0.911444270566101
23,2,corner,14,14,0.4495838273688229,426109,near_boundary,2,0.6000000238418579,10.0,nominal_identity,task,1,2,14.365435176401363,13.316981516731731,0.9999999476633841,0.9534089698032661,0.911101637573932,0.9556252001299462,0.911101685257911
40,2,corner,14,14,0.4495838273688229,426110,near_boundary,4,0.699999988079071,10.0,nominal_identity,combined,-1,3,7.294068496289912,10.520662289500422,0.9999999980044532,0.9112979248795487,0.870223331509175,0.9549273708970611,0.8702233332457464
41,2,corner,14,14,0.4495838273688229,426110,near_boundary,4,0.699999988079071,10.0,nominal_identity,task,0,3,6.975189317939393,9.78902709531878,0.9999999781919056,0.8950222231767165,0.859690433760915,0.9605241205180383,0.8596904525091256
42,2,corner,14,14,0.4495838273688229,426110,near_boundary,4,0.699999988079071,10.0,nominal_identity,task,1,3,7.71719288578675,10.452797202604723,0.9999999986779697,0.9099009347071353,0.8753622978932557,0.9620413217566411,0.8753622990505111
43,2,corner,14,14,0.4495838273688229,426110,near_boundary,4,0.699999988079071,10.0,nominal_identity,task,2,3,6.386152150209038,10.653243193070473,0.9999999624993763,0.9139648631774215,0.8703271798448868,0.9522545284937681,0.8703272124827002
44,2,corner,14,14,0.4495838273688229,426110,near_boundary,4,0.699999988079071,10.0,nominal_identity,task,3,3,7.017598926502414,10.725817826518082,0.9999999945790445,0.9153906725669411,0.8817427486777611,0.9632420070494881,0.8817427534576493
61,2,corner,14,14,0.4495838273688229,426102,stress,2,0.699999988079071,10.0,nominal_identity,combined,-1,2,11.722613630818246,12.501996137166831,0.9999999816286991,0.9437916909608427,0.906645200988285,0.9606412195314624,0.9066452176445372
62,2,corner,14,14,0.4495838273688229,426102,stress,2,0.699999988079071,10.0,nominal_identity,task,0,2,10.570500383483264,12.662376625528484,1.0000000145052983,0.9458295769271649,0.906677118329041,0.9586051657156637,0.9066771051774191
63,2,corner,14,14,0.4495838273688229,426102,stress,2,0.699999988079071,10.0,nominal_identity,task,1,2,12.323022948988381,13.819118463052142,0.9999999877691665,0.9584961603638971,0.9198380739889943,0.9596679799319947,0.9198380852393807
80,2,corner,14,14,0.4495838273688229,426113,stress,4,0.800000011920929,10.0,nominal_identity,combined,-1,3,4.496499889780204,10.494679146779859,1.0000000002675788,0.9107656459671453,0.8659506469840645,0.9507941486577576,0.8659506467523544
81,2,corner,14,14,0.4495838273688229,426113,stress,4,0.800000011920929,10.0,nominal_identity,task,0,3,5.578847399529377,9.067846036896457,1.0000000042132202,0.8760588894113966,0.8411194945439604,0.9601175271551536,0.8411194910001387
82,2,corner,14,14,0.4495838273688229,426113,stress,4,0.800000011920929,10.0,nominal_identity,task,1,3,4.753398770026424,9.930098191115327,1.000000005646057,0.8983774334304524,0.8624139668675547,0.9599684217071535,0.8624139619983163
83,2,corner,14,14,0.4495838273688229,426113,stress,4,0.800000011920929,10.0,nominal_identity,task,2,3,3.6186500586804806,9.01269088805314,1.0000000140924048,0.8744748154496469,0.8349430721025549,0.9547937314503847,0.8349430603361994
84,2,corner,14,14,0.4495838273688229,426113,stress,4,0.800000011920929,10.0,nominal_identity,task,3,3,1.679628652543983,9.722385979258636,1.0000000583160982,0.8933990218233796,0.8500878238617614,0.9515208804759799,0.8500877742879593
101,2,edge,14,10,0.5826155150276308,426105,near_boundary,2,0.800000011920929,10.0,nominal_identity,combined,-1,4,6.748606511220246,10.163255210432594,1.0000000090576129,0.9036893215863507,0.8756201757885808,0.9689393853315684,0.8756201678575523
102,2,edge,14,10,0.5826155150276308,426105,near_boundary,2,0.800000011920929,10.0,nominal_identity,task,0,4,5.59648652338759,10.203498139548728,0.9999999899821335,0.9045776237634587,0.8746108825408738,0.9668721175105908,0.874610891302609
103,2,edge,14,10,0.5826155150276308,426105,near_boundary,2,0.800000011920929,10.0,nominal_identity,task,1,4,8.50455078988257,10.075911069360199,0.9999999807053792,0.9017327121165682,0.8589945814415214,0.952604435770406,0.8589945980154965
116,2,edge,14,10,0.5826155150276308,426109,near_boundary,2,0.6000000238418579,10.0,nominal_identity,combined,-1,2,14.403459032300098,11.252925933910024,1.000000022216154,0.9250611045642085,0.8782411699360403,0.9493871978865387,0.8782411504248996
117,2,edge,14,10,0.5826155150276308,426109,near_boundary,2,0.6000000238418579,10.0,nominal_identity,task,0,2,14.202894723294312,13.289097353220605,0.9999999938572641,0.953108911002237,0.9113412948520638,0.9561774990580534,0.9113413004501927
118,2,edge,14,10,0.5826155150276308,426109,near_boundary,2,0.6000000238418579,10.0,nominal_identity,task,1,2,13.450036903828025,11.345850571631551,0.9999999882222649,0.9266474852386054,0.8868201055646423,0.9570199236404253,0.8868201160093747
135,2,edge,14,10,0.5826155150276308,426110,near_boundary,4,0.699999988079071,10.0,nominal_identity,combined,-1,4,6.726693195200281,10.540230432241655,0.9999999778115645,0.9116966751369889,0.8814526702607338,0.9668266807359907,0.88145268981879
136,2,edge,14,10,0.5826155150276308,426110,near_boundary,4,0.699999988079071,10.0,nominal_identity,task,0,4,7.45320273225307,10.371555800955223,1.0000000295515796,0.9081996593155827,0.8824614822164643,0.9716602215877127,0.8824614561383343
137,2,edge,14,10,0.5826155150276308,426110,near_boundary,4,0.699999988079071,10.0,nominal_identity,task,1,4,6.788880873337958,10.321337781609706,0.9999999856704088,0.9071319593880972,0.877827988117951,0.96769602154695,0.8778280006968674
138,2,edge,14,10,0.5826155150276308,426110,near_boundary,4,0.699999988079071,10.0,nominal_identity,task,2,4,7.081914981436439,9.958912511688801,1.0000000077196287,0.8990494431291028,0.8636025376480065,0.9605729075836754,0.8636025309813157
139,2,edge,14,10,0.5826155150276308,426110,near_boundary,4,0.699999988079071,10.0,nominal_identity,task,3,4,7.774997642234056,10.917316880035877,1.000000016434663,0.919040422890784,0.8864825067810929,0.964574010784768,0.8864824922120519
156,2,edge,14,10,0.5826155150276308,426102,stress,2,0.699999988079071,10.0,nominal_identity,combined,-1,2,14.525417215504394,11.141713234367089,0.9999999876036433,0.9231172797241965,0.8715986133699156,0.9441905514219456,0.8715986241745631
157,2,edge,14,10,0.5826155150276308,426102,stress,2,0.699999988079071,10.0,nominal_identity,task,0,2,11.081447778376528,12.491398831668587,1.0000000141335144,0.9436543991995914,0.9056940962295645,0.9597730874754308,0.9056940834289242
158,2,edge,14,10,0.5826155150276308,426102,stress,2,0.699999988079071,10.0,nominal_identity,task,1,2,13.652806046225574,13.653290779616063,1.0000000263726445,0.956880802663281,0.9165180530580486,0.9578184142759568,0.9165180288870444
175,2,edge,14,10,0.5826155150276308,426113,stress,4,0.800000011920929,10.0,nominal_identity,combined,-1,2,16.934899034204516,16.570899424999425,1.0000000487074787,0.9779753447982094,0.928546148793787,0.949457625626931,0.9285461035666475
176,2,edge,14,10,0.5826155150276308,426113,stress,4,0.800000011920929,10.0,nominal_identity,task,0,2,10.824346222923683,12.012583201057488,0.999999947489487,0.9370867646549861,0.8971694081712287,0.9574027101978608,0.897169455282057
177,2,edge,14,10,0.5826155150276308,426113,stress,4,0.800000011920929,10.0,nominal_identity,task,1,2,13.873630512703999,13.300364320376033,0.9999999749809734,0.9532303855881291,0.9124713812098443,0.9572411822005263,0.9124714040389906
178,2,edge,14,10,0.5826155150276308,426113,stress,4,0.800000011920929,10.0,nominal_identity,task,2,2,15.26723180440985,12.196409871798542,0.9999999470452605,0.9396941599930979,0.8858955710237404,0.9427488312050883,0.885895617936112
179,2,edge,14,10,0.5826155150276308,426113,stress,4,0.800000011920929,10.0,nominal_identity,task,3,2,15.72863498064577,13.424590988165871,0.9999999840730408,0.9545492507976238,0.8999212788517845,0.9427709236582691,0.8999212931847942
196,2,interior,9,6,0.9661688989903746,426105,near_boundary,2,0.800000011920929,10.0,nominal_identity,combined,-1,4,5.813226268346201,10.50928861960275,1.0000000211574307,0.9110653410591453,0.8627194755609938,0.9469347989443351,0.8627194573080667
197,2,interior,9,6,0.9661688989903746,426105,near_boundary,2,0.800000011920929,10.0,nominal_identity,task,0,4,5.327831452228184,10.806780187913148,0.9999999742107306,0.9169533525546965,0.889122924453965,0.9696490251950179,0.8891229473837963
198,2,interior,9,6,0.9661688989903746,426105,near_boundary,2,0.800000011920929,10.0,nominal_identity,task,1,4,7.574668523903071,10.414646504720398,0.9999999800785391,0.909105953937488,0.8690808974323293,0.955973166458977,0.8690809147456908
211,2,interior,9,6,0.9661688989903746,426109,near_boundary,2,0.6000000238418579,10.0,nominal_identity,combined,-1,4,5.188479544845887,11.808109420535821,0.9999999818871066,0.9340538920199521,0.9045012452574537,0.9683608761603798,0.9045012616405886
212,2,interior,9,6,0.9661688989903746,426109,near_boundary,2,0.6000000238418579,10.0,nominal_identity,task,0,4,5.443960553513833,11.363831184465079,1.0000000012309072,0.9269505627238253,0.8989577297107095,0.9698011586175002,0.898957728604176
213,2,interior,9,6,0.9661688989903746,426109,near_boundary,2,0.6000000238418579,10.0,nominal_identity,task,1,4,6.1657629343994795,10.612083736371279,1.0000000324247307,0.9131456692297351,0.8811115560749937,0.9649189453181516,0.8811115275051897
230,2,interior,9,6,0.9661688989903746,426110,near_boundary,4,0.699999988079071,10.0,nominal_identity,combined,-1,4,4.836108834680959,10.154980168807317,0.9999999965768023,0.903505625105236,0.8820791043185534,0.9762851274067198,0.8820791073380846
231,2,interior,9,6,0.9661688989903746,426110,near_boundary,4,0.699999988079071,10.0,nominal_identity,task,0,4,7.293487503003906,10.831706063812787,1.0000000181914661,0.9174286650792502,0.8883782555847246,0.9683349664117851,0.888378239423822
232,2,interior,9,6,0.9661688989903746,426110,near_boundary,4,0.699999988079071,10.0,nominal_identity,task,1,4,8.767058844723085,10.04943322711478,0.999999993222801,0.9011317825443469,0.8712644707435978,0.9668557780567691,0.8712644766483306
233,2,interior,9,6,0.9661688989903746,426110,near_boundary,4,0.699999988079071,10.0,nominal_identity,task,2,4,6.931656165331496,11.570461240127592,0.9999999968334182,0.9303447437346167,0.8958139485384651,0.96288387135124,0.8958139513751332
234,2,interior,9,6,0.9661688989903746,426110,near_boundary,4,0.699999988079071,10.0,nominal_identity,task,3,4,5.521174757559963,10.32697112724329,0.9999999932736321,0.9072523497029544,0.880864207423922,0.9709142199657326,0.8808642133489388
251,2,interior,9,6,0.9661688989903746,426102,stress,2,0.699999988079071,10.0,nominal_identity,combined,-1,4,8.595664002901076,10.848320744965374,0.9999999945768386,0.9177439308195061,0.8923266291362864,0.9723045821065542,0.8923266339755177
252,2,interior,9,6,0.9661688989903746,426102,stress,2,0.699999988079071,10.0,nominal_identity,task,0,4,7.7232429848732265,10.143662611566151,0.9999999777490023,0.9032538193205404,0.8778886220427018,0.9719179739567343,0.8778886415766
253,2,interior,9,6,0.9661688989903746,426102,stress,2,0.699999988079071,10.0,nominal_identity,task,1,4,7.396956867424049,10.558431599009271,0.9999999725334148,0.9120659727180369,0.8865254732032026,0.9719970920099986,0.8865254975530308
270,2,interior,9,6,0.9661688989903746,426113,stress,4,0.800000011920929,10.0,nominal_identity,combined,-1,4,7.339574154506307,10.00946762514139,0.999999986704681,0.9002177507087878,0.8722232403101333,0.9689025123348067,0.8722232519066196
271,2,interior,9,6,0.9661688989903746,426113,stress,4,0.800000011920929,10.0,nominal_identity,task,0,4,7.4894752048917335,10.851255065781714,0.9999999879882565,0.917799482503248,0.8905571954524967,0.9703178226071238,0.8905572061496414
272,2,interior,9,6,0.9661688989903746,426113,stress,4,0.800000011920929,10.0,nominal_identity,task,1,4,9.198174607332072,9.967898552350322,1.0000000391269073,0.8992581334828704,0.8674199203461934,0.9645950234407488,0.867419886406736
273,2,interior,9,6,0.9661688989903746,426113,stress,4,0.800000011920929,10.0,nominal_identity,task,2,4,5.425529895527075,10.787006528368854,0.9999999713914087,0.9165743721715958,0.8856471516788296,0.9662578166794127,0.8856471770159476
274,2,interior,9,6,0.9661688989903746,426113,stress,4,0.800000011920929,10.0,nominal_identity,task,3,4,4.023111669990268,9.165248606299137,1.0000000324301637,0.8788076973203204,0.8549406095818162,0.9728415126411839,0.8549405818559532
9,2,corner,14,14,0.4495838273688229,426105,near_boundary,2,0.800000011920929,10.04,frequency_high_identity,combined,-1,3,2.546411409453981,9.986556549830176,1.000000007836031,0.8996899805793253,0.8517772311212555,0.9467452672672669,0.8517772244467028
10,2,corner,14,14,0.4495838273688229,426105,near_boundary,2,0.800000011920929,10.04,frequency_high_identity,task,0,3,5.949076075548211,8.215330192250812,1.0000000596220833,0.8491772570045606,0.8134247625312927,0.9578974893894552,0.8134247140332167
11,2,corner,14,14,0.4495838273688229,426105,near_boundary,2,0.800000011920929,10.04,frequency_high_identity,task,1,3,7.497222268603771,10.433356282820696,1.0000000201619896,0.9094967273712309,0.861840353412078,0.9476013793948476,0.861840336035662
12,2,corner,14,14,0.4495838273688229,426105,near_boundary,2,0.800000011920929,10.04,frequency_high_E2_source,combined,-1,3,2.4808423196999434,9.966481199465955,0.9999999432955475,0.8992251640605908,0.8510555647819683,0.9464321048789324,0.8510556130406108
13,2,corner,14,14,0.4495838273688229,426105,near_boundary,2,0.800000011920929,10.04,frequency_high_E2_source,task,0,3,5.937125708229084,8.223223360858364,0.9999999864379314,0.8494510616945539,0.8134951423604024,0.9576715823246796,0.8134951533930795
14,2,corner,14,14,0.4495838273688229,426105,near_boundary,2,0.800000011920929,10.04,frequency_high_E2_source,task,1,3,7.5844810165894785,10.452907982796793,0.9999999927624121,0.9099032275495401,0.8619906623910969,0.9473432297987594,0.8619906686298301
24,2,corner,14,14,0.4495838273688229,426109,near_boundary,2,0.6000000238418579,10.04,frequency_high_identity,combined,-1,2,15.174458945988786,12.693259446414881,1.0000000157702502,0.9462134194837961,0.9079590365101972,0.9595710838740075,0.9079590221914562
25,2,corner,14,14,0.4495838273688229,426109,near_boundary,2,0.6000000238418579,10.04,frequency_high_identity,task,0,2,13.312444777623583,13.113305566715196,0.9999999594031088,0.951171904334944,0.914180939615715,0.9611101163200432,0.9141809767286206
26,2,corner,14,14,0.4495838273688229,426109,near_boundary,2,0.6000000238418579,10.04,frequency_high_identity,task,1,2,17.120502602862956,13.841813720970544,0.9999999476633841,0.9587124459071009,0.916507004262811,0.9559769544825752,0.9165070522296885
27,2,corner,14,14,0.4495838273688229,426109,near_boundary,2,0.6000000238418579,10.04,frequency_high_E2_source,combined,-1,2,15.268482462090532,12.7768769658474,1.0000000074602984,0.9472390939163977,0.9088633329440295,0.9594867217592318,0.908863326163638
28,2,corner,14,14,0.4495838273688229,426109,near_boundary,2,0.6000000238418579,10.04,frequency_high_E2_source,task,0,2,13.474814100146466,13.211467452954167,1.000000032696199,0.9522632364490816,0.9153277195329803,0.9612129130871091,0.9153276896052439
29,2,corner,14,14,0.4495838273688229,426109,near_boundary,2,0.6000000238418579,10.04,frequency_high_E2_source,task,1,2,17.233988983675033,13.8464879597154,0.9999999798670491,0.9587568899241288,0.9162407610709564,0.9556549430830824,0.916240779517587
45,2,corner,14,14,0.4495838273688229,426110,near_boundary,4,0.699999988079071,10.04,frequency_high_identity,combined,-1,3,5.981309836096931,9.376540384752639,0.9999999980044532,0.8845627510837724,0.8435277825065003,0.9536098840619326,0.8435277841897995
46,2,corner,14,14,0.4495838273688229,426110,near_boundary,4,0.699999988079071,10.04,frequency_high_identity,task,0,3,7.534255285425924,9.427377779513934,0.9999999781919056,0.8859061341552363,0.8510964812213481,0.960707289867587,0.8510964997821409
47,2,corner,14,14,0.4495838273688229,426110,near_boundary,4,0.699999988079071,10.04,frequency_high_identity,task,1,3,6.293288653928986,10.023663885629553,0.9999999986779697,0.9005433981278449,0.8667713803850174,0.9624981785297225,0.8667713815309155
48,2,corner,14,14,0.4495838273688229,426110,near_boundary,4,0.699999988079071,10.04,frequency_high_identity,task,2,3,5.112434860080839,9.755732791142654,0.9999999624993763,0.8942143257315913,0.8504438819495346,0.9510515068674991,0.8504439138417118
49,2,corner,14,14,0.4495838273688229,426110,near_boundary,4,0.699999988079071,10.04,frequency_high_identity,task,3,3,8.317101613969522,10.547521251105103,0.9999999945790445,0.9118448072719318,0.878423522461411,0.9633476173313844,0.8784235272233057
50,2,corner,14,14,0.4495838273688229,426110,near_boundary,4,0.699999988079071,10.04,frequency_high_E2_source,combined,-1,3,5.85811375468917,9.38743279505545,1.000000033683893,0.8848519445982325,0.843500369827585,0.9532672386345682,0.8435003414152098
51,2,corner,14,14,0.4495838273688229,426110,near_boundary,4,0.699999988079071,10.04,frequency_high_E2_source,task,0,3,7.412693446342682,9.4135761981094,1.0000000019828976,0.885542996053539,0.8513048600676664,0.9613365628338134,0.851304858379616
52,2,corner,14,14,0.4495838273688229,426110,near_boundary,4,0.699999988079071,10.04,frequency_high_E2_source,task,1,3,6.074369941973721,9.953721459784209,1.0000000360260695,0.8989287318497693,0.864945414147772,0.9621957597994802,0.8649453829871896
53,2,corner,14,14,0.4495838273688229,426110,near_boundary,4,0.699999988079071,10.04,frequency_high_E2_source,task,2,3,5.1227934892219364,9.72182900911008,0.9999999971966478,0.8933852950679662,0.8493176312959205,0.9506733947655887,0.849317633676857
54,2,corner,14,14,0.4495838273688229,426110,near_boundary,4,0.699999988079071,10.04,frequency_high_E2_source,task,3,3,8.344300951452663,10.514535868910217,1.0000000077853213,0.9111727169847927,0.8777108063667829,0.963275995874042,0.8777107995335224
64,2,corner,14,14,0.4495838273688229,426102,stress,2,0.699999988079071,10.04,frequency_high_identity,combined,-1,2,13.743486485738947,12.954936310827456,0.9999999816286991,0.9493585049561606,0.9126253229548215,0.9613073651212137,0.9126253397209362
65,2,corner,14,14,0.4495838273688229,426102,stress,2,0.699999988079071,10.04,frequency_high_identity,task,0,2,12.289431149271223,12.561163560449105,1.0000000145052983,0.9445522999299782,0.905946242336225,0.9591276654594826,0.9059462291952047
66,2,corner,14,14,0.4495838273688229,426102,stress,2,0.699999988079071,10.04,frequency_high_identity,task,1,2,14.604248996763962,13.91335353194648,0.9999999877691665,0.9593870279463768,0.9215720786387313,0.9605842603598773,0.921572089910326
67,2,corner,14,14,0.4495838273688229,426102,stress,2,0.699999988079071,10.04,frequency_high_E2_source,combined,-1,2,13.705526643650188,12.959849061422709,1.000000029825756,0.9494158040980424,0.9126701191410527,0.9612965311948871,0.9126700919199772
68,2,corner,14,14,0.4495838273688229,426102,stress,2,0.699999988079071,10.04,frequency_high_E2_source,task,0,2,12.222258745739158,12.574969601215244,0.9999999943103123,0.9447282669528849,0.9060348362835771,0.9590427935493989,0.9060348414386323
69,2,corner,14,14,0.4495838273688229,426102,stress,2,0.699999988079071,10.04,frequency_high_E2_source,task,1,2,14.590203536438377,13.917844102678185,1.0000000425716276,0.9594290523029962,0.9216075694653013,0.9605791770147997,0.9216075302309688
85,2,corner,14,14,0.4495838273688229,426113,stress,4,0.800000011920929,10.04,frequency_high_identity,combined,-1,3,4.715232225317681,9.91006607137457,1.0000000002675788,0.8979076050635755,0.8520320611195076,0.9489083913697115,0.8520320608915218
86,2,corner,14,14,0.4495838273688229,426113,stress,4,0.800000011920929,10.04,frequency_high_identity,task,0,3,6.731039303996862,8.831206701854716,1.0000000042132202,0.8691181823696638,0.8338217390718733,0.9593882120823267,0.8338217355587987
87,2,corner,14,14,0.4495838273688229,426113,stress,4,0.800000011920929,10.04,frequency_high_identity,task,1,3,3.9250400191372057,9.41925632948765,1.000000005646057,0.8856925996015927,0.8501230734929124,0.9598398743258322,0.8501230686930691
88,2,corner,14,14,0.4495838273688229,426113,stress,4,0.800000011920929,10.04,frequency_high_identity,task,2,3,2.9566514135866377,8.429374972149647,1.0000000140924048,0.8564304079729935,0.8159377931402665,0.9527193167643764,0.815937781641741
89,2,corner,14,14,0.4495838273688229,426113,stress,4,0.800000011920929,10.04,frequency_high_identity,task,3,3,1.762982084900907,9.613334293422756,1.0000000583160982,0.8906883715194729,0.845611830590672,0.9493913445261417,0.8456117812778924
90,2,corner,14,14,0.4495838273688229,426113,stress,4,0.800000011920929,10.04,frequency_high_E2_source,combined,-1,3,4.419924546840367,9.9083751028812,1.0000000308164436,0.8978678740695432,0.8518777262193289,0.9487784904901808,0.8518776999674877
91,2,corner,14,14,0.4495838273688229,426113,stress,4,0.800000011920929,10.04,frequency_high_E2_source,task,0,3,6.67086747150335,8.930442221470532,1.0000000304603631,0.8720749228176888,0.8361905339269998,0.9588517133656981,0.8361905084563332
92,2,corner,14,14,0.4495838273688229,426113,stress,4,0.800000011920929,10.04,frequency_high_E2_source,task,1,3,4.032826797586911,9.48497585884719,1.0000000257392925,0.8874093500951015,0.8518752826750094,0.9599575242065188,0.851875260748343
93,2,corner,14,14,0.4495838273688229,426113,stress,4,0.800000011920929,10.04,frequency_high_E2_source,task,2,3,2.9449292225352157,8.50675791214807,1.0000000192029797,0.8589658913836161,0.8178848801625138,0.952173873685567,0.8178848644566874
94,2,corner,14,14,0.4495838273688229,426113,stress,4,0.800000011920929,10.04,frequency_high_E2_source,task,3,3,1.6497138269547997,9.580483714679902,0.9999999754881144,0.8898583154315914,0.8452151374193252,0.9498311391397025,0.8452151581371424
104,2,edge,14,10,0.5826155150276308,426105,near_boundary,2,0.800000011920929,10.04,frequency_high_identity,combined,-1,4,5.570838307192978,10.171661841804037,1.0000000090576129,0.9038755697124892,0.875448740395332,0.9685500634493315,0.8754487324658563
105,2,edge,14,10,0.5826155150276308,426105,near_boundary,2,0.800000011920929,10.04,frequency_high_identity,task,0,4,4.437976522488484,9.710497015002531,0.9999999899821335,0.8931067369014168,0.8622477962083253,0.9654476453730996,0.8622478048462087
106,2,edge,14,10,0.5826155150276308,426105,near_boundary,2,0.800000011920929,10.04,frequency_high_identity,task,1,4,6.960103214365687,9.783792935395295,0.9999999807053792,0.8948956289280894,0.8520424816038931,0.9521138041812474,0.85204249804373
107,2,edge,14,10,0.5826155150276308,426105,near_boundary,2,0.800000011920929,10.04,frequency_high_E2_source,combined,-1,4,5.525847643669629,10.067168487248985,0.9999999944591753,0.901534707963295,0.8735475107654005,0.9689560513303787,0.8735475156055741
108,2,edge,14,10,0.5826155150276308,426105,near_boundary,2,0.800000011920929,10.04,frequency_high_E2_source,task,0,4,4.382949416137544,9.608639604611014,0.9999999896719984,0.8905700814322068,0.8598302782806239,0.9654830048836275,0.8598302871609524
109,2,edge,14,10,0.5826155150276308,426105,near_boundary,2,0.800000011920929,10.04,frequency_high_E2_source,task,1,4,6.878681060131978,9.668676275499575,1.0000000336590196,0.892072466621081,0.8495095473201045,0.9522875989411569,0.849509518726447
119,2,edge,14,10,0.5826155150276308,426109,near_boundary,2,0.6000000238418579,10.04,frequency_high_identity,combined,-1,2,16.79745956376052,12.150910884118382,1.000000022216154,0.9390591141525817,0.8906928602364064,0.9484949848340255,0.8906928404486371
120,2,edge,14,10,0.5826155150276308,426109,near_boundary,2,0.6000000238418579,10.04,frequency_high_identity,task,0,2,16.916570979419095,13.843639904190052,0.9999999938572641,0.9587298477010189,0.9171026171339445,0.9565808546934319,0.9171026227674637
121,2,edge,14,10,0.5826155150276308,426109,near_boundary,2,0.6000000238418579,10.04,frequency_high_identity,task,1,2,15.777342306579289,12.523504542226663,0.9999999882222649,0.9440693801886345,0.903370911973529,0.9568903842565326,0.9033709226131925
122,2,edge,14,10,0.5826155150276308,426109,near_boundary,2,0.6000000238418579,10.04,frequency_high_E2_source,combined,-1,2,16.82701987418803,12.278543021500084,1.000000047499146,0.9408240321313439,0.8931828322469503,0.9493622630190821,0.8931827898215305
123,2,edge,14,10,0.5826155150276308,426109,near_boundary,2,0.6000000238418579,10.04,frequency_high_E2_source,task,0,2,16.620915737239006,13.81878023353487,0.9999999709926469,0.9584929118304572,0.9176370462865987,0.9573748902682702,0.9176370729048212
124,2,edge,14,10,0.5826155150276308,426109,near_boundary,2,0.6000000238418579,10.04,frequency_high_E2_source,task,1,2,15.683622990119616,12.498908155466781,1.0000000336690538,0.9437517598527645,0.9033740279858486,0.9572157281346789,0.903373997570101
140,2,edge,14,10,0.5826155150276308,426110,near_boundary,4,0.699999988079071,10.04,frequency_high_identity,combined,-1,4,5.456916630739872,10.062504208809369,0.9999999778115645,0.9014288854353321,0.8705918412288131,0.965790929595487,0.8705918605458844
141,2,edge,14,10,0.5826155150276308,426110,near_boundary,4,0.699999988079071,10.04,frequency_high_identity,task,0,4,6.193184376078065,10.516476461987672,1.0000000295515796,0.9112124193670912,0.8854430331363792,0.9717196718536707,0.8854430069701397
142,2,edge,14,10,0.5826155150276308,426110,near_boundary,4,0.699999988079071,10.04,frequency_high_identity,task,1,4,8.086118553325397,10.662259321971309,0.9999999856704088,0.9141433114261233,0.8852867241976984,0.9684331910896917,0.8852867368834954
143,2,edge,14,10,0.5826155150276308,426110,near_boundary,4,0.699999988079071,10.04,frequency_high_identity,task,2,4,5.75326688700776,9.742121771533604,1.0000000077196287,0.8938823082801867,0.8580684334884102,0.959934462892904,0.8580684268644405
144,2,edge,14,10,0.5826155150276308,426110,near_boundary,4,0.699999988079071,10.04,frequency_high_identity,task,3,4,9.047073505459414,11.522984071474706,1.000000016434663,0.9295791117634391,0.8971699666152102,0.9651356783536715,0.8971699518705244
145,2,edge,14,10,0.5826155150276308,426110,near_boundary,4,0.699999988079071,10.04,frequency_high_E2_source,combined,-1,4,5.4716045831106435,10.14640041952411,1.000000036943216,0.9033148426962502,0.8724741747132452,0.9658583402759656,0.8724741424812444
146,2,edge,14,10,0.5826155150276308,426110,near_boundary,4,0.699999988079071,10.04,frequency_high_E2_source,task,0,4,6.044728651626281,10.546034962779016,1.000000026574105,0.9118146618856047,0.8858406703669099,0.9715139571621043,0.8858406468264877
147,2,edge,14,10,0.5826155150276308,426110,near_boundary,4,0.699999988079071,10.04,frequency_high_E2_source,task,1,4,8.24527917429429,10.818224568058517,1.0000000032578167,0.9171719327334863,0.8880511050979507,0.9682493253486883,0.8880511022048431
148,2,edge,14,10,0.5826155150276308,426110,near_boundary,4,0.699999988079071,10.04,frequency_high_E2_source,task,2,4,5.64970898464972,9.804996168019006,0.9999999910973385,0.8954075306954495,0.8590371564374281,0.9593812057513375,0.8590371640851452
149,2,edge,14,10,0.5826155150276308,426110,near_boundary,4,0.699999988079071,10.04,frequency_high_E2_source,task,3,4,9.195419760912486,11.641717383451136,0.9999999707719351,0.9314782518645256,0.8986637896020204,0.964771628111745,0.8986638158682247
159,2,edge,14,10,0.5826155150276308,426102,stress,2,0.699999988079071,10.04,frequency_high_identity,combined,-1,2,13.104118348696927,11.625269766256883,0.9999999876036433,0.9312182698016983,0.8778358998627138,0.9426746965023011,0.8778359107446809
160,2,edge,14,10,0.5826155150276308,426102,stress,2,0.699999988079071,10.04,frequency_high_identity,task,0,2,12.92806250502059,12.668554444781208,1.0000000141335144,0.945906578995791,0.9084117860013332,0.9603609977697125,0.9084117731622824
161,2,edge,14,10,0.5826155150276308,426102,stress,2,0.699999988079071,10.04,frequency_high_identity,task,1,2,16.26692520616689,14.03530990619313,1.0000000263726445,0.9605116733279443,0.9206359341050409,0.9584848989031611,0.9206359098254373
162,2,edge,14,10,0.5826155150276308,426102,stress,2,0.699999988079071,10.04,frequency_high_E2_source,combined,-1,2,13.195656053190387,11.629652823627302,0.9999999891847695,0.93128765326026,0.8773599813654,0.9420934319207718,0.8773599908542505
163,2,edge,14,10,0.5826155150276308,426102,stress,2,0.699999988079071,10.04,frequency_high_E2_source,task,0,2,12.980495116219688,12.619026384292294,0.9999999788410572,0.9452861191501913,0.9077999855939572,0.9603441404704705,0.9078000048020456
164,2,edge,14,10,0.5826155150276308,426102,stress,2,0.699999988079071,10.04,frequency_high_E2_source,task,1,2,16.347429056977553,14.016413295393388,0.9999999827983901,0.9603394391525473,0.9202988200628306,0.9583057641316381,0.9202988358934522
180,2,edge,14,10,0.5826155150276308,426113,stress,4,0.800000011920929,10.04,frequency_high_identity,combined,-1,2,14.644030840242575,13.784992841061484,1.0000000487074787,0.9581688088500071,0.9098118964557691,0.9495319489138079,0.9098118521411277
181,2,edge,14,10,0.5826155150276308,426113,stress,4,0.800000011920929,10.04,frequency_high_identity,task,0,2,12.502462469095732,12.055017051196552,0.999999947489487,0.937698480625522,0.8979247740731565,0.9575836930802819,0.8979248212236496
182,2,edge,14,10,0.5826155150276308,426113,stress,4,0.800000011920929,10.04,frequency_high_identity,task,1,2,16.50863663660214,13.865675248230012,0.9999999749809734,0.9589386967926274,0.9184326685704248,0.9577595227331178,0.9184326915487168
183,2,edge,14,10,0.5826155150276308,426113,stress,4,0.800000011920929,10.04,frequency_high_identity,task,2,2,14.308158451938592,12.061182468145228,0.9999999470452605,0.9377868630948745,0.8827548842107689,0.9413171787217304,0.8827549309568262
184,2,edge,14,10,0.5826155150276308,426113,stress,4,0.800000011920929,10.04,frequency_high_identity,task,3,2,14.662871683501322,12.379824417779272,0.9999999840730408,0.9421880430041147,0.8870937527438199,0.9415251650990711,0.8870937668725261
185,2,edge,14,10,0.5826155150276308,426113,stress,4,0.800000011920929,10.04,frequency_high_E2_source,combined,-1,2,15.420215743735808,13.777151037523987,1.0000000668288322,0.9580932257354988,0.9095687024513948,0.9493530253834607,0.9095686416659846
186,2,edge,14,10,0.5826155150276308,426113,stress,4,0.800000011920929,10.04,frequency_high_E2_source,task,0,2,12.549782051598982,12.020416373783862,1.0000000465020786,0.9372002288337994,0.8973880497808462,0.9575200924753365,0.8973880080504385
187,2,edge,14,10,0.5826155150276308,426113,stress,4,0.800000011920929,10.04,frequency_high_E2_source,task,1,2,16.46916060299992,13.805521515948572,0.9999999822120397,0.9583660107027784,0.917896690003869,0.9577725834942404,0.9178967063313792
188,2,edge,14,10,0.5826155150276308,426113,stress,4,0.800000011920929,10.04,frequency_high_E2_source,task,2,2,14.175675184106385,11.988980763835755,1.0000000233115636,0.936743993023001,0.8816255480517619,0.9411595426479711,0.8816255274996924
189,2,edge,14,10,0.5826155150276308,426113,stress,4,0.800000011920929,10.04,frequency_high_E2_source,task,3,2,14.625042585259463,12.343393106108882,1.0000000225168906,0.941701077047466,0.886505240335413,0.941387093996845,0.886505220374072
199,2,interior,9,6,0.9661688989903746,426105,near_boundary,2,0.800000011920929,10.04,frequency_high_identity,combined,-1,4,5.59903388273939,10.112893780022814,1.0000000211574307,0.9025659989485864,0.8533839143886024,0.9455086003491413,0.8533838963331918
200,2,interior,9,6,0.9661688989903746,426105,near_boundary,2,0.800000011920929,10.04,frequency_high_identity,task,0,4,4.273414617592212,10.212810019398237,0.9999999742107306,0.9047819891777442,0.876174932089907,0.9683823756109082,0.876174954685819
201,2,interior,9,6,0.9661688989903746,426105,near_boundary,2,0.800000011920929,10.04,frequency_high_identity,task,1,4,8.020513222408034,10.329304671583133,0.9999999800785391,0.9073021593640349,0.8669802720080739,0.9555584796753661,0.8669802892795879
202,2,interior,9,6,0.9661688989903746,426105,near_boundary,2,0.800000011920929,10.04,frequency_high_E2_source,combined,-1,4,5.8999589319335755,10.232801644811353,1.00000002222324,0.905219336774154,0.8553887130000901,0.9449518787881391,0.8553886939905819
203,2,interior,9,6,0.9661688989903746,426105,near_boundary,2,0.800000011920929,10.04,frequency_high_E2_source,task,0,4,4.367140954313269,10.371533553423578,1.0000000372871536,0.9081991960755806,0.8792866552029689,0.9681649785668763,0.8792866224168736
204,2,interior,9,6,0.9661688989903746,426105,near_boundary,2,0.800000011920929,10.04,frequency_high_E2_source,task,1,4,8.249373835288237,10.5317776766812,1.0000000271726406,0.9115246863823964,0.8704348553322304,0.9549218669949129,0.8704348316802176
214,2,interior,9,6,0.9661688989903746,426109,near_boundary,2,0.6000000238418579,10.04,frequency_high_identity,combined,-1,4,4.252374493492669,12.805425409613921,0.9999999818871066,0.9475847572777474,0.9182089867518419,0.9689993213796546,0.9182090033832637
215,2,interior,9,6,0.9661688989903746,426109,near_boundary,2,0.6000000238418579,10.04,frequency_high_identity,task,0,4,4.498862336422846,12.012813705525057,1.0000000012309072,0.9370901540828056,0.9091080353316585,0.9701393525166903,0.909108034212631
216,2,interior,9,6,0.9661688989903746,426109,near_boundary,2,0.6000000238418579,10.04,frequency_high_identity,task,1,4,5.040690614251821,10.999011680642328,1.0000000324247307,0.9205491278755554,0.8886492284128844,0.9653468799255834,0.8886491995986734
217,2,interior,9,6,0.9661688989903746,426109,near_boundary,2,0.6000000238418579,10.04,frequency_high_E2_source,combined,-1,4,4.102140114461033,12.76442001785126,0.9999999539050909,0.9470874908560846,0.9175121953658526,0.9687723723776581,0.9175122376584958
218,2,interior,9,6,0.9661688989903746,426109,near_boundary,2,0.6000000238418579,10.04,frequency_high_E2_source,task,0,4,4.443325545997138,11.936767215319984,0.9999999758385221,0.9359788557715927,0.9080259567377951,0.9701351169832206,0.9080259786770447
219,2,interior,9,6,0.9661688989903746,426109,near_boundary,2,0.6000000238418579,10.04,frequency_high_E2_source,task,1,4,5.054298346579417,10.92322769446675,0.9999999714736307,0.9191504938626501,0.8870993450587011,0.9651295962761693,0.8870993703644253
235,2,interior,9,6,0.9661688989903746,426110,near_boundary,4,0.699999988079071,10.04,frequency_high_identity,combined,-1,4,5.943978737485098,10.301619520436805,0.9999999965768023,0.9067093621615374,0.8849357859709447,0.9759861570871112,0.8849357890002548
236,2,interior,9,6,0.9661688989903746,426110,near_boundary,4,0.699999988079071,10.04,frequency_high_identity,task,0,4,6.028612654187365,10.841537191929977,1.0000000181914661,0.9176153705236467,0.8887481018780474,0.9685409926937842,0.8887480857104167
237,2,interior,9,6,0.9661688989903746,426110,near_boundary,4,0.699999988079071,10.04,frequency_high_identity,task,1,4,7.630747286151908,10.351013789156806,0.999999993222801,0.9077643845341202,0.8782711710353147,0.9675100565727285,0.8782711769875333
238,2,interior,9,6,0.9661688989903746,426110,near_boundary,4,0.699999988079071,10.04,frequency_high_identity,task,2,4,5.552745513539634,11.447430791717178,0.9999999968334182,0.9283432777450997,0.8934139320681318,0.9623745369689005,0.8934139348972001
239,2,interior,9,6,0.9661688989903746,426110,near_boundary,4,0.699999988079071,10.04,frequency_high_identity,task,3,4,6.604063274435143,10.861295053011277,0.9999999932736321,0.9179892983802695,0.8919679878289929,0.9716540153603211,0.8919679938286977
240,2,interior,9,6,0.9661688989903746,426110,near_boundary,4,0.699999988079071,10.04,frequency_high_E2_source,combined,-1,4,5.987709985546187,10.337189067172432,0.9999999889087333,0.907470302892405,0.8857256330483061,0.9760381471715476,0.8857256428721254
241,2,interior,9,6,0.9661688989903746,426110,near_boundary,4,0.699999988079071,10.04,frequency_high_E2_source,task,0,4,6.097621499197739,10.798463213053576,1.0000000128976003,0.9167941968570453,0.8878315161507451,0.9684087434174539,0.8878315046998492
242,2,interior,9,6,0.9661688989903746,426110,near_boundary,4,0.699999988079071,10.04,frequency_high_E2_source,task,1,4,7.769818641396097,10.46187642295985,1.0000000097940158,0.9100891062700265,0.8813912865070387,0.9684670220033674,0.8813912778746785
243,2,interior,9,6,0.9661688989903746,426110,near_boundary,4,0.699999988079071,10.04,frequency_high_E2_source,task,2,4,5.596969719426628,11.511894107544904,1.0000000031090555,0.9293990456835304,0.895393778130219,0.9634115531845613,0.8953937753463901
244,2,interior,9,6,0.9661688989903746,426110,near_boundary,4,0.699999988079071,10.04,frequency_high_E2_source,task,3,4,6.508716573628121,10.924326804217399,0.9999999991086383,0.9191709780100747,0.8935730112653784,0.9721510280926039,0.8935730120618751
254,2,interior,9,6,0.9661688989903746,426102,stress,2,0.699999988079071,10.04,frequency_high_identity,combined,-1,4,7.124945596772485,11.297771102139755,0.9999999945768386,0.9258309153600828,0.9005399830293663,0.9726829900458875,0.90053998791314
255,2,interior,9,6,0.9661688989903746,426102,stress,2,0.699999988079071,10.04,frequency_high_identity,task,0,4,6.3944453477306284,10.28546065546138,0.9999999777490023,0.9063615905788411,0.8808972773690116,0.9719049069659197,0.8808972969698553
256,2,interior,9,6,0.9661688989903746,426102,stress,2,0.699999988079071,10.04,frequency_high_identity,task,1,4,7.553286276971897,10.831872439758563,0.9999999725334148,0.9174317863958849,0.8922547304678761,0.972557026798781,0.8922547549750673
257,2,interior,9,6,0.9661688989903746,426102,stress,2,0.699999988079071,10.04,frequency_high_E2_source,combined,-1,4,7.311239135063112,11.191530402903275,1.0000000044140815,0.9239941646720944,0.8991576768996784,0.9731205144772425,0.8991576729307231
258,2,interior,9,6,0.9661688989903746,426102,stress,2,0.699999988079071,10.04,frequency_high_E2_source,task,0,4,6.606374721886167,10.239922386863515,0.9999999976575111,0.9053745906989961,0.8802549318917159,0.9722549549486622,0.8802549339537032
259,2,interior,9,6,0.9661688989903746,426102,stress,2,0.699999988079071,10.04,frequency_high_E2_source,task,1,4,7.583798169057384,10.665478292173447,1.0000000165275154,0.9142069526198957,0.8894400581204862,0.972908875360843,0.8894400434202522
275,2,interior,9,6,0.9661688989903746,426113,stress,4,0.800000011920929,10.04,frequency_high_identity,combined,-1,4,6.1303264331968235,9.921741194299022,0.999999986704681,0.8981816789228456,0.8705235576992084,0.9692065404219706,0.8705235692730969
276,2,interior,9,6,0.9661688989903746,426113,stress,4,0.800000011920929,10.04,frequency_high_identity,task,0,4,7.4547777007090605,10.783557830578518,0.9999999879882565,0.9165081134704762,0.8894201036831744,0.970444331709482,0.8894201143666607
277,2,interior,9,6,0.9661688989903746,426113,stress,4,0.800000011920929,10.04,frequency_high_identity,task,1,4,7.630702896383919,10.367536600931665,1.0000000391269073,0.9081146715747678,0.8763593077855969,0.965031548566324,0.8763592734963689
278,2,interior,9,6,0.9661688989903746,426113,stress,4,0.800000011920929,10.04,frequency_high_identity,task,2,4,4.4740954647706035,10.493694533544208,0.9999999713914087,0.9107453865567884,0.8795405108384485,0.9657369928204472,0.8795405360008642
279,2,interior,9,6,0.9661688989903746,426113,stress,4,0.800000011920929,10.04,frequency_high_identity,task,3,4,3.460127343086135,8.734842457535315,1.0000000324301637,0.866181652335493,0.8412141103155059,0.9711751663722419,0.8412140830347955
280,2,interior,9,6,0.9661688989903746,426113,stress,4,0.800000011920929,10.04,frequency_high_E2_source,combined,-1,4,6.1149409506797845,9.7693404597651,0.9999999735702784,0.8945452730819877,0.866798494002118,0.9689822528665615,0.8667985169113614
281,2,interior,9,6,0.9661688989903746,426113,stress,4,0.800000011920929,10.04,frequency_high_E2_source,task,0,4,7.459529812845933,10.673522267901763,0.9999999903452345,0.9143656869949451,0.887396353445691,0.9705048713738498,0.8873963620132949
282,2,interior,9,6,0.9661688989903746,426113,stress,4,0.800000011920929,10.04,frequency_high_E2_source,task,1,4,7.472814203133047,10.223553285918927,0.9999999867228817,0.905017252852796,0.8730564472965265,0.9646848660005954,0.8730564588882004
283,2,interior,9,6,0.9661688989903746,426113,stress,4,0.800000011920929,10.04,frequency_high_E2_source,task,2,4,4.571312958151714,10.395381526284568,0.999999995482504,0.9087018732282066,0.8769992036779054,0.9651121336003458,0.8769992076397458
284,2,interior,9,6,0.9661688989903746,426113,stress,4,0.800000011920929,10.04,frequency_high_E2_source,task,3,4,3.506692888597929,8.70525274271756,0.9999999810862497,0.8652667522851561,0.8405615232039525,0.9714478465560389,0.8405615391021236
