case_id,build_return_code,solve_return_code,memory_aborted,free_memory_gib_before,minimum_free_memory_gib,touchstone_exists,topology_warning_count
cps_w0p45_l0p8,0,0,False,12.533424377441406,10.341381072998047,True,0
cps_w0p45_l1p6,0,0,False,12.495594024658203,10.302204132080078,True,0
cps_w0p45_l2p4,0,0,False,12.477741241455078,10.457389831542969,True,0
cps_w0p80_l0p8,0,0,False,12.557418823242188,10.037845611572266,True,0
cps_w0p80_l1p6,0,0,False,12.406013488769531,10.085731506347656,True,0
cps_w0p80_l2p4,0,0,False,12.419353485107422,9.964038848876953,True,0
cps_w1p05_l0p8,0,0,False,12.466548919677734,9.570865631103516,True,0
cps_w1p05_l1p6,0,0,False,12.286273956298828,9.552459716796875,True,0
cps_w1p05_l2p4,0,0,False,12.328498840332031,10.017982482910156,True,0
